ref,PASS
J1,True
CF0,True
CF1,True
CF2,True
CF3,True
C_ADC0,True
C_ADC1,True
C_ADC2,True
C_ADC3,True
C_ADCA1,True
C_ADCA2,True
C_ADCD,True
C_ADC_REFCAP,True
C_ADC_REFIO,True
C_AVDD30A,True
C_AVDD30B,True
C_AVDD30_HF,True
C_AVDD9A,True
C_AVDD9B,True
C_AVDD9_HF,True
C_BUF,True
C_DIV,True
C_DVDD34A,True
C_DVDD34B,True
C_LDO_IN,True
C_LDO_OUT,True
C_MCU1,True
C_MCU_BULK,True
C_MUX,True
C_PWR,True
C_REF,True
C_REFCAP_BULKA,True
C_REFCAP_BULKB,True
C_REFIO_B,True
C_ROW_HF0,True
C_ROW_HF1,True
C_ROW_HF2,True
C_ROW_HF3,True
C_ROW_OP,True
C_RST,True
C_TIA_HF0,True
C_TIA_HF1,True
C_TIA_HF2,True
C_TIA_HF3,True
C_TIA_OP,True
C_U13,True
C_U14,True
C_U15,True
C_VCM_HF,True
C_VEX_HF,True
D_J3_1,True
D_J3_3,True
D_J3_4,True
D_J3_5,True
D_J4_1,True
D_J4_3,True
D_J4_4,True
D_ROW0,True
D_ROW1,True
D_ROW2,True
D_ROW3,True
D_TIA0,True
D_TIA1,True
D_TIA2,True
D_TIA3,True
D_VCM,True
D_VEX,True
J2,True
J3,True
J4,True
RD_B1,True
RD_B2,True
RD_B3,True
RD_B4,True
RD_B5,True
RD_B6,True
RD_B7,True
RD_B8,True
RD_B9,True
RD_TOP,True
RF0,True
RF1,True
RF2,True
RF3,True
R_ADC0,True
R_ADC1,True
R_ADC2,True
R_ADC3,True
R_ADC_RESET_PD,True
R_COL_SENSE0,True
R_COL_SENSE1,True
R_COL_SENSE2,True
R_COL_SENSE3,True
R_CS_PU,True
R_ENABLE_PD,True
R_HW_PD,True
R_ISO0,True
R_ISO1,True
R_ISO2,True
R_ISO3,True
R_J3_1,True
R_J3_3,True
R_J3_4,True
R_J3_5,True
R_J4_1,True
R_J4_3,True
R_J4_4,True
R_ROW_FB0,True
R_ROW_FB1,True
R_ROW_FB2,True
R_ROW_FB3,True
R_RST,True
R_SEL_PD0,True
R_SEL_PD1,True
R_SEL_PD2,True
R_SEL_PD3,True
R_TIA_ISO0,True
R_TIA_ISO1,True
R_TIA_ISO2,True
R_TIA_ISO3,True
R_VCM_FB,True
R_VCM_ISO,True
R_VEX_FB,True
R_VEX_ISO,True
U1,True
U10,True
U10_BLEED,True
U10_EN_G,True
U10_EN_R,True
U10_IN_CAP,True
U10_OUT_CAP,True
U10_OV_B1,True
U10_OV_B2,True
U10_OV_T,True
U10_PG_B,True
U10_PG_T,True
U11,True
U11_BOT,True
U11_CT_C,True
U11_SENSE_C,True
U11_TOP0,True
U11_TOP1,True
U11_TOP2,True
U11_TOP3,True
U11_TOP4,True
U11_VDD_C,True
U12,True
U12_BOT,True
U12_CT_C,True
U12_SENSE_C,True
U12_TOP0,True
U12_TOP1,True
U12_TOP2,True
U12_TOP3,True
U12_VDD_C,True
U13,True
U14,True
U15,True
U2,True
U3,True
U4,True
U5,True
U6,True
U7,True
U8,True
U9,True
U9_BLEED,True
U9_EN_G,True
U9_EN_R,True
U9_IN_CAP,True
U9_OUT_CAP,True
U9_OV_B1,True
U9_OV_B2,True
U9_OV_T,True
U9_PG_B,True
U9_PG_T,True
