frequency,yer,yei,yfr,yfi
1,9.9991941854108e-09,-0,-4.91203623054479e-30,1.59154943091895e-13
1.02329299228075,9.99919723304843e-09,-0,-4.69095818216287e-30,1.55532134288504e-13
1.0471285480509,9.99919623774535e-09,-0,-4.47983028554107e-30,1.51991790681424e-13
1.07151930523761,9.99920851083034e-09,-0,-4.27820470910651e-30,1.48532035133612e-13
1.09647819614319,9.99920552481701e-09,-0,-4.08565377873581e-30,1.45151033236882e-13
1.12201845430196,9.99921005573157e-09,-0,-3.90176906782662e-30,1.41846992339275e-13
1.14815362149688,9.99919748868444e-09,-0,-3.72616053222932e-30,1.38618160594573e-13
1.17489755493953,9.99920950577403e-09,-0,-3.55845568225721e-30,1.35462826033447e-13
1.20226443461741,9.99921555971567e-09,-0,-3.39829879446047e-30,1.32379315655746e-13
1.23026877081238,9.99919172138846e-09,-0,-3.24535015358718e-30,1.29365994543453e-13
1.25892541179417,9.9991855850158e-09,-0,-3.09928533604308e-30,1.26421264993829e-13
1.28824955169313,9.99919402511005e-09,-0,-2.95979451796321e-30,1.23543565672287e-13
1.31825673855641,9.99922400429171e-09,0.0009765625,-2.8265818209278e-30,1.20731370784558e-13
1.34896288259165,9.99921167579072e-09,0.0009765625,-2.69936468266948e-30,1.17983189267687e-13
1.38038426460288,9.99919632951834e-09,-0,-2.57787325867283e-30,1.15297563999458e-13
1.41253754462275,9.99920377311752e-09,-0,-2.46184984979695e-30,1.12673071025805e-13
1.44543977074593,9.99920059362868e-09,-0,-2.35104835447751e-30,1.10108318805814e-13
1.47910838816821,9.99920730437047e-09,-0,-2.24523374798793e-30,1.0760194747391e-13
1.51356124843621,9.99919732873935e-09,-0,-2.14418158317258e-30,1.05152628118837e-13
1.54881661891248,9.99920152641967e-09,-0,-2.0476775150002e-30,1.02759062079052e-13
1.58489319246111,9.99920247858609e-09,-0,-1.9555168452542e-30,1.00419980254159e-13
1.62181009735893,9.99917815330513e-09,-0,-1.8675040891588e-30,9.81341424320114e-14
1.65958690743756,9.9992194588014e-09,-0,-1.7834525595447e-30,9.59003366311405e-14
1.69824365246174,9.99919880615407e-09,-0,-1.70318397183281e-30,9.37173784581425e-14
1.73780082874937,9.99920288649586e-09,-0,-1.62652806566405e-30,9.15841104796991e-14
1.77827941003892,9.9991793174303e-09,-0,-1.55332224373978e-30,8.94994016088911e-14
1.81970085860998,9.99919711381758e-09,-0,-1.48341122641762e-30,8.74621465054807e-14
1.86208713666287,9.99921545481671e-09,-0,-1.41664672332769e-30,8.5471264989846e-14
1.90546071796325,9.99920597925533e-09,-0,-1.35288711776071e-30,8.35257014702547e-14
1.94984459975804,9.9992139108619e-09,0.001953125,-1.29199716737904e-30,8.16244243831764e-14
1.99526231496888,9.99918456504288e-09,-0,-1.23384771577378e-30,7.9766425646333e-14
2.04173794466953,9.99920024171673e-09,-0,-1.17831542080356e-30,7.79507201242008e-14
2.08929613085404,9.99917841896542e-09,-0,-1.12528249081786e-30,7.61763451056782e-14
2.13796208950223,9.99919941476808e-09,-0,-1.07463643599174e-30,7.44423597936437e-14
2.18776162394955,9.99920385757646e-09,-0,-1.02626982906275e-30,7.2747844806133e-14
2.23872113856834,9.99923738673297e-09,0.001953125,-9.80080078229832e-31,7.109190168887e-14
2.29086765276777,9.99919584994505e-09,-0,-9.35969208230738e-31,6.9473652438895e-14
2.34422881531992,9.99921221448878e-09,-0,-8.9384365457656e-31,6.78922390390357e-14
2.39883291901949,9.99922215862929e-09,0.001953125,-8.5361406326436e-31,6.63468230029748e-14
2.45470891568503,9.99921452811162e-09,-0,-8.1519510164759e-31,6.48365849306742e-14
2.51188643150958,9.99919970587324e-09,-0,-7.78505278258583e-31,6.33607240739174e-14
2.57039578276886,9.99919920253242e-09,-0,-7.43466768852603e-31,6.1918457911743e-14
2.63026799189538,9.99922026242868e-09,-0,-7.10005252320748e-31,6.0509021735541e-14
2.69153480392691,9.99918584840936e-09,-0,-6.78049751929969e-31,5.91316682435949e-14
2.75422870333816,9.99920443975258e-09,0.001953125,-6.47532486134851e-31,5.77856671448516e-14
2.81838293126445,9.99920589935792e-09,-0,-6.18388723376156e-31,5.64703047717123e-14
2.8840315031266,9.99919826519883e-09,-0,-5.90556646168944e-31,5.51848837016358e-14
2.95120922666638,9.99921739518425e-09,-0,-5.63977218689657e-31,5.39287223873562e-14
3.01995172040201,9.99920760744356e-09,-0,-5.38594062484183e-31,5.27011547955174e-14
3.09029543251359,9.99919911016147e-09,-0,-5.14353336563758e-31,5.15015300535334e-14
3.16227766016837,9.99918997728265e-09,-0,-4.91203623010726e-31,5.03292121044871e-14
3.23593656929628,9.99922442723068e-09,-0,-4.69095818280287e-31,4.91835793698845e-14
3.3113112148259,9.99919659693069e-09,-0,-4.47983028537089e-31,4.80640244200855e-14
3.38844156139202,9.99919405108024e-09,-0,-4.27820470920208e-31,4.69699536522366e-14
3.46736850452531,9.99922178049343e-09,-0,-4.08565377877557e-31,4.59007869755349e-14
3.54813389233575,9.99919217068426e-09,-0,-3.90176906730286e-31,4.48559575036564e-14
3.63078054770101,9.99922753879782e-09,0.00390625,-3.72616053271143e-31,4.38349112541851e-14
3.71535229097172,9.99923255506719e-09,0.00390625,-3.55845568281713e-31,4.28371068548845e-14
3.8018939632056,9.99919633399727e-09,-0,-3.39829879446944e-31,4.18620152566544e-14
3.8904514499428,9.99922260925827e-09,0.00390625,-3.24535015411294e-31,4.09091194530227e-14
3.98107170553497,9.99919970460959e-09,-0,-3.09928533594978e-31,3.99779142060212e-14
4.07380277804112,9.99920915644868e-09,-0,-2.95979451776463e-31,3.9067905778302e-14
4.16869383470335,9.99923152461718e-09,0.00390625,-2.82658182088091e-31,3.81786116713513e-14
4.26579518801592,9.99919920543662e-09,-0,-2.69936468231466e-31,3.73095603696624e-14
4.36515832240165,9.99919039941193e-09,-0,-2.57787325876981e-31,3.64602910907319e-14
4.46683592150962,9.99920847853276e-09,0.00390625,-2.46184984982726e-31,3.56303535407468e-14
4.57088189614874,9.99921930787952e-09,0.00390625,-2.35104835468837e-31,3.48193076758324e-14
4.67735141287197,9.99920628060779e-09,-0,-2.24523374788186e-31,3.40267234687358e-14
4.78630092322637,9.99922120243277e-09,0.00390625,-2.1441815833653e-31,3.32521806808192e-14
4.89778819368445,9.99919354657347e-09,-0,-2.04767751486235e-31,3.24952686392443e-14
5.01187233627271,9.99918308809349e-09,-0,-1.95551684519826e-31,3.17555860192276e-14
5.12861383991364,9.99918729134739e-09,-0,-1.86750408896662e-31,3.10327406312532e-14
5.24807460249771,9.99922702022455e-09,0.00390625,-1.78345255970308e-31,3.03263492131283e-14
5.37031796370252,9.99919943364921e-09,-0,-1.70318397185351e-31,2.9636037226773e-14
5.49540873857623,9.99919823998219e-09,-0,-1.62652806575577e-31,2.89614386596346e-14
5.62341325190348,9.99919471843576e-09,-0,-1.55332224371086e-31,2.83021958306235e-14
5.75439937337156,9.99919825123741e-09,-0,-1.48341122650608e-31,2.76579592004656e-14
5.88843655355588,9.9991862719194e-09,-0,-1.41664672317265e-31,2.70283871863722e-14
6.02559586074356,9.99920760232437e-09,-0,-1.35288711768684e-31,2.6413145980928e-14
6.16595001861481,9.9992031864469e-09,-0,-1.29199716722651e-31,2.58119093751022e-14
6.30957344480192,9.99920148639606e-09,-0,-1.23384771573269e-31,2.52243585852881e-14
6.45654229034654,9.99919798724402e-09,-0,-1.17831542091478e-31,2.46501820842798e-14
6.60693448007594,9.99921833442192e-09,-0,-1.12528249108801e-31,2.40890754360963e-14
6.7608297539198,9.99918468093784e-09,-0,-1.07463643588958e-31,2.35407411345657e-14
6.91830970918935,9.99920203229963e-09,0.0078125,-1.02626982925272e-31,2.30048884455831e-14
7.07945784384136,9.99920275135958e-09,-0,-9.80080077997942e-32,2.24812332529601e-14
7.24435960074988,9.99922009442475e-09,0.0078125,-9.359692083423e-32,2.1969497907782e-14
7.41310241300916,9.99919346455584e-09,-0,-8.93843654636124e-32,2.14694110811954e-14
7.58577575029182,9.99918837733929e-09,-0,-8.53614063073685e-32,2.09807076205453e-14
7.7624711662869,9.99919485598273e-09,-0,-8.15195101689389e-32,2.05031284087881e-14
7.94328234724279,9.9991989791389e-09,-0,-7.78505278265717e-32,2.00364202271042e-14
8.12830516164097,9.99922380230711e-09,-0,-7.434667689577e-32,1.95803356206381e-14
8.31763771102669,9.99920716097827e-09,-0,-7.10005252260813e-32,1.91346327672945e-14
8.51138038202374,9.99920768692022e-09,-0,-6.78049751954066e-32,1.86990753495208e-14
8.70963589956078,9.99919825565567e-09,-0,-6.47532486083925e-32,1.8273432429009e-14
8.91250938133743,9.99921406860111e-09,-0,-6.18388723436278e-32,1.78574783242486e-14
9.12010839355907,9.99922126198812e-09,0.0078125,-5.90556646188363e-32,1.74509924908673e-14
9.33254300796988,9.99919163258923e-09,-0,-5.63977218631879e-32,1.70537594046959e-14
9.54992586021433,9.99918837638652e-09,-0,-5.38594062520322e-32,1.6665568447494e-14
9.77237220955808,9.99921575437434e-09,-0,-5.14353336605868e-32,1.62862137952779e-14
9.99999999999997,9.99919926092744e-09,-0,-4.91203623033972e-32,1.59154943091896e-14
10.2329299228075,9.99922320175161e-09,0.0078125,-4.69095818276666e-32,1.55532134288504e-14
10.471285480509,9.99921749661893e-09,-0,-4.47983028584953e-32,1.51991790681424e-14
10.715193052376,9.99918403751687e-09,-0,-4.27820470887931e-32,1.48532035133612e-14
10.9647819614318,9.9992333507838e-09,0.0078125,-4.08565377965388e-32,1.45151033236882e-14
11.2201845430196,9.9991986660848e-09,-0,-3.90176906760654e-32,1.41846992339275e-14
11.4815362149688,9.99918583373871e-09,-0,-3.72616053197558e-32,1.38618160594573e-14
11.7489755493953,9.99921845059219e-09,-0,-3.55845568278486e-32,1.35462826033447e-14
12.0226443461741,9.9991972533761e-09,-0,-3.39829879452692e-32,1.32379315655746e-14
12.3026877081238,9.99919796563809e-09,-0,-3.245350153839e-32,1.29365994543454e-14
12.5892541179416,9.99920475410651e-09,-0,-3.09928533570948e-32,1.26421264993829e-14
12.8824955169313,9.99918094804587e-09,-0,-2.95979451727032e-32,1.23543565672288e-14
13.182567385564,9.9992005863725e-09,-0,-2.82658182068735e-32,1.20731370784558e-14
13.4896288259165,9.99920482910708e-09,-0,-2.69936468247431e-32,1.17983189267687e-14
13.8038426460288,9.9991963295183e-09,-0,-2.57787325861856e-32,1.15297563999458e-14
14.1253754462275,9.9991930190807e-09,-0,-2.46184984980773e-32,1.12673071025805e-14
14.4543977074592,9.999193257275e-09,-0,-2.35104835446604e-32,1.10108318805815e-14
14.791083881682,9.99919228989187e-09,-0,-2.24523374793193e-32,1.07601947473911e-14
15.135612484362,9.99920116979199e-09,-0,-2.14418158301416e-32,1.05152628118837e-14
15.4881661891248,9.99920938746421e-09,-0,-2.04767751502831e-32,1.02759062079052e-14
15.8489319246111,9.99920247858605e-09,-0,-1.95551684540452e-32,1.00419980254159e-14
16.2181009735892,9.99922342668812e-09,0.015625,-1.86750408928573e-32,9.81341424320116e-15
16.5958690743755,9.99921103554035e-09,-0,-1.78345255951526e-32,9.59003366311408e-15
16.9824365246174,9.99920311588602e-09,0.015625,-1.7031839720017e-32,9.37173784581427e-15
17.3780082874937,9.99919406625874e-09,-0,-1.62652806571725e-32,9.15841104796994e-15
17.7827941003892,9.99919736880385e-09,-0,-1.55332224368275e-32,8.94994016088914e-15
18.1970085860998,9.99919018687602e-09,-0,-1.48341122654176e-32,8.7462146505481e-15
18.6208713666286,9.9992036409988e-09,-0,-1.41664672329507e-32,8.54712649898462e-15
19.0546071796324,9.99919630805766e-09,-0,-1.35288711781591e-32,8.3525701470255e-15
19.4984459975804,9.99920648851029e-09,-0,-1.29199716726136e-32,8.16244243831767e-15
19.9526231496887,9.99919722377677e-09,-0,-1.23384771588622e-32,7.97664256463333e-15
20.4173794466952,9.99921578602917e-09,-0,-1.17831542112447e-32,7.7950720124201e-15
20.8929613085403,9.9992314402521e-09,0.015625,-1.12528249117381e-32,7.61763451056784e-15
21.3796208950222,9.99922111729251e-09,-0,-1.07463643614642e-32,7.44423597936439e-15
21.8776162394954,9.99919830556613e-09,-0,-1.02626982913609e-32,7.27478448061332e-15
22.3872113856833,9.99920329873356e-09,-0,-9.80080078103813e-33,7.10919016888702e-15
22.9086765276776,9.99920457044775e-09,-0,-9.35969208268803e-33,6.94736524388952e-15
23.4422881531991,9.9991943672301e-09,-0,-8.93843654582788e-33,6.78922390390359e-15
23.9883291901948,9.99919172033808e-09,-0,-8.53614063151197e-33,6.6346823002975e-15
24.5470891568502,9.99919895446656e-09,-0,-8.15195101679954e-33,6.48365849306743e-15
25.1188643150957,9.99918376947139e-09,-0,-7.7850527820967e-33,6.33607240739176e-15
25.7039578276885,9.99920572557572e-09,-0,-7.43466768984715e-33,6.19184579117432e-15
26.3026799189537,9.99919356249056e-09,-0,-7.10005252277716e-33,6.05090217355412e-15
26.915348039269,9.99922000073375e-09,0.03125,-6.78049752063936e-33,5.9131668243595e-15
27.5422870333815,9.99920443975255e-09,-0,-6.47532486083215e-33,5.77856671448518e-15
28.1838293126444,9.99919874698311e-09,-0,-6.18388723432446e-33,5.64703047717125e-15
28.8403150312659,9.99920192468629e-09,-0,-5.90556646139055e-33,5.51848837016359e-15
29.5120922666637,9.99920990572841e-09,-0,-5.63977218738949e-33,5.39287223873563e-15
30.19951720402,9.99919611158206e-09,-0,-5.38594062534338e-33,5.27011547955175e-15
30.9029543251358,9.99920695258443e-09,-0,-5.14353336655579e-33,5.15015300535335e-15
31.6227766016837,9.99923010276508e-09,-0,-4.91203623126684e-33,5.03292121044873e-15
32.3593656929627,9.99920800318065e-09,-0,-4.69095818239869e-33,4.91835793698847e-15
33.113112148259,9.99920079858448e-09,-0,-4.47983028581781e-33,4.80640244200856e-15
33.8844156139201,9.99922844726347e-09,0.03125,-4.27820471007117e-33,4.69699536522367e-15
34.673685045253,9.99919978213509e-09,-0,-4.08565377887572e-33,4.5900786975535e-15
35.4813389233574,9.99919217068424e-09,-0,-3.90176906788437e-33,4.48559575036565e-15
36.30780547701,9.9992068071997e-09,-0,-3.72616053229883e-33,4.38349112541853e-15
37.1535229097171,9.99920662623498e-09,-0,-3.55845568278955e-33,4.28371068548846e-15
38.0189396320559,9.99920839435737e-09,0.03125,-3.3982987952007e-33,4.18620152566545e-15
38.9045144994279,9.99919052192506e-09,-0,-3.24535015416553e-33,4.09091194530228e-15
39.8107170553495,9.99920223035904e-09,-0,-3.0992853364343e-33,3.99779142060213e-15
40.7380277804111,9.99920398728517e-09,-0,-2.95979451796269e-33,3.90679057783021e-15
41.6869383470333,9.99922887983278e-09,0.03125,-2.82658182121959e-33,3.81786116713514e-15
42.6579518801591,9.99921544377254e-09,-0,-2.69936468294806e-33,3.73095603696625e-15
43.6515832240164,9.9992180937042e-09,0.03125,-2.57787325928927e-33,3.6460291090732e-15
44.6683592150961,9.99923681790797e-09,0.03125,-2.46184985043181e-33,3.56303535407469e-15
45.7088189614873,9.99919610829223e-09,-0,-2.35104835474339e-33,3.48193076758325e-15
46.7735141287196,9.99918847562645e-09,-0,-2.24523374788887e-33,3.40267234687359e-15
47.8630092322636,9.99919083624508e-09,-0,-2.14418158321631e-33,3.32521806808193e-15
48.9778819368444,9.99920597597625e-09,-0,-2.04767751530163e-33,3.24952686392444e-15
50.118723362727,9.99920216647466e-09,-0,-1.95551684562725e-33,3.17555860192277e-15
51.2861383991362,9.99920681412114e-09,-0,-1.86750408935511e-33,3.10327406312533e-15
52.480746024977,9.99918040601679e-09,-0,-1.78345255969097e-33,3.03263492131284e-15
53.703179637025,9.99923009792983e-09,0.0625,-1.70318397224767e-33,2.9636037226773e-15
54.9540873857622,9.99922613202083e-09,-0,-1.62652806610345e-33,2.89614386596346e-15
56.2341325190346,9.99920185386765e-09,-0,-1.55332224395032e-33,2.83021958306235e-15
57.5439937337154,9.99920920369361e-09,-0,-1.48341122679527e-33,2.76579592004657e-15
58.8843655355586,9.99922736634898e-09,-0,-1.41664672384388e-33,2.70283871863723e-15
60.2559586074355,9.99919231081822e-09,-0,-1.35288711806591e-33,2.64131459809281e-15
61.6595001861479,9.99920709836964e-09,-0,-1.29199716744072e-33,2.58119093751023e-15
63.095734448019,9.99920148639603e-09,-0,-1.23384771612386e-33,2.52243585852882e-15
64.5654229034652,9.99919798724399e-09,-0,-1.17831542120467e-33,2.46501820842799e-15
66.0693448007593,9.99919737591808e-09,-0,-1.12528249122149e-33,2.40890754360964e-15
67.6082975391978,9.99919754895186e-09,-0,-1.07463643631893e-33,2.35407411345657e-15
69.1830970918933,9.99919325380054e-09,-0,-1.02626982934518e-33,2.30048884455832e-15
70.7945784384134,9.99920948859199e-09,-0,-9.80080078352748e-34,2.24812332529601e-15
72.4435960074986,9.99920170999076e-09,-0,-9.35969208502962e-34,2.19694979077821e-15
74.1310241300914,9.99918876139021e-09,-0,-8.93843654869506e-34,2.14694110811955e-15
75.857757502918,9.99921244092131e-09,0.0625,-8.53614063578146e-34,2.09807076205454e-15
77.6247116628688,9.99919239357321e-09,-0,-8.15195102042378e-34,2.05031284087881e-15
79.4328234724277,9.99920149890524e-09,-0,-7.78505278538207e-34,2.00364202271043e-15
81.2830516164095,9.99920059617363e-09,-0,-7.43466769197887e-34,1.95803356206382e-15
83.1763771102667,9.99919660690102e-09,-0,-7.10005252565688e-34,1.91346327672945e-15
85.1138038202372,9.99920768692019e-09,-0,-6.7804975228432e-34,1.86990753495209e-15
87.0963589956076,9.99918167844231e-09,-0,-6.47532486309522e-34,1.82734324290091e-15
89.1250938133741,9.99919993247923e-09,-0,-6.18388723695682e-34,1.78574783242486e-15
91.2010839355905,9.99920390351477e-09,-0,-5.90556646444752e-34,1.74509924908674e-15
93.3254300796986,9.99920051399126e-09,-0,-5.63977218954164e-34,1.70537594046959e-15
95.4992586021431,9.99917928811002e-09,-0,-5.3859406277385e-34,1.66655684474941e-15
97.7237220955805,9.9992033544148e-09,-0,-5.14353336873798e-34,1.6286213795278e-15
99.9999999999995,9.99919608872949e-09,-0,-4.91203623345732e-34,1.59154943091896e-15
102.329299228075,9.99920047913627e-09,-0,-4.69095818546129e-34,1.55532134288505e-15
104.712854805089,9.9991942447259e-09,-0,-4.47983028834993e-34,1.51991790681424e-15
107.15193052376,9.9992010328734e-09,-0,-4.27820471191569e-34,1.48532035133613e-15
109.647819614318,9.99920900306281e-09,-0,-4.08565378158446e-34,1.45151033236882e-15
112.201845430196,9.99923781799544e-09,0.125,-3.90176907168524e-34,1.41846992339275e-15
114.815362149688,9.99921497110292e-09,-0,-3.72616053538754e-34,1.38618160594574e-15
117.489755493952,9.99922590460732e-09,0.125,-3.55845568579384e-34,1.35462826033447e-15
120.226443461741,9.99920869483829e-09,-0,-3.39829879750528e-34,1.32379315655747e-15
123.026877081237,9.99920967360617e-09,-0,-3.24535015675726e-34,1.29365994543454e-15
125.892541179416,9.99919676698534e-09,-0,-3.09928533905785e-34,1.26421264993829e-15
128.824955169313,9.99919320779349e-09,-0,-2.95979452068108e-34,1.23543565672288e-15
131.82567385564,9.99920058637247e-09,-0,-2.82658182347344e-34,1.20731370784558e-15
134.896288259164,9.99921766663881e-09,-0,-2.69936468556549e-34,1.17983189267687e-15
138.038426460288,9.99919632951828e-09,-0,-2.57787326153908e-34,1.15297563999458e-15
141.253754462275,9.99921542332397e-09,-0,-2.4618498528215e-34,1.12673071025805e-15
144.543977074592,9.99918637944342e-09,-0,-2.35104835739708e-34,1.10108318805815e-15
147.91083881682,9.9991969819164e-09,-0,-2.24523375068214e-34,1.07601947473911e-15
151.35612484362,9.99920837176573e-09,-0,-2.14418158627716e-34,1.05152628118838e-15
154.881661891247,9.99918727827633e-09,-0,-2.04767751765511e-34,1.02759062079053e-15
158.48931924611,9.9991949371937e-09,-0,-1.95551684794661e-34,1.00419980254159e-15
162.181009735892,9.99920542022894e-09,-0,-1.86750409195755e-34,9.81341424320119e-16
165.958690743755,9.99920050646405e-09,-0,-1.78345256237281e-34,9.5900336631141e-16
169.824365246173,9.99921119663347e-09,-0,-1.70318397490921e-34,9.3717378458143e-16
173.780082874937,9.99919957890689e-09,-0,-1.62652806870138e-34,9.15841104796996e-16
177.827941003891,9.99920583038519e-09,-0,-1.55332224665092e-34,8.94994016088916e-16
181.970085860997,9.99919884555291e-09,-0,-1.483411229291e-34,8.74621465054812e-16
186.208713666285,9.9992006875443e-09,-0,-1.41664672625971e-34,8.54712649898464e-16
190.546071796324,9.99920235255616e-09,-0,-1.35288712070285e-34,8.35257014702552e-16
194.984459975803,9.99922195174272e-09,-0,-1.29199717018021e-34,8.16244243831769e-16
199.526231496887,9.99919722377675e-09,-0,-1.23384771879163e-34,7.97664256463335e-16
204.173794466952,9.99921902442757e-09,0.25,-1.17831542390556e-34,7.79507201242012e-16
208.929613085403,9.9992016157783e-09,-0,-1.12528249385105e-34,7.61763451056786e-16
213.796208950222,9.99918381607857e-09,-0,-1.07463643885109e-34,7.44423597936442e-16
218.776162394954,9.99922259561116e-09,-0,-1.02626983214571e-34,7.27478448061334e-16
223.872113856832,9.99919974790026e-09,-0,-9.80080080965113e-35,7.10919016888704e-16
229.086765276776,9.99918276919092e-09,-0,-9.359692111006e-35,6.94736524388954e-16
234.422881531991,9.99920552176673e-09,-0,-8.9384365752009e-35,6.7892239039036e-16
239.883291901947,9.99920693948364e-09,-0,-8.53614066095397e-35,6.63468230029752e-16
245.470891568501,9.99919506105527e-09,-0,-8.151951046071e-35,6.48365849306745e-16
251.188643150956,9.99919572177273e-09,-0,-7.78505281173351e-35,6.33607240739178e-16
257.039578276885,9.99919349486946e-09,-0,-7.43466771824258e-35,6.19184579117433e-16
263.026799189536,9.99921024995184e-09,-0,-7.10005255181882e-35,6.05090217355414e-16
269.15348039269,9.99920292457151e-09,-0,-6.7804975488264e-35,5.91316682435952e-16
275.422870333815,9.99920880823181e-09,-0,-6.47532489025912e-35,5.77856671448519e-16
281.838293126443,9.99920992256868e-09,-0,-6.18388726418004e-35,5.64703047717126e-16
288.403150312659,9.99920649904563e-09,-0,-5.90556649053424e-35,5.51848837016361e-16
295.120922666636,9.99921926754815e-09,0.25,-5.63977221701929e-35,5.39287223873564e-16
301.9951720402,9.99919611158203e-09,-0,-5.38594065460746e-35,5.27011547955176e-16
309.029543251357,9.99918734652693e-09,-0,-5.14353339509127e-35,5.15015300535337e-16
316.227766016836,9.99923261060771e-09,0.25,-4.91203626054201e-35,5.03292121044874e-16
323.593656929626,9.99921826821187e-09,0.25,-4.69095821229745e-35,4.91835793698848e-16
331.131121482589,9.99921392875263e-09,-0,-4.47983031486015e-35,4.80640244200858e-16
338.8441561392,9.99918545203437e-09,-0,-4.27820473795958e-35,4.69699536522369e-16
346.736850452529,9.9992162809038e-09,0.25,-4.08565380815906e-35,4.59007869755351e-16
354.813389233573,9.99919779837568e-09,-0,-3.90176909704534e-35,4.48559575036567e-16
363.078054770099,9.99918089270205e-09,-0,-3.72616056111577e-35,4.38349112541854e-16
371.53522909717,9.99920367977676e-09,-0,-3.55845571162775e-35,4.28371068548847e-16
380.189396320558,9.99919934908725e-09,-0,-3.39829882371917e-35,4.18620152566546e-16
389.045144994278,9.99921520448902e-09,-0,-3.24535018352079e-35,4.09091194530229e-16
398.107170553494,9.99920538754586e-09,-0,-3.09928536530662e-35,3.99779142060214e-16
407.38027780411,9.9991975258308e-09,-0,-2.95979454666688e-35,3.90679057783022e-16
416.869383470332,9.99920243198893e-09,-0,-2.8265818497701e-35,3.81786116713515e-16
426.579518801589,9.99921206078585e-09,-0,-2.69936471197462e-35,3.73095603696626e-16
436.515832240163,9.99919732298495e-09,-0,-2.57787328795044e-35,3.64602910907322e-16
446.68359215096,9.9991943088451e-09,-0,-2.4618498790857e-35,3.5630353540747e-16
457.088189614872,9.99920335816322e-09,-0,-2.35104838361954e-35,3.48193076758326e-16
467.735141287195,9.9992404068219e-09,0.5,-2.24523377766465e-35,3.4026723468736e-16
478.630092322635,9.99920601933889e-09,-0,-2.14418161241547e-35,3.32521806808194e-16
489.778819368442,9.99920209178785e-09,-0,-2.04767754428305e-35,3.24952686392445e-16
501.187233627268,9.99921806512563e-09,0.5,-1.95551687470396e-35,3.17555860192278e-16
512.861383991361,9.99917834340935e-09,-0,-1.86750411815508e-35,3.10327406312533e-16
524.807460249769,9.99922618782793e-09,0.5,-1.78345258886769e-35,3.03263492131285e-16
537.031796370249,9.9992173211462e-09,0.5,-1.70318400123689e-35,2.96360372267731e-16
549.54087385762,9.99918690884142e-09,-0,-1.62652809482191e-35,2.89614386596347e-16
562.341325190345,9.99919293457772e-09,-0,-1.55332227276331e-35,2.83021958306236e-16
575.439937337152,9.99920464017015e-09,-0,-1.48341125562535e-35,2.76579592004658e-16
588.843655355584,9.99920868706276e-09,-0,-1.41664675265615e-35,2.70283871863723e-16
602.559586074353,9.99921142520085e-09,-0,-1.35288714701922e-35,2.64131459809282e-16
616.595001861477,9.99922910293516e-09,0.5,-1.29199719654423e-35,2.58119093751024e-16
630.957344480188,9.999201486396e-09,-0,-1.23384774511201e-35,2.52243585852883e-16
645.65422903465,9.99922614921024e-09,0.5,-1.17831545019017e-35,2.465018208428e-16
660.693448007591,9.99919737591806e-09,-0,-1.12528252014294e-35,2.40890754360965e-16
676.082975391976,9.99918414477053e-09,-0,-1.07463646512726e-35,2.35407411345658e-16
691.830970918931,9.99921794332913e-09,-0,-1.02626985832687e-35,2.30048884455832e-16
707.945784384132,9.9992038742316e-09,-0,-9.80080107177483e-36,2.24812332529602e-16
724.435960074984,9.99920745512634e-09,-0,-9.35969237414941e-36,2.19694979077822e-16
741.310241300911,9.99919464034719e-09,-0,-8.93843683831908e-36,2.14694110811955e-16
758.577575029177,9.99920040913025e-09,-0,-8.53614092429446e-36,2.09807076205454e-16
776.247116628685,9.99922932971551e-09,1,-8.15195130920082e-36,2.05031284087882e-16
794.328234724275,9.99922039715301e-09,-0,-7.78505307541995e-36,2.00364202271043e-16
812.830516164092,9.99921671154405e-09,-0,-7.4346679812692e-36,1.95803356206382e-16
831.763771102664,9.99919660690099e-09,-0,-7.10005281488368e-36,1.91346327672946e-16
851.138038202369,9.99920093697438e-09,-0,-6.78049781164005e-36,1.86990753495209e-16
870.963589956073,9.99920239995894e-09,-0,-6.47532515278869e-36,1.82734324290091e-16
891.250938133738,9.99922113666198e-09,-0,-6.18388752593369e-36,1.78574783242487e-16
912.010839355902,9.99920390351473e-09,-0,-5.90556675346799e-36,1.74509924908674e-16
933.254300796983,9.99920051399123e-09,-0,-5.63977247900634e-36,1.7053759404696e-16
954.992586021428,9.99920579558306e-09,-0,-5.38594091747688e-36,1.66655684474941e-16
977.237220955802,9.99921110438946e-09,-0,-5.14353365796143e-36,1.6286213795278e-16
999.999999999991,9.99920401922426e-09,-0,-4.9120365225828e-36,1.59154943091897e-16
1023.29299228075,9.99920859435599e-09,-0,-4.69095847428169e-36,1.55532134288505e-16
1047.12854805089,9.99920670109712e-09,-0,-4.47983057729282e-36,1.51991790681425e-16
1071.5193052376,9.99919678403423e-09,-0,-4.27820500122537e-36,1.48532035133613e-16
1096.47819614317,9.99917422060425e-09,-0,-4.08565407008581e-36,1.45151033236883e-16
1122.01845430195,9.99920889897048e-09,-0,-3.90176936035997e-36,1.41846992339276e-16
1148.15362149687,9.99922635288579e-09,1,-3.7261608245756e-36,1.38618160594574e-16
1174.89755493952,9.99920028143018e-09,-0,-3.55845597459972e-36,1.35462826033448e-16
1202.2644346174,9.9992063112003e-09,-0,-3.39829908666682e-36,1.32379315655747e-16
1230.26877081237,9.99920235612607e-09,-0,-3.24535044585439e-36,1.29365994543454e-16
1258.92541179416,9.99923919856639e-09,1,-3.09928562861238e-36,1.2642126499383e-16
1288.24955169312,9.99920342424982e-09,-0,-2.95979480990103e-36,1.23543565672288e-16
1318.2567385564,9.99920319997949e-09,-0,-2.82658211277829e-36,1.20731370784559e-16
1348.96288259164,9.99920696869565e-09,-0,-2.69936497455615e-36,1.17983189267688e-16
1380.38426460287,9.99920453986592e-09,-0,-2.57787355083897e-36,1.15297563999459e-16
1412.53754462274,9.99919581961105e-09,-0,-2.4618501418562e-36,1.12673071025806e-16
1445.43977074591,9.99920643978541e-09,-0,-2.35104864656382e-36,1.10108318805815e-16
1479.10838816819,9.99920284694705e-09,-0,-2.24523403988654e-36,1.07601947473911e-16
1513.56124843619,9.99920537094329e-09,-0,-2.14418187525589e-36,1.05152628118838e-16
1548.81661891247,9.99920263187897e-09,-0,-2.04767780706565e-36,1.02759062079053e-16
1584.8931924611,9.99921064842769e-09,-0,-1.95551713774192e-36,1.00419980254159e-16
1621.81009735892,9.9991957739115e-09,-0,-1.86750438111374e-36,9.81341424320122e-17
1659.58690743755,9.99920050646402e-09,-0,-1.78345285145223e-36,9.59003366311413e-17
1698.24365246173,9.99923476548023e-09,2,-1.70318426422866e-36,9.37173784581433e-17
1737.80082874936,9.99920302431197e-09,-0,-1.62652835779259e-36,9.15841104796999e-17
1778.27941003891,9.99920935604406e-09,-0,-1.55332253580379e-36,8.94994016088919e-17
1819.70085860997,9.99920245333492e-09,-0,-1.48341151855759e-36,8.74621465054815e-17
1862.08713666285,9.99921545481662e-09,-0,-1.41664701547291e-36,8.54712649898467e-17
1905.46071796323,9.99920613036771e-09,-0,-1.35288740995589e-36,8.35257014702555e-17
1949.84459975803,9.99920262270211e-09,-0,-1.29199745922146e-36,8.16244243831772e-17
1995.26231496886,9.99921304719412e-09,2,-1.23384800794977e-36,7.97664256463337e-17
2041.73794466951,9.99920283243539e-09,-0,-1.17831571302475e-36,7.79507201242015e-17
2089.29613085402,9.99919333120222e-09,-0,-1.12528278298604e-36,7.61763451056789e-17
2137.96208950221,9.99920500995008e-09,-0,-1.07463672815718e-36,7.44423597936444e-17
2187.76162394953,9.99919223305481e-09,-0,-1.02627012112873e-36,7.27478448061336e-17
2238.72113856832,9.99919087081706e-09,-0,-9.80080370171566e-37,7.10919016888706e-17
2290.86765276775,9.99919185304788e-09,-0,-9.35969500358131e-37,6.94736524388957e-17
2344.2288153199,9.99920552176669e-09,-0,-8.93843946689574e-37,6.78922390390363e-17
2398.83291901947,9.99920456149211e-09,-0,-8.53614355243399e-37,6.63468230029754e-17
2454.70891568501,9.9991926276732e-09,-0,-8.15195393646323e-37,6.48365849306747e-17
2511.88643150955,9.99922062240054e-09,2,-7.78505570471082e-37,6.3360724073918e-17
2570.39578276884,9.99921387937981e-09,-0,-7.43467061010027e-37,6.19184579117436e-17
2630.26799189535,9.99919199804101e-09,-0,-7.10005544356597e-37,6.05090217355416e-17
2691.53480392689,9.99920025642113e-09,-0,-6.78050044014149e-37,5.91316682435954e-17
2754.22870333814,9.99920334763267e-09,-0,-6.47532778160019e-37,5.77856671448522e-17
2818.38293126442,9.99922947984342e-09,2,-6.18389015572487e-37,5.64703047717128e-17
2884.03150312657,9.9992064990456e-09,-0,-5.90556938236723e-37,5.51848837016363e-17
2951.20922666635,9.99919878856737e-09,-0,-5.63977510770805e-37,5.39287223873567e-17
3019.95172040198,9.99919910529592e-09,-0,-5.38594354643352e-37,5.27011547955178e-17
3090.29543251356,9.99919653686633e-09,-0,-5.14353628679538e-37,5.15015300535339e-17
3162.27766016834,9.99920753218113e-09,-0,-4.9120391515187e-37,5.03292121044876e-17
3235.93656929625,9.99918298216691e-09,-0,-4.69096110249356e-37,4.9183579369885e-17
3311.31121482588,9.9992139287526e-09,-0,-4.47983320729986e-37,4.80640244200859e-17
3388.44156139199,9.99919552904114e-09,-0,-4.27820763029066e-37,4.6969953652237e-17
3467.36850452528,9.99919909468633e-09,-0,-4.08565669976977e-37,4.59007869755353e-17
3548.13389233572,9.99921186760434e-09,-0,-3.90177198890222e-37,4.48559575036568e-17
3630.78054770097,9.99919888888091e-09,-0,-3.726163453033e-37,4.38349112541856e-17
3715.35229097168,9.99919263055846e-09,-0,-3.55845860327282e-37,4.28371068548849e-17
3801.89396320557,9.99920688681229e-09,-0,-3.39830171527995e-37,4.18620152566548e-17
3890.45144994276,9.99919592123586e-09,4,-3.24535307465174e-37,4.09091194530231e-17
3981.07170553493,9.99920538754582e-09,4,-3.09928825707724e-37,3.99779142060216e-17
4073.80277804108,9.99920156423973e-09,-0,-2.95979743876231e-37,3.90679057783023e-17
4168.69383470331,9.99920656446449e-09,-0,-2.82658474135141e-37,3.81786116713517e-17
4265.79518801588,9.99917823091926e-09,-0,-2.69936760298966e-37,3.73095603696628e-17
4365.15832240161,9.99917568681906e-09,-0,-2.57787617928274e-37,3.64602910907323e-17
4466.83592150958,9.99919430884506e-09,-0,-2.46185277063686e-37,3.56303535407471e-17
4570.8818961487,9.99919203023971e-09,-0,-2.35105127517638e-37,3.48193076758328e-17
4677.35141287193,9.99920099475387e-09,-0,-2.24523666879122e-37,3.40267234687361e-17
4786.30092322633,9.9992178811309e-09,-0,-2.14418450418549e-37,3.32521806808196e-17
4897.78819368441,9.99918752608139e-09,-0,-2.04768043586676e-37,3.24952686392446e-17
5011.87233627267,9.99920812846872e-09,-0,-1.9555197662272e-37,3.17555860192279e-17
5128.61383991359,9.99920630571551e-09,-0,-1.86750700997759e-37,3.10327406312535e-17
5248.07460249767,9.99920277667445e-09,-0,-1.78345548030695e-37,3.03263492131286e-17
5370.31796370247,9.99920401199658e-09,-0,-1.70318689267257e-37,2.96360372267732e-17
5495.40873857618,9.99920052800089e-09,-0,-1.62653098660722e-37,2.89614386596348e-17
5623.41325190343,9.99920687096816e-09,-0,-1.55332516461353e-37,2.83021958306237e-17
5754.3993733715,9.99920749237226e-09,-0,-1.48341414730735e-37,2.76579592004659e-17
5888.43655355582,9.99921160570119e-09,-0,-1.4166496443714e-37,2.70283871863724e-17
6025.59586074351,9.99921142520081e-09,-0,-1.35289003877638e-37,2.64131459809283e-17
6165.95001861475,9.99919548484887e-09,-0,-1.29200008805995e-37,2.58119093751025e-17
6309.57344480186,9.99919523164104e-09,-0,-1.23385063673638e-37,2.52243585852884e-17
6456.54229034648,9.99919414697579e-09,-0,-1.17831834171569e-37,2.46501820842801e-17
6606.93448007588,9.99920392545046e-09,-0,-1.12528541186498e-37,2.40890754360966e-17
6760.82975391974,9.99920089999711e-09,-0,-1.07463935690186e-37,2.35407411345659e-17
6918.30970918928,9.9992076560255e-09,-0,-1.02627274994418e-37,2.30048884455833e-17
7079.45784384129,9.99917580242976e-09,-0,-9.80082998874597e-38,2.24812332529603e-17
7244.35960074981,9.99919309228727e-09,-0,-9.35972129066868e-38,2.19694979077823e-17
7413.10241300908,9.99920566339155e-09,-0,-8.93846575496278e-38,2.14694110811956e-17
7585.77575029174,9.9992079289996e-09,-0,-8.53616984072622e-38,2.09807076205455e-17
7762.47116628682,9.99921009214134e-09,-0,-8.15198022517652e-38,2.05031284087883e-17
7943.28234724272,9.99918102580339e-09,-0,-7.78508199142942e-38,2.00364202271044e-17
8128.30516164089,9.99920462501618e-09,-0,-7.43469689790526e-38,1.95803356206383e-17
8317.63771102661,9.99920485227378e-09,-0,-7.10008173098405e-38,1.91346327672946e-17
8511.38038202366,9.99917984339376e-09,-0,-6.78052672725324e-38,1.8699075349521e-17
8709.6358995607,9.99921103392418e-09,-0,-6.47535406955176e-38,1.82734324290092e-17
8912.50938133734,9.99925205942851e-09,8,-6.18391644352274e-38,1.78574783242487e-17
9120.10839355898,9.9992039035147e-09,-0,-5.90559566995194e-38,1.74509924908675e-17
9332.54300796979,9.99919820112607e-09,-0,-5.63980139500884e-38,1.70537594046961e-17
9549.92586021424,9.99919869536702e-09,-0,-5.38596983358964e-38,1.66655684474942e-17
9772.37220955798,9.99921110438942e-09,-0,-5.14356257404398e-38,1.62862137952781e-17
9999.99999999987,9.99918914954647e-09,-0,-4.91206543856563e-38,1.59154943091897e-17
10232.9299228074,9.99920605834978e-09,-0,-4.69098739024653e-38,1.55532134288506e-17
10471.2854805089,9.99918334540097e-09,-0,-4.47985949357404e-38,1.51991790681426e-17
10715.1930523759,9.99921802822988e-09,-0,-4.27823391747296e-38,1.48532035133614e-17
10964.7819614317,9.99922313343651e-09,8,-4.08568298706711e-38,1.45151033236883e-17
11220.1845430195,9.99922558302328e-09,8,-3.90179827598137e-38,1.41846992339276e-17
11481.5362149687,9.99918082575413e-09,-0,-3.72618973966519e-38,1.38618160594575e-17
11748.9755493951,9.99921192832883e-09,-0,-3.55848489031478e-38,1.35462826033448e-17
12022.644346174,9.9991973725579e-09,-0,-3.39832800213192e-38,1.32379315655748e-17
12302.6877081237,9.99918406242586e-09,-0,-3.24537936106375e-38,1.29365994543455e-17
12589.2541179415,9.99920487890518e-09,-0,-3.09931454323019e-38,1.2642126499383e-17
12882.4955169312,9.99919703896455e-09,-0,-2.95982372518113e-38,1.23543565672289e-17
13182.5673855639,9.99921953502353e-09,16,-2.82661102789795e-38,1.20731370784559e-17
13489.6288259164,9.99921699801729e-09,-0,-2.69939388967541e-38,1.17983189267688e-17
13803.8426460287,9.99919427693129e-09,-0,-2.57790246556922e-38,1.15297563999459e-17
14125.3754462274,9.99922382491514e-09,-0,-2.46187905688234e-38,1.12673071025806e-17
14454.3977074591,9.99920285758144e-09,-0,-2.35107756110251e-38,1.10108318805816e-17
14791.0838816819,9.99919918130283e-09,-0,-2.24526295432232e-38,1.07601947473912e-17
15135.6124843619,9.99920912197126e-09,-0,-2.14421078949796e-38,1.05152628118839e-17
15488.1661891246,9.9992064702796e-09,-0,-2.04770672113611e-38,1.02759062079054e-17
15848.9319246109,9.99919886500213e-09,-0,-1.95554605135503e-38,1.0041998025416e-17
16218.1009735891,9.99919175461254e-09,-0,-1.86753329505417e-38,9.81341424320126e-18
16595.8690743754,9.9992292969069e-09,16,-1.7834817652612e-38,9.59003366311417e-18
16982.4365246172,9.99920951314433e-09,-0,-1.70321317726968e-38,9.37173784581437e-18
17378.0082874935,9.99923317160663e-09,16,-1.62655727117991e-38,9.15841104797003e-18
17782.794100389,9.99920935604402e-09,-0,-1.55335144875338e-38,8.94994016088923e-18
18197.0085860996,9.99918215956086e-09,-0,-1.48344043115907e-38,8.74621465054819e-18
18620.8713666284,9.99918545879462e-09,-0,-1.41667592777767e-38,8.54712649898471e-18
19054.6071796322,9.99920613036767e-09,-0,-1.35291632198555e-38,8.35257014702558e-18
19498.4459975802,9.99923886465314e-09,16,-1.29202637156588e-38,8.16244243831775e-18
19952.6231496885,9.99922540923894e-09,16,-1.23387691963604e-38,7.97664256463341e-18
20417.379446695,9.99920030243657e-09,-0,-1.17834462431366e-38,7.79507201242018e-18
20892.9613085401,9.99922439836236e-09,-0,-1.12531169422879e-38,7.61763451056792e-18
21379.620895022,9.99922885305552e-09,-0,-1.07466563902453e-38,7.44423597936447e-18
21877.6162394952,9.99921663153752e-09,16,-1.02629903170947e-38,7.27478448061339e-18
22387.2113856831,9.99922970805589e-09,-0,-9.80109280277841e-39,7.10919016888709e-18
22908.6765276774,9.9992259175116e-09,-0,-9.35998410056448e-39,6.94736524388959e-18
23442.2881531989,9.99922876038468e-09,-0,-8.93872856004119e-39,6.78922390390366e-18
23988.3291901946,9.99921645144956e-09,-0,-8.53643264275749e-39,6.63468230029757e-18
24547.08915685,9.99922304494861e-09,-0,-8.15224302288847e-39,6.4836584930675e-18
25118.8643150954,9.9992206224005e-09,-0,-7.78534478352221e-39,6.33607240739182e-18
25703.9578276883,9.99922343461901e-09,-0,-7.43495968637383e-39,6.19184579117438e-18
26302.6799189534,9.99922785000861e-09,-0,-7.10034451428123e-39,6.05090217355418e-18
26915.3480392688,9.99922693792454e-09,-0,-6.7807895057357e-39,5.91316682435957e-18
27542.2870333813,9.9992272377537e-09,-0,-6.47561684117355e-39,5.77856671448524e-18
28183.8293126441,9.99921551036139e-09,32,-6.18417920854667e-39,5.6470304771713e-18
28840.3150312656,9.99922794135509e-09,-0,-5.90585842963476e-39,5.51848837016365e-18
29512.0922666634,9.99924632905834e-09,32,-5.64006414994305e-39,5.39287223873569e-18
30199.5172040197,9.99922904243514e-09,-0,-5.38623258044702e-39,5.2701154795518e-18
30902.9543251354,9.99922334202301e-09,-0,-5.14382531399346e-39,5.15015300535341e-18
31622.7766016833,9.99923888021426e-09,32,-4.91232817144298e-39,5.03292121044878e-18
32359.3656929623,9.99924312883436e-09,32,-4.69125011499901e-39,4.91835793698852e-18
33113.1121482586,9.99921803193011e-09,-0,-4.48012220977029e-39,4.80640244200862e-18
33884.4156139197,9.99920392654678e-09,32,-4.2784966251185e-39,4.69699536522372e-18
34673.6850452526,9.99924206022986e-09,32,-4.08594568599599e-39,4.59007869755355e-18
35481.338923357,9.99924264404205e-09,32,-3.90206096551959e-39,4.4855957503657e-18
36307.8054770096,9.99926187550704e-09,32,-3.72645242030863e-39,4.38349112541857e-18
37153.5229097167,9.99925478241112e-09,32,-3.55874756039793e-39,4.2837106854885e-18
38018.9396320555,9.99922808666402e-09,-0,-3.39859066050952e-39,4.1862015256655e-18
38904.5144994275,9.99927064384165e-09,32,-3.245642009699e-39,4.09091194530232e-18
39810.7170553491,9.99923005306801e-09,-0,-3.09957717919279e-39,3.99779142060217e-18
40738.0277804107,9.99923942432376e-09,-0,-2.96008634839811e-39,3.90679057783025e-18
41686.9383470329,9.99923497523417e-09,-0,-2.82687363818037e-39,3.81786116713518e-18
42657.9518801586,9.99923637600236e-09,-0,-2.69965648645636e-39,3.73095603696629e-18
43651.5832240159,9.99924870887879e-09,-0,-2.57816504850104e-39,3.64602910907324e-18
44668.3592150956,9.99923305408459e-09,-0,-2.46214162432586e-39,3.56303535407473e-18
45708.8189614868,9.99922884599095e-09,-0,-2.35134011313268e-39,3.48193076758329e-18
46773.5141287191,9.99924736189264e-09,-0,-2.24552549027636e-39,3.40267234687363e-18
47863.0092322631,9.99925346650703e-09,-0,-2.14447330830816e-39,3.32521806808197e-18
48977.8819368439,9.9992664236578e-09,-0,-2.04796922193902e-39,3.24952686392447e-18
50118.7233627264,9.99925781175304e-09,-0,-1.95580853338521e-39,3.1755586019228e-18
51286.1383991357,9.9992571462722e-09,-0,-1.86779575742203e-39,3.10327406312536e-18
52480.7460249764,9.99926130455801e-09,-0,-1.78374420710388e-39,3.03263492131287e-18
53703.1796370244,9.99926390316967e-09,-0,-1.70347559764306e-39,2.96360372267734e-18
54954.0873857616,9.99927202858825e-09,-0,-1.62681966884785e-39,2.8961438659635e-18
56234.132519034,9.99927306882291e-09,-0,-1.5536138231127e-39,2.83021958306239e-18
57543.9937337148,9.99925027540437e-09,-0,-1.4837027807748e-39,2.7657959200466e-18
58884.365535558,9.99927362676856e-09,-0,-1.41693825169424e-39,2.70283871863726e-18
60255.9586074348,9.99924875797939e-09,-0,-1.35317861868051e-39,2.64131459809284e-18
61659.5001861472,9.99926042887909e-09,-0,-1.29228863983028e-39,2.58119093751026e-18
63095.7344480183,9.99928123452119e-09,-0,-1.23413915869068e-39,2.52243585852885e-18
64565.4229034645,9.99929815423758e-09,-0,-1.17860683243988e-39,2.46501820842802e-18
66069.3448007586,9.99929398152148e-09,-0,-1.12557386992527e-39,2.40890754360967e-18
67608.2975391971,9.99928886493685e-09,-0,-1.07492778079514e-39,2.3540741134566e-18
69183.0970918925,9.9993019563084e-09,-0,-1.02656113826716e-39,2.30048884455834e-18
70794.5784384127,9.99928545790551e-09,-0,-9.803713496973e-40,2.24812332529604e-18
72443.5960074979,9.99930754616078e-09,-0,-9.36260440903548e-40,2.19694979077823e-18
74131.0241300906,9.99931359736792e-09,-0,-8.94134846341661e-40,2.14694110811957e-18
75857.7575029172,9.99933482679554e-09,64,-8.53905212268308e-40,2.09807076205456e-18
77624.7116628679,9.99931830349577e-09,-0,-8.15486205982461e-40,2.05031284087884e-18
79432.8234724269,9.9993139041082e-09,-0,-7.7879633578515e-40,2.00364202271045e-18
81283.0516164086,9.99936074266739e-09,-0,-7.43757777698013e-40,1.95803356206384e-18
83176.3771102658,9.99933110954513e-09,-0,-7.10296209937473e-40,1.91346327672947e-18
85113.8038202363,9.99938550580435e-09,64,-6.78340656286939e-40,1.86990753495211e-18
87096.3589956067,9.99934593963156e-09,-0,-6.47823334447879e-40,1.82734324290093e-18
89125.0938133731,9.99935973691918e-09,-0,-6.18679513449487e-40,1.78574783242488e-18
91201.0839355895,9.99935929349395e-09,-0,-5.90847375222153e-40,1.74509924908675e-18
93325.4300796976,9.99935431952151e-09,-0,-5.64267884007873e-40,1.70537594046961e-18
95499.258602142,9.99938211761371e-09,-0,-5.3888466133437e-40,1.66655684474943e-18
97723.7220955795,9.99935944374884e-09,-0,-5.1464386572874e-40,1.62862137952781e-18
99999.9999999984,9.99939360761546e-09,-0,-4.91494079559248e-40,1.59154943091898e-18
102329.299228074,9.99939308880498e-09,-0,-4.69386198817345e-40,1.55532134288506e-18
104712.854805088,9.99941690236198e-09,-0,-4.48273329818633e-40,1.51991790681426e-18
107151.930523759,9.99942715078119e-09,-0,-4.281106893965e-40,1.48532035133614e-18
109647.819614317,9.99943033362886e-09,-0,-4.08855509808973e-40,1.45151033236884e-18
112201.845430195,9.99946541628285e-09,-0,-3.90466948378248e-40,1.41846992339277e-18
114815.362149686,9.99944758629092e-09,-0,-3.72906000442768e-40,1.38618160594575e-18
117489.755493951,9.9994630645817e-09,-0,-3.56135416989443e-40,1.35462826033449e-18
120226.443461739,9.99947298069714e-09,-0,-3.40119625328098e-40,1.32379315655748e-18
123026.877081236,9.99950801336624e-09,-0,-3.24824653939935e-40,1.29365994543455e-18
125892.541179415,9.99952077578633e-09,-0,-3.10218060097998e-40,1.26421264993831e-18
128824.955169311,9.99953625724239e-09,-0,-2.96268861363446e-40,1.23543565672289e-18
131825.673855639,9.99951764957787e-09,-0,-2.82947469537987e-40,1.2073137078456e-18
134896.288259163,9.99950534101552e-09,-0,-2.70225628324101e-40,1.17983189267689e-18
138038.426460286,9.99956203208743e-09,-0,-2.58076353116112e-40,1.1529756399946e-18
141253.754462273,9.99957826704545e-09,-0,-2.46473873584932e-40,1.12673071025807e-18
144543.97707459,9.99959913889142e-09,128,-2.35393579469488e-40,1.10108318805816e-18
147910.838816818,9.99959094702463e-09,-0,-2.24811967920929e-40,1.07601947473912e-18
151356.124843618,9.99964283458401e-09,128,-2.14706594188058e-40,1.05152628118839e-18
154881.661891246,9.99965748235816e-09,-0,-2.05056023297586e-40,1.02759062079054e-18
158489.319246109,9.99968493130471e-09,128,-1.95839785269027e-40,1.0041998025416e-18
162181.00973589,9.99968914285376e-09,-0,-1.87038331273723e-40,9.8134142432013e-19
165958.690743753,9.9997177062065e-09,128,-1.78632992358775e-40,9.5900336631142e-19
169824.365246172,9.99974086437778e-09,-0,-1.70605939760601e-40,9.3717378458144e-19
173780.082874935,9.99974998237284e-09,-0,-1.62940147099682e-40,9.15841104797006e-19
177827.941003889,9.99978778445775e-09,-0,-1.55619354326116e-40,8.94994016088925e-19
181970.085860995,9.99984170721658e-09,128,-1.48628033197933e-40,8.74621465054821e-19
186208.713666284,9.99985171659014e-09,-0,-1.41951354192194e-40,8.54712649898473e-19
190546.071796322,9.99988200447029e-09,-0,-1.3557515541097e-40,8.35257014702561e-19
194984.459975801,9.99989423993496e-09,-0,-1.29485912147245e-40,8.16244243831777e-19
199526.231496885,9.99995167937396e-09,-0,-1.23670708472638e-40,7.97664256463343e-19
204173.79446695,9.99999408955172e-09,-0,-1.18117209696188e-40,7.79507201242021e-19
208929.6130854,1.00000010773669e-08,-0,-1.12813636215425e-40,7.61763451056794e-19
213796.20895022,1.00000633617473e-08,-0,-1.07748738639439e-40,7.44423597936449e-19
218776.162394952,1.00000570237212e-08,-0,-1.0291177377734e-40,7.27478448061342e-19
223872.11385683,1.00001555600899e-08,-0,-9.82924820295937e-41,7.10919016888712e-19
229086.765276773,1.00001733354098e-08,-0,-9.3881065370035e-41,6.94736524388961e-19
234422.881531988,1.00002309257873e-08,-0,-8.9668166832546e-41,6.78922390390367e-19
239883.291901945,1.00002902632355e-08,-0,-8.56448504981366e-41,6.63468230029759e-19
245470.891568499,1.00003066603865e-08,256,-8.18025826036697e-41,6.48365849306752e-19
251188.643150954,1.00003839486078e-08,-0,-7.8133213426062e-41,6.33607240739184e-19
257039.578276882,1.00004138581747e-08,-0,-7.46289600027828e-41,6.1918457911744e-19
263026.799189534,1.00004582243527e-08,-0,-7.12823896226895e-41,6.0509021735542e-19
269153.480392687,1.00005610130972e-08,-0,-6.80864040726076e-41,5.91316682435958e-19
275422.870333812,1.00005966536221e-08,-0,-6.50342244979736e-41,5.77856671448526e-19
281838.29312644,1.00006430168018e-08,-0,-6.21193772165623e-41,5.64703047717132e-19
288403.150312656,1.00007490051875e-08,-0,-5.93356798014863e-41,5.51848837016367e-19
295120.922666633,1.0000816536622e-08,256,-5.66772280222147e-41,5.3928722387357e-19
301995.172040196,1.00008989734846e-08,256,-5.41383833940444e-41,5.27011547955182e-19
309029.543251354,1.00009561039392e-08,-0,-5.17137611154284e-41,5.15015300535342e-19
316227.766016832,1.00010266977309e-08,-0,-4.93982187439966e-41,5.03292121044879e-19
323593.656929623,1.00011377488604e-08,-0,-4.71868452450857e-41,4.91835793698853e-19
331131.121482585,1.00012260244471e-08,-0,-4.50749505530859e-41,4.80640244200863e-19
338844.156139197,1.00013374178337e-08,-0,-4.30580556817538e-41,4.69699536522373e-19
346736.850452526,1.00014118201805e-08,256,-4.11318831809291e-41,4.59007869755356e-19
354813.389233569,1.00015041626379e-08,256,-3.92923481181662e-41,4.48559575036571e-19
363078.054770095,1.0001643557309e-08,-0,-3.75355493758517e-41,4.38349112541858e-19
371535.229097166,1.00017005729107e-08,-0,-3.58577613646468e-41,4.28371068548851e-19
380189.396320554,1.00018545127448e-08,-0,-3.42554262193165e-41,4.18620152566551e-19
389045.144994274,1.00019823513113e-08,-0,-3.27251461315597e-41,4.09091194530234e-19
398107.17055349,1.00021159191688e-08,-0,-3.1263676243499e-41,3.99779142060218e-19
407380.277804106,1.00022398359865e-08,-0,-2.98679177130495e-41,3.90679057783026e-19
416869.383470328,1.00023666168972e-08,-0,-2.85349111902271e-41,3.81786116713519e-19
426579.518801585,1.00025400739076e-08,-0,-2.72618305217012e-41,3.7309560369663e-19
436515.832240158,1.00026699276048e-08,-0,-2.60459767449244e-41,3.64602910907325e-19
446683.592150955,1.00028446639165e-08,-0,-2.48847724074915e-41,3.56303535407474e-19
457088.189614867,1.00030343202814e-08,-0,-2.37757560726346e-41,3.4819307675833e-19
467735.14128719,1.00032392827498e-08,512,-2.27165771270948e-41,3.40267234687363e-19
478630.09232263,1.00033828528661e-08,-0,-2.17049907691522e-41,3.32521806808198e-19
489778.819368438,1.00036057903629e-08,-0,-2.07388532995043e-41,3.24952686392448e-19
501187.233627263,1.00038069374779e-08,-0,-1.98161175292449e-41,3.17555860192281e-19
512861.383991356,1.00040115327098e-08,-0,-1.89348284781877e-41,3.10327406312537e-19
524807.460249763,1.00042443035367e-08,-0,-1.80931192108694e-41,3.03263492131288e-19
537031.796370243,1.00044669488362e-08,-0,-1.72892068939932e-41,2.96360372267734e-19
549540.873857615,1.00047622522638e-08,512,-1.6521389010398e-41,2.8961438659635e-19
562341.325190339,1.00050000542868e-08,512,-1.57880397446735e-41,2.83021958306239e-19
575439.937337147,1.00052688675842e-08,-0,-1.50876065598278e-41,2.7657959200466e-19
588843.655355579,1.00055715013339e-08,512,-1.4418606890021e-41,2.70283871863726e-19
602559.586074347,1.00058146604189e-08,-0,-1.37796249851469e-41,2.64131459809284e-19
616595.001861471,1.00061440185573e-08,-0,-1.31693089442182e-41,2.58119093751026e-19
630957.344480182,1.00064717594191e-08,-0,-1.25863678147409e-41,2.52243585852885e-19
645654.229034644,1.00068236796722e-08,512,-1.20295688719147e-41,2.46501820842802e-19
660693.448007584,1.00071738877396e-08,-0,-1.14977349897514e-41,2.40890754360967e-19
676082.97539197,1.00075565220742e-08,-0,-1.09897421622734e-41,2.3540741134566e-19
691830.970918924,1.00079523998767e-08,-0,-1.0504517098088e-41,2.30048884455834e-19
707945.784384125,1.00083512243669e-08,-0,-1.00410349479627e-41,2.24812332529604e-19
724435.960074977,1.00088229270202e-08,512,-9.59831713258286e-42,2.19694979077824e-19
741310.241300904,1.00092544314183e-08,-0,-9.17542924504457e-42,2.14694110811958e-19
758577.57502917,1.00097098965964e-08,-0,-8.77147908431434e-42,2.09807076205456e-19
776247.116628678,1.00102115798455e-08,-0,-8.3856147436488e-42,2.05031284087884e-19
794328.234724267,1.00107500508084e-08,-0,-8.01702279770584e-42,2.00364202271045e-19
812830.516164085,1.0011264713575e-08,-0,-7.664926570743e-42,1.95803356206384e-19
831763.771102656,1.001186343207e-08,-0,-7.32858448505941e-42,1.91346327672947e-19
851138.038202361,1.00124305670427e-08,-0,-7.00728846706804e-42,1.86990753495211e-19
870963.589956065,1.00130388689346e-08,1024,-6.70036244790363e-42,1.82734324290093e-19
891250.938133729,1.00136960284716e-08,-0,-6.40716091313588e-42,1.78574783242489e-19
912010.839355893,1.00144250583039e-08,1024,-6.12706752372171e-42,1.74509924908676e-19
933254.300796974,1.00151034854356e-08,-0,-5.85949379123119e-42,1.70537594046962e-19
954992.586021419,1.0015853139528e-08,-0,-5.60387783278499e-42,1.66655684474943e-19
977237.220955793,1.00166530884601e-08,-0,-5.35968315304528e-42,1.62862137952782e-19
999999.999999982,1.00174773042508e-08,-0,-5.12639749787378e-42,1.59154943091898e-19
1023292.99228074,1.0018294259811e-08,-0,-4.90353175914463e-42,1.55532134288507e-19
1047128.54805088,1.00192489700088e-08,-0,-4.69061892360449e-42,1.51991790681426e-19
1071519.30523759,1.00201858834074e-08,-0,-4.48721306568675e-42,1.48532035133614e-19
1096478.19614316,1.00212075833572e-08,1024,-4.29288839693191e-42,1.45151033236884e-19
1122018.45430194,1.00222061278909e-08,1024,-4.10723834248952e-42,1.41846992339277e-19
1148153.62149686,1.00232604102104e-08,-0,-3.92987467717507e-42,1.38618160594576e-19
1174897.55493951,1.00244197297139e-08,-0,-3.76042668512224e-42,1.35462826033449e-19
1202264.43461739,1.00256417872996e-08,-0,-3.59854036056274e-42,1.32379315655748e-19
1230268.77081236,1.00268771038467e-08,1024,-3.44387765383509e-42,1.29365994543455e-19
1258925.41179414,1.00281294308361e-08,-0,-3.2961157361761e-42,1.26421264993831e-19
1288249.55169311,1.00295246495577e-08,1024,-3.15494631930888e-42,1.2354356567229e-19
1318256.73855638,1.00309549523711e-08,-0,-3.02007497879582e-42,1.2073137078456e-19
1348962.88259163,1.00324427826011e-08,-0,-2.89122053235342e-42,1.17983189267689e-19
1380384.26460286,1.00340230421438e-08,-0,-2.7681144326262e-42,1.1529756399946e-19
1412537.54462273,1.00356350961076e-08,-0,-2.65050019291021e-42,1.12673071025807e-19
1445439.7707459,1.00373494114253e-08,-0,-2.5381328393585e-42,1.10108318805816e-19
1479108.38816818,1.00391541301176e-08,-0,-2.43077838502151e-42,1.07601947473912e-19
1513561.24843618,1.00410477366522e-08,-0,-2.32821333140099e-42,1.05152628118839e-19
1548816.61891245,1.00430254124146e-08,-0,-2.23022419169531e-42,1.02759062079054e-19
1584893.19246108,1.00450787369521e-08,-0,-2.13660703578932e-42,1.00419980254161e-19
1621810.0973589,1.00472424731911e-08,-0,-2.04716705731207e-42,9.81341424320132e-20
1659586.90743753,1.00495033225771e-08,-0,-1.96171815912249e-42,9.59003366311422e-20
1698243.65246171,1.00518928564211e-08,-0,-1.88008255946636e-42,9.37173784581442e-20
1737800.82874934,1.00544087772798e-08,-0,-1.80209041444414e-42,9.15841104797008e-20
1778279.41003889,1.00569592357106e-08,-0,-1.72757946053355e-42,8.94994016088927e-20
1819700.85860995,1.00596695851131e-08,-0,-1.6563946723136e-42,8.74621465054823e-20
1862087.13666283,1.00625116759342e-08,-0,-1.58838793441117e-42,8.54712649898475e-20
1905460.71796321,1.00655067235643e-08,2048,-1.52341773162543e-42,8.35257014702563e-20
1949844.59975801,1.00686180396506e-08,2048,-1.46134885134859e-42,8.16244243831779e-20
1995262.31496884,1.00719180961079e-08,-0,-1.40205209998859e-42,7.97664256463345e-20
2041737.94466949,1.00753248030317e-08,-0,-1.34540403339611e-42,7.79507201242022e-20
2089296.130854,1.00789068099916e-08,-0,-1.29128669816831e-42,7.61763451056796e-20
2137962.08950219,1.00826739270366e-08,-0,-1.23958738655921e-42,7.44423597936451e-20
2187761.62394951,1.00866123356229e-08,-0,-1.19019840071621e-42,7.27478448061343e-20
2238721.1385683,1.00907252148201e-08,-0,-1.14301682944392e-42,7.10919016888713e-20
2290867.65276773,1.00950348831181e-08,-0,-1.09794433448048e-42,6.94736524388963e-20
2344228.81531988,1.00995510545197e-08,-0,-1.05488694605301e-42,6.78922390390369e-20
2398832.91901944,1.01042693348556e-08,-0,-1.01375486847426e-42,6.6346823002976e-20
2454708.91568498,1.01092409044402e-08,-0,-9.74462294214141e-43,6.48365849306753e-20
2511886.43150953,1.01144453597319e-08,2048,-9.36927226288364e-43,6.33607240739185e-20
2570395.78276881,1.01198443953403e-08,-0,-9.01071308810314e-43,6.19184579117441e-20
2630267.99189533,1.01255581654243e-08,2048,-8.66819665880299e-43,6.05090217355421e-20
2691534.80392686,1.01314931955707e-08,-0,-8.34100746038704e-43,5.91316682435959e-20
2754228.70333811,1.01377302146505e-08,2048,-8.02846175480597e-43,5.77856671448527e-20
2818382.9312644,1.01442722102935e-08,2048,-7.72990616935816e-43,5.64703047717133e-20
2884031.50312655,1.01510769052063e-08,-0,-7.44471634823252e-43,5.51848837016368e-20
2951209.22666633,1.01582372730875e-08,-0,-7.17229567189661e-43,5.39287223873571e-20
3019951.72040196,1.0165719881711e-08,-0,-6.91207402207525e-43,5.27011547955183e-20
3090295.43251353,1.01735741332298e-08,-0,-6.6635066126397e-43,5.15015300535343e-20
3162277.66016832,1.01818044374497e-08,-0,-6.42607286660822e-43,5.0329212104488e-20
3235936.56929622,1.0190411793134e-08,-0,-6.19927534385257e-43,4.91835793698854e-20
3311311.21482584,1.01993934724185e-08,-0,-5.98263871646716e-43,4.80640244200864e-20
3388441.56139196,1.02088410953107e-08,-0,-5.77570879497924e-43,4.69699536522375e-20
3467368.50452525,1.02187167701914e-08,-0,-5.57805158398333e-43,4.59007869755357e-20
3548133.89233568,1.0229095232876e-08,4096,-5.38925239835962e-43,4.48559575036572e-20
3630780.54770094,1.02399136689887e-08,-0,-5.2089149995417e-43,4.38349112541859e-20
3715352.29097165,1.0251261122635e-08,-0,-5.03666078657445e-43,4.28371068548852e-20
3801893.96320554,1.02631574079703e-08,4096,-4.87212801157132e-43,4.18620152566552e-20
3890451.44994273,1.02755823362157e-08,-0,-4.7149710320976e-43,4.09091194530234e-20
3981071.70553489,1.02885866899219e-08,-0,-4.56485960248685e-43,3.99779142060219e-20
4073802.77804105,1.03022218458769e-08,-0,-4.42147819030873e-43,3.90679057783027e-20
4168693.83470327,1.0316519510274e-08,-0,-4.28452532281403e-43,3.8178611671352e-20
4265795.18801584,1.03314479781141e-08,-0,-4.15371296586675e-43,3.73095603696631e-20
4365158.32240157,1.03471371267855e-08,-0,-4.02876593008443e-43,3.64602910907326e-20
4466835.92150954,1.03635083588819e-08,-0,-3.90942129777179e-43,3.56303535407474e-20
4570881.89614866,1.03807143687045e-08,4096,-3.79542788449638e-43,3.48193076758331e-20
4677351.41287189,1.03986798865865e-08,4096,-3.68654571281538e-43,3.40267234687364e-20
4786300.92322629,1.04175146182544e-08,-0,-3.58254552153596e-43,3.32521806808199e-20
4897788.19368436,1.04372034478547e-08,-0,-3.48320828695795e-43,3.24952686392449e-20
5011872.33627262,1.04578583006906e-08,4096,-3.38832477071993e-43,3.17555860192282e-20
5128613.83991355,1.04794601062687e-08,-0,-3.29769508481106e-43,3.10327406312537e-20
5248074.60249762,1.05021098147695e-08,4096,-3.21112827957372e-43,3.03263492131289e-20
5370317.96370242,1.0525821690579e-08,4096,-3.12844194446789e-43,2.96360372267735e-20
5495408.73857613,1.05506192292358e-08,4096,-3.04946183165404e-43,2.89614386596351e-20
5623413.25190338,1.05766043762721e-08,-0,-2.97402149464442e-43,2.8302195830624e-20
5754399.37337145,1.06038274414823e-08,-0,-2.90196194235287e-43,2.76579592004661e-20
5888436.55355577,1.06323234598593e-08,-0,-2.83313130848244e-43,2.70283871863727e-20
6025595.86074345,1.06621686578835e-08,-0,-2.76738453800177e-43,2.64131459809285e-20
6165950.0186147,1.069341063734e-08,-0,-2.70458308449693e-43,2.58119093751027e-20
6309573.4448018,1.07261106324892e-08,-0,-2.6445946242094e-43,2.52243585852886e-20
6456542.29034642,1.07603919190508e-08,-0,-2.5872927809854e-43,2.46501820842803e-20
6606934.48007582,1.0796223052153e-08,-0,-2.53255686341337e-43,2.40890754360968e-20
6760829.75391968,1.0833808452494e-08,-0,-2.48027161713253e-43,2.35407411345661e-20
6918309.70918922,1.08731307059726e-08,-0,-2.43032698321849e-43,2.30048884455835e-20
7079457.84384123,1.09143350455874e-08,-0,-2.38261787296648e-43,2.24812332529605e-20
7244359.60074975,1.09574505743922e-08,-0,-2.33704394851822e-43,2.19694979077824e-20
7413102.41300902,1.10026273667961e-08,-0,-2.29350941790259e-43,2.14694110811958e-20
7585775.75029168,1.10499119861216e-08,8192,-2.2519228354273e-43,2.09807076205457e-20
7762471.16628676,1.10994227373177e-08,-0,-2.2121969145639e-43,2.05031284087885e-20
7943282.34724265,1.11512426958386e-08,-0,-2.17424834758103e-43,2.00364202271046e-20
8128305.16164082,1.12055726144514e-08,-0,-2.13799763569055e-43,1.95803356206385e-20
8317637.71102654,1.12624425103955e-08,8192,-2.10336892455619e-43,1.91346327672948e-20
8511380.38202359,1.13219381765918e-08,-0,-2.07028985013625e-43,1.86990753495212e-20
8709635.89956062,1.13842710687854e-08,-0,-2.03869139137138e-43,1.82734324290094e-20
8912509.38133727,1.14495555227644e-08,-0,-2.00850772906486e-43,1.78574783242489e-20
9120108.3935589,1.15179290556208e-08,-0,-1.9796761123262e-43,1.74509924908676e-20
9332543.00796971,1.15894757404307e-08,-0,-1.9521367316544e-43,1.70537594046962e-20
9549925.86021416,1.16644276088246e-08,-0,-1.92583259877088e-43,1.66655684474943e-20
9772372.2095579,1.1742921637687e-08,-0,-1.90070943134352e-43,1.62862137952782e-20
9999999.99999979,1.18250846063791e-08,-0,-1.87671554419413e-43,1.59154943091899e-20
10232929.9228073,1.19111430154957e-08,-0,-1.8538017465794e-43,1.55532134288507e-20
10471285.4805088,1.20012316894223e-08,8192,-1.83192124367335e-43,1.51991790681427e-20
10715193.0523758,1.2095602727762e-08,-0,-1.81102954372661e-43,1.48532035133615e-20
10964781.9614316,1.2194426588891e-08,8192,-1.79108437019229e-43,1.45151033236884e-20
11220184.5430194,1.22978495651589e-08,-0,-1.77204557799311e-43,1.41846992339278e-20
11481536.2149686,1.24061850467155e-08,-0,-1.75387507469341e-43,1.38618160594576e-20
11748975.549395,1.25196056946248e-08,-0,-1.73653674507055e-43,1.3546282603345e-20
12022644.3461739,1.26384168406619e-08,-0,-1.71999638040572e-43,1.32379315655749e-20
12302687.7081235,1.27627738052093e-08,-0,-1.70422161060644e-43,1.29365994543456e-20
12589254.1179414,1.28930289584852e-08,-0,-1.68918184070697e-43,1.26421264993831e-20
12882495.5169311,1.30293958778764e-08,-0,-1.6748481895579e-43,1.2354356567229e-20
13182567.3855638,1.3172219022897e-08,-0,-1.66119343230544e-43,1.2073137078456e-20
13489628.8259162,1.33217762596542e-08,-0,-1.64819194485339e-43,1.17983189267689e-20
13803842.6460286,1.34783534243071e-08,-0,-1.63581965120443e-43,1.1529756399946e-20
14125375.4462272,1.36423299127284e-08,16384,-1.62405397296882e-43,1.12673071025807e-20
14454397.707459,1.38139788615007e-08,-0,-1.61287378023244e-43,1.10108318805816e-20
14791083.8816817,1.39938114443979e-08,16384,-1.60225934488735e-43,1.07601947473912e-20
15135612.4843617,1.41820544424501e-08,-0,-1.59219229392285e-43,1.05152628118839e-20
15488166.1891245,1.43792149195225e-08,16384,-1.58265556518383e-43,1.02759062079054e-20
15848931.9246108,1.45855946838364e-08,-0,-1.57363336249462e-43,1.00419980254161e-20
16218100.9735889,1.48017747872256e-08,16384,-1.56511111191089e-43,9.81341424320134e-21
16595869.0743752,1.50280850422608e-08,-0,-1.5570754170216e-43,9.59003366311425e-21
16982436.5246171,1.52651068917708e-08,-0,-1.5495140147718e-43,9.37173784581445e-21
17378008.2874934,1.55132603481375e-08,-0,-1.54241572943947e-43,9.1584110479701e-21
17782794.1003888,1.57731274022975e-08,-0,-1.5357704259671e-43,8.9499401608893e-21
18197008.5860994,1.60452715504652e-08,-0,-1.52956896117706e-43,8.74621465054826e-21
18620871.3666283,1.63302111103889e-08,16384,-1.52380313286778e-43,8.54712649898477e-21
19054607.179632,1.66285850565839e-08,16384,-1.51846562629325e-43,8.35257014702565e-21
19498445.99758,1.69410003707241e-08,-0,-1.51354995725626e-43,8.16244243831781e-21
19952623.1496884,1.72681468965162e-08,-0,-1.50905041169487e-43,7.97664256463347e-21
20417379.4466949,1.76107309643567e-08,-0,-1.50496198067324e-43,7.79507201242025e-21
20892961.3085399,1.79694497334368e-08,-0,-1.50128029067659e-43,7.61763451056798e-21
21379620.8950218,1.8345091292932e-08,-0,-1.49800152849672e-43,7.44423597936453e-21
21877616.2394951,1.87384106850155e-08,-0,-1.49512235970212e-43,7.27478448061345e-21
22387211.3856829,1.91502859776605e-08,16384,-1.49263984079725e-43,7.10919016888715e-21
22908676.5276772,1.95815638973176e-08,-0,-1.49055132343875e-43,6.94736524388965e-21
23442288.1531987,2.00331808726188e-08,16384,-1.48885435089774e-43,6.7892239039037e-21
23988329.1901944,2.05060546665982e-08,-0,-1.48754654545277e-43,6.63468230029762e-21
24547089.1568498,2.10012276182842e-08,-0,-1.48662548637285e-43,6.48365849306755e-21
25118864.3150952,2.15197262575785e-08,32768,-1.48608857743139e-43,6.33607240739187e-21
25703957.8276881,2.20626648296915e-08,-0,-1.48593290346619e-43,6.19184579117443e-21
26302679.9189532,2.26312044576214e-08,-0,-1.48615507523279e-43,6.05090217355423e-21
26915348.0392686,2.32265549159439e-08,32768,-1.48675106179623e-43,5.91316682435961e-21
27542287.033381,2.38499264734473e-08,-0,-1.48771600978361e-43,5.77856671448528e-21
28183829.3126439,2.45026623914812e-08,-0,-1.48904404926274e-43,5.64703047717135e-21
28840315.0312654,2.51861633002668e-08,-0,-1.49072808543195e-43,5.51848837016369e-21
29512092.2666632,2.59019072687529e-08,-0,-1.49275957604581e-43,5.39287223873573e-21
30199517.2040195,2.66513810882696e-08,-0,-1.49512829452741e-43,5.27011547955184e-21
30902954.3251352,2.74361885465258e-08,-0,-1.49782207888726e-43,5.15015300535344e-21
31622776.6016831,2.8258001823675e-08,-0,-1.50082656693897e-43,5.03292121044882e-21
32359365.6929621,2.91185054010597e-08,-0,-1.50412491889081e-43,4.91835793698856e-21
33113112.1482584,3.00195522415152e-08,-0,-1.50769752862174e-43,4.80640244200865e-21
33884415.6139195,3.09630754679413e-08,-0,-1.51152172567696e-43,4.69699536522376e-21
34673685.0452524,3.19510915138118e-08,32768,-1.51557147086517e-43,4.59007869755358e-21
35481338.9233568,3.2985638984736e-08,-0,-1.51981704895098e-43,4.48559575036573e-21
36307805.4770093,3.40689502858067e-08,-0,-1.52422476307618e-43,4.3834911254186e-21
37153522.9097164,3.52033326936284e-08,32768,-1.52875663654901e-43,4.28371068548853e-21
38018939.6320553,3.63911350977241e-08,-0,-1.53337012885079e-43,4.18620152566553e-21
38904514.4994272,3.7634968809348e-08,-0,-1.53801787415541e-43,4.09091194530235e-21
39810717.0553488,3.89374293734133e-08,-0,-1.54264745175239e-43,3.9977914206022e-21
40738027.7804104,4.03012460945605e-08,-0,-1.54720119958492e-43,3.90679057783028e-21
41686938.3470326,4.17293269412274e-08,-0,-1.55161608318427e-43,3.81786116713521e-21
42657951.8801583,4.3224718753211e-08,-0,-1.55582363371494e-43,3.73095603696632e-21
43651583.2240156,4.47906005272171e-08,32768,-1.55974996999883e-43,3.64602910907327e-21
44668359.2150953,4.64302346056743e-08,-0,-1.56331592004977e-43,3.56303535407475e-21
45708818.9614865,4.8147173237083e-08,-0,-1.56643725816548e-43,3.48193076758331e-21
46773514.1287188,4.99450410810349e-08,-0,-1.569025073076e-43,3.40267234687365e-21
47863009.2322628,5.1827633038817e-08,-0,-1.5709862819948e-43,3.32521806808199e-21
48977881.9368435,5.37989220780034e-08,-0,-1.5722243031674e-43,3.2495268639245e-21
50118723.3627261,5.58631735351573e-08,-0,-1.57263989664007e-43,3.17555860192282e-21
51286138.3991353,5.80246712111492e-08,-0,-1.57213217878644e-43,3.10327406312538e-21
52480746.0249761,6.02880226945322e-08,-0,-1.57059981081997e-43,3.0326349213129e-21
53703179.6370241,6.2658069305885e-08,-0,-1.56794235475967e-43,2.96360372267736e-21
54954087.3857612,6.51397815661332e-08,-0,-1.5640617828812e-43,2.89614386596351e-21
56234132.5190336,6.77384962211621e-08,-0,-1.55886411813314e-43,2.8302195830624e-21
57543993.7337144,7.04596813496036e-08,-0,-1.55226117403899e-43,2.76579592004662e-21
58884365.5355576,7.33091118800168e-08,-0,-1.54417235379107e-43,2.70283871863727e-21
60255958.6074344,7.629279607942e-08,-0,-1.53452645989386e-43,2.64131459809285e-21
61659500.1861468,7.94171140703003e-08,-0,-1.52326345878462e-43,2.58119093751028e-21
63095734.4480179,8.26886694148975e-08,-0,-1.51033613981048e-43,2.52243585852887e-21
64565422.9034641,8.61144695714218e-08,65536,-1.49571160566394e-43,2.46501820842803e-21
66069344.8007581,8.97016311881312e-08,-0,-1.47937253210757e-43,2.40890754360968e-21
67608297.5391967,9.34578806614465e-08,-0,-1.46131813928234e-43,2.35407411345661e-21
69183097.0918921,9.7391183169035e-08,-0,-1.44156482479677e-43,2.30048884455835e-21
70794578.4384122,1.01509830144572e-07,-0,-1.42014642024759e-43,2.24812332529605e-21
72443596.0074974,1.05822604150479e-07,-0,-1.39711404718637e-43,2.19694979077825e-21
74131024.1300901,1.10338629141569e-07,-0,-1.37253556493408e-43,2.14694110811959e-21
75857757.5029167,1.15067461170387e-07,-0,-1.34649462015162e-43,2.09807076205457e-21
77624711.6628674,1.20019178797603e-07,65536,-1.31908932557332e-43,2.05031284087885e-21
79432823.4724264,1.25204255935761e-07,65536,-1.2904306112272e-43,2.00364202271046e-21
81283051.6164081,1.30633709429891e-07,-0,-1.26064030533784e-43,1.95803356206385e-21
83176377.1102652,1.36319026775407e-07,-0,-1.22984901221129e-43,1.91346327672948e-21
85113803.8202357,1.42272287147508e-07,-0,-1.19819386094461e-43,1.86990753495212e-21
87096358.9956061,1.48506126187529e-07,-0,-1.16581620089764e-43,1.82734324290094e-21
89125093.8133725,1.55033760477472e-07,-0,-1.1328593178321e-43,1.7857478324249e-21
91201083.9355889,1.61869054418787e-07,65536,-1.09946623906856e-43,1.74509924908677e-21
93325430.079697,1.69026452787628e-07,65536,-1.06577768706834e-43,1.70537594046962e-21
95499258.6021414,1.7652114648899e-07,-0,-1.03193023004561e-43,1.66655684474944e-21
97723722.0955788,1.84369096592814e-07,-0,-9.98054665826592e-44,1.62862137952782e-21
99999999.9999977,1.92586906932179e-07,-0,-9.64274662544849e-44,1.59154943091899e-21
