frequency_Hz,sigma_min_I_plus_L,min_eigen_distance_to_minus1,max_eigen_gain
1.000000000000000000e+00,9.934300631056890846e-03,4.347720018776056349e+03,1.017817456798741035e+07
1.029207941669012083e+00,1.048250856174090181e-02,4.364052570236006432e+03,9.920801258592251688e+06
1.059268987194563971e+00,1.106239912057901779e-02,4.379641052628772741e+03,9.667895226440941915e+06
1.090208053984335956e+00,1.167638794219058238e-02,4.394510937374243440e+03,9.419534821742521599e+06
1.122050787232198088e+00,1.232642763845311247e-02,4.408687611508767077e+03,9.175784790812944993e+06
1.154823581175344893e+00,1.301935107800476776e-02,4.422196288720567281e+03,8.936696912600185722e+06
1.188553600972312996e+00,1.374834413691557525e-02,4.435061923984547320e+03,8.702310745192041621e+06
1.223268805220006916e+00,1.451953474919506597e-02,4.447309140145212950e+03,8.472654239297103137e+06
1.258997969128395011e+00,1.534212036976793404e-02,4.458962162652272127e+03,8.247744488725553267e+06
1.295770708372101065e+00,1.620624601882924426e-02,4.470044762166882720e+03,8.027588460912014358e+06
1.333617503638647950e+00,1.712406567370733379e-02,4.480580208766346004e+03,7.812183619182696566e+06
1.372569725893697967e+00,1.809286130559118605e-02,4.490591222279640533e+03,7.601518670392441563e+06
1.412659662384252890e+00,1.912563952203878009e-02,4.500099947420350873e+03,7.395574194981379434e+06
1.453920543401338028e+00,2.021191203604818035e-02,4.509127917950302617e+03,7.194323344808014110e+06
1.496386569824383006e+00,2.136954219464154078e-02,4.517696037158634681e+03,6.997732411814076826e+06
1.540092941470105892e+00,2.258739172833282294e-02,4.525824558543239618e+03,6.805761497418536805e+06
1.585075886269422085e+00,2.388376960589007336e-02,4.533533074653884796e+03,6.618365036875640973e+06
1.631372690296535977e+00,2.524898078506823684e-02,4.540840507899641125e+03,6.435492406912401319e+06
1.679021728675136993e+00,2.670142945440439480e-02,4.547765106159066818e+03,6.257088405188119039e+06
1.728062497387282903e+00,2.823066457286212486e-02,4.554324441456224122e+03,6.083093793953981251e+06
1.778535646011377924e+00,2.985664582893983107e-02,4.560535413022338616e+03,5.913445732246990316e+06
1.830483011416337069e+00,3.157734249438848978e-02,4.566414251239857549e+03,5.748078252088909969e+06
1.883947652439901921e+00,3.339114229120488525e-02,4.571976524405662531e+03,5.586922658948849887e+06
1.938973885579839074e+00,3.531676001196855375e-02,4.577237148102813990e+03,5.429907912485998124e+06
1.995607321727592032e+00,3.735314198924825912e-02,4.582210396357261743e+03,5.276961009002892300e+06
2.053894903974863961e+00,3.950812052531732510e-02,4.586909914318133815e+03,5.128007304541628808e+06
2.113884946524442920e+00,4.178656713735996037e-02,4.591348728820538781e+03,4.982970828876561485e+06
2.175627174737531089e+00,4.419121951643333046e-02,4.595539266597280402e+03,4.841774577366903424e+06
2.239172766350781885e+00,4.673797014191373445e-02,4.599493365021196951e+03,4.704340765092390589e+06
2.304574393897194984e+00,4.943051129597759302e-02,4.603222292446738720e+03,4.570591085759627633e+06
2.371886268366043105e+00,5.228177568104228762e-02,4.606736760961529399e+03,4.440446921881642193e+06
2.441164184138008952e+00,5.528842660198550474e-02,4.610046942131030846e+03,4.313829557571406476e+06
2.512465565232791853e+00,5.846591175459492362e-02,4.613162486350855943e+03,4.190660353165197186e+06
2.585849512907512970e+00,6.182025687888852844e-02,4.616092535209942071e+03,4.070860918129580095e+06
2.661376854645357781e+00,6.536447729362394876e-02,4.618845740668835788e+03,3.954353260276762769e+06
2.739110194575097967e+00,6.910210468170437104e-02,4.621430281037620261e+03,3.841059928429496940e+06
2.819113965363242880e+00,7.304777441626573997e-02,4.623853874021543561e+03,3.730904119973167311e+06
2.901454481621868808e+00,7.720460217102743938e-02,4.626123793224506699e+03,3.623809805084278341e+06
2.986199994876374220e+00,8.158781828629020627e-02,4.628246884072914327e+03,3.519701807809265796e+06
3.073420750138725843e+00,8.620416424040014403e-02,4.630229577378716385e+03,3.418505903606389649e+06
3.163189044133109196e+00,9.106234758761497239e-02,4.632077901993583509e+03,3.320148885820076335e+06
3.255579285222205854e+00,9.617205977933472594e-02,4.633797500050121926e+03,3.224558632456385996e+06
3.350668055083819041e+00,1.015415114525071161e-01,4.635393638524968992e+03,3.131664161072622519e+06
3.448534172188928881e+00,1.071795002601821645e-01,4.636871222001779643e+03,3.041395676461528055e+06
3.549258757133817888e+00,1.130949655274484378e-01,4.638234800867977356e+03,2.953684608066854533e+06
3.652925299880411814e+00,1.192912774299008105e-01,4.639488587825582727e+03,2.868463650254900567e+06
3.759619728960577056e+00,1.257777001614167334e-01,4.640636463961023765e+03,2.785666776088766754e+06
3.869430482701722962e+00,1.325569167053349262e-01,4.641681987772274624e+03,2.705229270414295141e+06
3.982448582532772008e+00,1.396316982332726775e-01,4.642628405941289202e+03,2.627087738249626942e+06
4.098767708431227952e+00,1.470033685025282921e-01,4.643478660199408296e+03,2.551180117327384651e+06
4.218484276573916780e+00,1.546721643524008316e-01,4.644235395399245135e+03,2.477445682817373425e+06
4.341697519255731663e+00,1.626322285569552772e-01,4.644900964754416236e+03,2.405825056411766913e+06
4.468509567142646688e+00,1.708794827262280769e-01,4.645477435519268511e+03,2.336260193981858436e+06
4.599025533927170173e+00,1.794052099831494884e-01,4.645966596853697411e+03,2.268694391435718164e+06
4.733353603456411207e+00,1.881943444809130173e-01,4.646369960902252387e+03,2.203072277341746725e+06
4.871605119404972761e+00,1.972324076792534020e-01,4.646688767823405215e+03,2.139339796170432586e+06
5.013894677567012792e+00,2.065005307546849411e-01,4.646923988437745720e+03,2.077444201416649856e+06
5.160340220843958825e+00,2.159741458488495802e-01,4.647076326711811816e+03,2.017334044900448760e+06
5.311063137006624579e+00,2.256270678006150054e-01,4.647146220651063231e+03,1.958959155882561347e+06
5.466188359312753597e+00,2.354271385854572185e-01,4.647133843748487379e+03,1.902270629898000974e+06
5.625844470063391611e+00,2.453396106161978840e-01,4.647039103315954890e+03,1.847220806642473442e+06
5.790163807183937195e+00,2.553266083444689083e-01,4.646861640220404297e+03,1.793763252293013502e+06
5.959282573918189385e+00,2.653489227017127305e-01,4.646600827494401528e+03,1.741852737051030155e+06
6.133340951726350632e+00,2.753616916143921123e-01,4.646255769614799647e+03,1.691445222834415501e+06
6.312483216480536008e+00,2.853210169164027143e-01,4.645825293089187653e+03,1.642497830682995031e+06
6.496857858054116086e+00,2.951835003348805553e-01,4.645307949209814069e+03,1.594968822741202544e+06
6.686617703404022173e+00,3.049024444011182444e-01,4.644702005228076814e+03,1.548817586362549337e+06
6.881920043248029195e+00,3.144355829841984362e-01,4.644005438047202006e+03,1.504004600116882240e+06
7.082926762442021129e+00,3.237415233370070089e-01,4.643215932629477720e+03,1.460491418646354228e+06
7.289804474165310744e+00,3.327812545361019669e-01,4.642330864528674283e+03,1.418240648208846804e+06
7.502724658025233140e+00,3.415204979805566143e-01,4.641347300949156306e+03,1.377215920420925599e+06
7.721863802195491289e+00,3.499287610888628941e-01,4.640261984675246822e+03,1.337381872089670738e+06
7.947403549706071324e+00,3.579800764771672306e-01,4.639071329241533022e+03,1.298704121875412297e+06
8.179530849005983484e+00,3.656544904052250744e-01,4.637771400218992312e+03,1.261149244432382751e+06
8.418438108923632868e+00,3.729367646007625270e-01,4.636357908094531012e+03,1.224684750281328335e+06
8.664323358153261267e+00,3.798169624036552561e-01,4.634826192488946617e+03,1.189279062102089869e+06
8.917390409399658324e+00,3.862898738403326981e-01,4.633171206800287109e+03,1.154901493012139341e+06
9.177849028317210056e+00,3.923556617766266186e-01,4.631387503684944932e+03,1.121522221840777434e+06
9.445915107383296316e+00,3.980185930300633723e-01,4.629469216724115540e+03,1.089112272898379713e+06
9.721810844850185873e+00,4.032861511448571079e-01,4.627410041136212385e+03,1.057643496520718792e+06
1.000576492892374070e+01,4.081698279122178974e-01,4.625203216630611678e+03,1.027088542385950219e+06
1.029801272732158957e+01,4.126830101416298913e-01,4.622841502832262449e+03,9.974208445229511708e+05
1.059879648236793948e+01,4.168418728859070166e-01,4.620317159879248720e+03,9.686145948673542589e+05
1.090836551178666980e+01,4.206637663544446348e-01,4.617621924770355690e+03,9.406447280106110265e+05
1.122697641535918933e+01,4.241672406206382639e-01,4.614746981646461791e+03,9.134868978515338385e+05
1.155489328761836987e+01,4.273713927715129812e-01,4.611682942289997300e+03,8.871174607963226736e+05
1.189238793675479045e+01,4.302956101342508832e-01,4.608419810762702582e+03,8.615134546972126700e+05
1.223974010991678085e+01,4.329593292558007178e-01,4.604946959914565014e+03,8.366525802812419133e+05
1.259723772509108919e+01,4.353815121376970465e-01,4.601253096109960097e+03,8.125131841034713434e+05
1.296517710975622961e+01,4.375805921620196104e-01,4.597326226798852986e+03,7.890742400587777374e+05
1.334386324650639999e+01,4.395742617740525104e-01,4.593153630291015361e+03,7.663153324690491427e+05
1.373361002584963053e+01,4.413794953165355306e-01,4.588721815783509555e+03,7.442166368926211726e+05
1.413474050638959945e+01,4.430122207797749234e-01,4.584016487919764586e+03,7.227589067399228225e+05
1.454758718260685058e+01,4.444874352096486181e-01,4.579022506499308292e+03,7.019234548580079572e+05
1.497249226046129955e+01,4.458191607163841663e-01,4.573723850527563627e+03,6.816921382472425466e+05
1.540980794104457985e+01,4.470204589209552659e-01,4.568103573554070863e+03,6.620473417009279365e+05
1.585989671251729050e+01,4.481033387408291935e-01,4.562143763309471069e+03,6.429719655733946711e+05
1.632313165057304971e+01,4.490789108628227000e-01,4.555825498890165363e+03,6.244494082425257657e+05
1.679989672767858977e+01,4.499573945633663641e-01,4.549128804494374890e+03,6.064635519588970346e+05
1.729058713134605085e+01,4.507481143293418646e-01,4.542032610377679703e+03,5.889987511041969992e+05
1.779560959170137124e+01,4.514596003897634047e-01,4.534514703852412822e+03,5.720398164733770536e+05
1.831538271862029177e+01,4.520996108731685226e-01,4.526551691691363885e+03,5.555720037548623513e+05
1.885033734871138122e+01,4.526752093284484579e-01,4.518118952735926541e+03,5.395809990861144615e+05
1.940091690243373890e+01,4.531927944634170924e-01,4.509190599700343228e+03,5.240529077755153994e+05
1.996757775164536852e+01,4.536581705650735152e-01,4.499739442564673482e+03,5.089742413982988801e+05
2.055078959788689019e+01,4.540765765778101426e-01,4.489736954214889920e+03,4.943319070679399883e+05
2.115103586171409944e+01,4.544527525939462964e-01,4.479153240714155800e+03,4.801131945185299264e+05
2.176881408340222990e+01,4.547909693695214028e-01,4.467957013070700668e+03,4.663057660111457226e+05
2.240463633535379984e+01,4.550950785629203077e-01,4.456115580030890669e+03,4.528976451176556875e+05
2.305902964655223997e+01,4.553685486402864746e-01,4.443594833324988031e+03,4.398772058678866015e+05
2.373253643941275115e+01,4.556145001703657549e-01,4.430359256124674175e+03,4.272331628397627501e+05
2.442571497939281855e+01,4.558357362627452058e-01,4.416371938517022500e+03,4.149545617707935744e+05
2.513913983773484162e+01,4.560347782229828284e-01,4.401594611336719026e+03,4.030307686780224321e+05
2.587340236772453039e+01,4.562138897404182103e-01,4.385987699637439619e+03,3.914514613533843658e+05
2.662911119485989886e+01,4.563751029932861525e-01,4.369510393579078482e+03,3.802066199257161934e+05
2.740689272133700172e+01,4.565202428983342609e-01,4.352120748993605048e+03,3.692865174790739547e+05
2.820739164527067899e+01,4.566509438057070325e-01,4.333775813938177635e+03,3.586817124997232459e+05
2.903127149508071980e+01,4.567686740868102113e-01,4.314431792370232870e+03,3.483830399700838607e+05
2.987921517948628036e+01,4.568747487713876176e-01,4.294044233563788111e+03,3.383816032156426809e+05
3.075192555356456836e+01,4.569703472558052648e-01,4.272568273894789854e+03,3.286687655801568762e+05
3.165012600134287979e+01,4.570565267366811790e-01,4.249958912777884507e+03,3.192361437101929914e+05
3.257456103540697256e+01,4.571342347030962761e-01,4.226171348045017112e+03,3.100755996220640372e+05
3.352599691402281223e+01,4.572043198040352530e-01,4.201161340981054309e+03,3.011792332732281066e+05
3.450522227628305671e+01,4.572675428129738262e-01,4.174885660526887477e+03,2.925393757862973143e+05
3.551304879580501961e+01,4.573245850836626381e-01,4.147302553157735019e+03,2.841485824467944331e+05
3.655031185352166290e+01,4.573760579589921660e-01,4.118372291972958010e+03,2.759996270791715942e+05
3.761787123012351941e+01,4.574225078534910338e-01,4.088057750536460844e+03,2.680854938556718989e+05
3.871661181872536872e+01,4.574644253586217513e-01,4.056325043842269679e+03,2.603993726502736972e+05
3.984744435834848275e+01,4.575022490317056656e-01,4.023144192791610749e+03,2.529346520431427052e+05
4.101130618882631040e+01,4.575363727354112564e-01,3.988489827889981825e+03,2.456849141883622506e+05
4.220916202775953252e+01,4.575671488577762736e-01,3.952341900227534097e+03,2.386439285789561691e+05
4.344200477016420336e+01,4.575948929395974862e-01,3.914686395943769185e+03,2.318056465497276222e+05
4.471085631147609263e+01,4.576198879190550017e-01,3.875516031638406275e+03,2.251641964071370021e+05
4.601676839459325663e+01,4.576423870529790494e-01,3.834830905691857424e+03,2.187138775781242875e+05
4.736082348165896150e+01,4.576626168348559842e-01,3.792639089908989263e+03,2.124491559008217591e+05
4.874413565130762294e+01,4.576807805400366358e-01,3.748957131274610219e+03,2.063646588674061350e+05
5.016785152211741661e+01,4.576970601850301468e-01,3.703810441708364124e+03,2.004551707103916269e+05
5.163315120303506944e+01,4.577116182951797563e-01,3.657233555421756591e+03,1.947156276561684208e+05
5.314124927156058931e+01,4.577246010238809615e-01,3.609270233906087469e+03,1.891411137287249439e+05
5.469339578050274753e+01,4.577361376405635340e-01,3.559973401699563510e+03,1.837268558795863355e+05
5.629087729413984675e+01,4.577463456765916150e-01,3.509404919618545591e+03,1.784682208093825611e+05
5.793501795464459292e+01,4.577553282996327799e-01,3.457635157126347167e+03,1.733607094809197297e+05
5.962718057965700780e+01,4.577631793665352666e-01,3.404742428068178469e+03,1.683999546341365494e+05
6.136876779191526765e+01,4.577699810603923503e-01,3.350812228073848928e+03,1.635817154878543806e+05
6.316122318188065776e+01,4.577758077420926441e-01,3.295936371550988042e+03,1.589018751936890185e+05
6.500603250432047275e+01,4.577807251985500647e-01,3.240211987191707522e+03,1.543564365052551148e+05
6.690472490984055298e+01,4.577847920534582893e-01,3.183740441399451811e+03,1.499415184964317887e+05
6.885887421238845718e+01,4.577880605906020639e-01,3.126626212187707097e+03,1.456533532450956118e+05
7.087010019377773062e+01,4.577905768151159793e-01,3.068975729397323448e+03,1.414882822117604373e+05
7.294006994631462248e+01,4.577923819289971830e-01,3.010896246082737434e+03,1.374427533350228041e+05
7.507049925464022522e+01,4.577935122983957106e-01,2.952494738230308940e+03,1.335133178024542576e+05
7.726315401793335980e+01,4.577939998814413158e-01,2.893876874617229078e+03,1.296966269386352942e+05
7.951985171365303984e+01,4.577938732392407006e-01,2.835146079219338390e+03,1.259894294425030675e+05
8.184246290403389423e+01,4.577931568261918716e-01,2.776402686413473475e+03,1.223885681917774054e+05
8.423291278658318504e+01,4.577918731310863798e-01,2.717743229445233283e+03,1.188909780822478206e+05
8.669318278986466453e+01,4.577900408202245086e-01,2.659259819516588323e+03,1.154936825783223176e+05
8.922531221589201778e+01,4.577876774350725375e-01,2.601039675505422565e+03,1.121937918574894575e+05
9.183139993049316274e+01,4.577847978553373220e-01,2.543164744598064772e+03,1.089884997901477473e+05
9.451360610304671184e+01,4.577814146850813781e-01,2.485711442824802361e+03,1.058750814990806248e+05
9.727415399703245669e+01,4.577775401867044680e-01,2.428750504460819229e+03,1.028508913563714596e+05
1.001153318128802994e+02,4.577731840181678002e-01,2.372346903264677621e+03,9.991336015764629701e+04
1.030394945846446006e+02,4.577683560377904803e-01,2.316559877356537072e+03,9.705999345061497297e+04
1.060490661320773995e+02,4.577630663959124102e-01,2.261447341234682426e+03,9.428836867208477634e+04
1.091465410697163065e+02,4.577573185420405477e-01,2.207048329257794194e+03,9.159613384901647805e+04
1.123344868746549992e+02,4.577511216085972112e-01,2.153410227151176059e+03,8.898100474674178986e+04
1.156155460147083005e+02,4.577444826604693540e-01,2.100570610600999771e+03,8.644076341985720501e+04
1.189924381387368015e+02,4.577374089232756349e-01,2.048562178663592022e+03,8.397325619509117678e+04
1.224679623309466052e+02,4.577299069499735640e-01,1.997413011292909232e+03,8.157639156675110280e+04
1.260449994310315986e+02,4.577219837814241465e-01,1.947146850550096588e+03,7.924813856701590703e+04
1.297265144220837954e+02,4.577136468098044753e-01,1.897783383365347618e+03,7.698652499286767852e+04
1.335155588882483073e+02,4.577049040802083635e-01,1.849338524419259784e+03,7.478963569401743007e+04
1.374152735441616926e+02,4.576957636776715077e-01,1.801824692299283925e+03,7.265561076105048414e+04
1.414288908382708883e+02,4.576862347784100837e-01,1.755251089812421014e+03,7.058264411943819141e+04
1.455597376321881882e+02,4.576763278797231771e-01,1.709623969701605120e+03,6.856898196003143676e+04
1.498112379583058100e+02,4.576660532189928965e-01,1.664946880260426724e+03,6.661292092961983872e+04
1.541869158579544887e+02,4.576554230815077506e-01,1.621220920920883145e+03,6.471280704769058502e+04
1.586903983024583908e+02,4.576444502194970676e-01,1.578444963337980198e+03,6.286703398754986119e+04
1.633254181995089027e+02,4.576331487781565843e-01,1.536615873275298327e+03,6.107404183339226438e+04
1.680958174873470909e+02,4.576215340070652338e-01,1.495728712240007098e+03,5.933231568555143895e+04
1.730055503193223956e+02,4.576096246626232822e-01,1.455779150301030541e+03,5.764038407434599503e+04
1.780586863414644938e+02,4.575974335515321512e-01,1.416754574446939841e+03,5.599681878157652682e+04
1.832594140657868991e+02,4.575849819293216214e-01,1.378648135957478189e+03,5.440023198089691141e+04
1.886120443421177129e+02,4.575722894213761216e-01,1.341449447065447657e+03,5.284927608024083747e+04
1.941210139313353125e+02,4.575593778457494598e-01,1.305147142567969922e+03,5.134264248971413326e+04
1.997908891829711990e+02,4.575462686732773565e-01,1.269728996335149532e+03,4.987906013578284183e+04
2.056263698202274099e+02,4.575329855063514084e-01,1.235182050345373000e+03,4.845729472762793011e+04
2.116322928355473039e+02,4.575195519520061649e-01,1.201492713240317698e+03,4.707614741765098734e+04
2.178136364999672026e+02,4.575059933662475320e-01,1.168646866013516728e+03,4.573445400882980175e+04
2.241755244895736041e+02,4.574923363805873389e-01,1.136630466875468755e+03,4.443108375559400156e+04
2.307232301324852131e+02,4.574786045663696288e-01,1.105427503736180142e+03,4.316493846922469675e+04
2.374621807798808106e+02,4.574648255649555462e-01,1.075023330980746323e+03,4.193495157082894730e+04
2.443979623046959091e+02,4.574510268361060561e-01,1.045402516210217527e+03,4.074008726678050880e+04
2.515363237317168910e+02,4.574372347560151653e-01,1.016549460679932054e+03,3.957933943408342748e+04
2.588831820029104733e+02,4.574234779889791436e-01,9.884488035464581799e+02,3.845173106888111943e+04
2.664446268819397119e+02,4.574097810797542185e-01,9.610840707223436539e+02,3.735631306178867089e+04
2.742269260019289732e+02,4.573961712745235886e-01,9.344398528018651859e+02,3.629216370693602221e+04
2.822365300606658138e+02,4.573826753617273866e-01,9.085003956769198794e+02,3.525838786323656677e+04
2.904800781675419898e+02,4.573693185203167033e-01,8.832499992830456677e+02,3.425411602404365112e+04
2.989644033466695987e+02,4.573561261755867413e-01,8.586730544893238175e+02,3.327850379017680825e+04
3.076965382007301173e+02,4.573431217039238272e-01,8.347540653517588680e+02,3.233073084092120916e+04
3.166837207402538752e+02,4.573303287250116145e-01,8.114776773853102441e+02,3.141000060930021937e+04
3.259334003831609152e+02,4.573177697555464993e-01,7.888288681079595790e+02,3.051553930457042588e+04
3.354532441295348804e+02,4.573054650859018078e-01,7.667922627909945277e+02,2.964659548730712777e+04
3.452511429167511778e+02,4.572934349939088428e-01,7.453532280109760677e+02,2.880243917306635558e+04
3.553352181602232918e+02,4.572816990279577332e-01,7.244974182141139636e+02,2.798236135372608624e+04
3.657138284851927779e+02,4.572702730100364210e-01,7.042098859407507234e+02,2.718567347655097547e+04
3.763955766551392799e+02,4.572591747103283977e-01,6.844768728046445858e+02,2.641170668645493788e+04
3.873893167025566981e+02,4.572484180949574761e-01,6.652842219185939712e+02,2.565981128378579160e+04
3.987041612680034177e+02,4.572380171753280820e-01,6.466183775033962320e+02,2.492935626160910397e+04
4.103494891535115130e+02,4.572279848913765599e-01,6.284660004206600661e+02,2.421972870417617742e+04
4.223349530966161183e+02,4.572183328843725247e-01,6.108138194168940345e+02,2.353033337908878821e+04
4.346704877714469148e+02,4.572090702971077780e-01,5.936488496596317646e+02,2.286059194900427246e+04
4.473663180235163281e+02,4.572002072971066422e-01,5.769585277040480378e+02,2.220994282278840183e+04
4.604329673450276914e+02,4.571917516670253034e-01,5.607304640558364781e+02,2.157784040038105377e+04
4.738812665977313827e+02,4.571837109047362513e-01,5.449525891765622418e+02,2.096375478915874191e+04
4.877223629905553821e+02,4.571760917347457154e-01,5.296130270271099789e+02,2.036717127390214227e+04
5.019677293194562253e+02,4.571688989368243305e-01,5.147000215970550698e+02,1.978758993182815539e+04
5.166291734771451729e+02,4.571621382398129985e-01,5.002023902951070227e+02,1.922452511368468549e+04
5.317188482405754257e+02,4.571558142042950190e-01,4.861090024940889407e+02,1.867750513804439106e+04
5.472492613443002938e+02,4.571499304598745650e-01,4.724089989406541008e+02,1.814607180514890206e+04
5.632332858480544928e+02,4.571444908830589737e-01,4.590918889537540508e+02,1.762978001620390933e+04
5.796841708071503945e+02,4.571394990747533749e-01,4.461473481188187975e+02,1.712819749687069270e+04
5.966155522545351459e+02,4.571349579110368655e-01,4.335652165245238052e+02,1.664090436896054598e+04
6.140414645036108823e+02,4.571308712769379112e-01,4.213357924650089785e+02,1.616749268872113862e+04
6.319763517811869633e+02,4.571272417297786994e-01,4.094494102713471193e+02,1.570756629090673232e+04
6.504350802002068122e+02,4.571240728253472274e-01,3.978967571340957079e+02,1.526074030248964118e+04
6.694329500821735337e+02,4.571213686810999821e-01,3.866687465251961271e+02,1.482664089303900801e+04
6.889857086394881662e+02,4.571191329300706707e-01,3.757564589223059102e+02,1.440490497114504069e+04
7.091095630282131879e+02,4.571173700416362728e-01,3.651512651636717806e+02,1.399517980249398715e+04
7.298211937820797175e+02,4.571160852882731329e-01,3.548447674859110066e+02,1.359712274896531562e+04
7.511377686388752863e+02,4.571152838270381991e-01,3.448286747432585457e+02,1.321040105808543194e+04
7.730769567706712451e+02,4.571149722131104820e-01,3.350950913288198194e+02,1.283469140654546391e+04
7.956569434296861800e+02,4.571151576170358055e-01,3.256361187857919504e+02,1.246967985481004325e+04
8.188964450219247055e+02,4.571158475889244288e-01,3.164442610356246632e+02,1.211506133223260258e+04
8.428147246210862704e+02,4.571170512823606313e-01,3.075120746809791967e+02,1.177053960209118850e+04
8.674316079356032105e+02,4.571187789743726415e-01,2.988324133714271511e+02,1.143582686074202138e+04
8.927674997420434693e+02,4.571210411640670990e-01,2.903982570980251694e+02,1.111064358939632075e+04
9.188434007984986920e+02,4.571238500724937870e-01,2.822027801410401935e+02,1.079471825188213552e+04
9.456809252519777829e+02,4.571272197677767601e-01,2.742393950858403855e+02,1.048778711715450481e+04
9.733023185542347164e+02,4.571311647416835822e-01,2.665016142246581694e+02,1.018959401468473698e+04
1.001730475900880947e+03,4.571357015596480555e-01,2.589831906912305612e+02,9.899890100678299859e+03
1.030988961209065110e+03,4.571408478807401088e-01,2.516780002234419271e+02,9.618433689500810942e+03
1.061102026649454956e+03,4.571466232339062019e-01,2.445801110881818374e+02,9.344990030707989717e+03
1.092094632748701997e+03,4.571530491618570613e-01,2.376837520496675609e+02,9.079331100801493449e+03
1.123992469079066950e+03,4.571601479676256630e-01,2.309832989062709885e+02,8.821235417591071382e+03
1.156821975552337108e+03,4.571679450291928903e-01,2.244732881653298477e+02,8.570487880503742417e+03
1.190610364335700979e+03,4.571764667030267515e-01,2.181484058090493647e+02,8.326879538787463389e+03
1.225385642407738942e+03,4.571857425143142639e-01,2.120034884729290070e+02,8.090207466197385656e+03
1.261176634773228898e+03,4.571958028380429528e-01,2.060335074523871981e+02,7.860274535445312722e+03
1.298013008356005912e+03,4.572066811923045093e-01,2.002335777779267687e+02,7.636889286894710494e+03
1.335925296589686923e+03,4.572184137021195749e-01,1.945989501805816815e+02,7.419865760961431079e+03
1.374944924726635918e+03,4.572310377638561518e-01,1.891250089599467969e+02,7.209023291545687243e+03
1.415104235886155948e+03,4.572445946823486262e-01,1.838072629350871239e+02,7.004186402885388816e+03
1.456436517863490053e+03,4.572591280232389810e-01,1.786413486527903274e+02,6.805184607122157104e+03
1.498976030721865982e+03,4.572746838263770930e-01,1.736230244409656223e+02,6.611852257379406183e+03
1.542758035190437113e+03,4.572913113470763458e-01,1.687481692794729327e+02,6.424028389212324328e+03
1.587818821891677999e+03,4.573090631924871530e-01,1.640127774049121570e+02,6.241556580604158626e+03
1.634195741422450055e+03,4.573279951069061378e-01,1.594129481607993739e+02,6.064284786080180311e+03
1.681927235313663914e+03,4.573481658757876933e-01,1.549449025598718208e+02,5.892065177502172446e+03
1.731052867894228029e+03,4.573696382874931632e-01,1.506049596722234867e+02,5.724754030531514218e+03
1.781613359085657976e+03,4.573924785862293341e-01,1.463895453239276492e+02,5.562211564569299298e+03
1.833650618154565109e+03,4.574167572357265565e-01,1.422951885870362219e+02,5.404301823228753165e+03
1.887207778450971091e+03,4.574425477289206232e-01,1.383185120122022056e+02,5.250892553392107402e+03
1.942329233161271986e+03,4.574699288807900777e-01,1.344562368038555746e+02,5.101855114971897819e+03
1.999060672105463027e+03,4.574989830905775712e-01,1.307051768497223918e+02,4.957064368136919256e+03
2.057449119609134868e+03,4.575297978254005415e-01,1.270622390078966930e+02,4.816398602789307915e+03
2.117542973481638001e+03,4.575624651253594188e-01,1.235244128976073483e+02,4.679739467607728329e+03
2.179392045132715793e+03,4.575970810728800520e-01,1.200887780144306873e+02,4.546971883886350042e+03
2.243047600860861166e+03,4.576337484090454155e-01,1.167524964025690366e+02,4.417984017946801032e+03
2.308562404347621850e+03,4.576725734082876529e-01,1.135128104696663911e+02,4.292667183830953945e+03
2.375990760393081018e+03,4.577136693567549486e-01,1.103670421695165516e+02,4.170915818956794283e+03
2.445388559928754148e+03,4.577571534578743773e-01,1.073125899237700338e+02,4.052627384249757597e+03
2.516813326345221867e+03,4.578031503914674616e-01,1.043469260987151586e+02,3.937702337768346752e+03
2.590324263172904921e+03,4.578517895824921746e-01,1.014675964846926917e+02,3.826044030265572928e+03
2.665982303155485170e+03,4.579032070477948024e-01,9.867221679441350091e+01,3.717558653081551256e+03
2.743850158756667952e+03,4.579575446138789419e-01,9.595847248369275917e+01,3.612155150861973198e+03
2.823992374142142125e+03,4.580149513816458295e-01,9.332411453935561951e+01,3.509745159383979171e+03
2.906475378679820096e+03,4.580755820695630032e-01,9.076695829525428394e+01,3.410242909135623449e+03
2.991367542002718892e+03,4.581395987052662155e-01,8.828488366815714983e+01,3.313565160421224846e+03
3.078739230680109813e+03,4.582071691451705120e-01,8.587582995755531101e+01,3.219631114222844644e+03
3.168662866543912969e+03,4.582784692745158206e-01,8.353779759115873560e+01,3.128362351934710659e+03
3.261212986718691809e+03,4.583536807504143828e-01,8.126884397682238159e+01,3.039682741943791825e+03
3.356466305404995182e+03,4.584329926934358479e-01,7.906708290470618294e+01,2.953518381341405529e+03
3.454501777467267857e+03,4.585166002819470177e-01,7.693068238302754480e+01,2.869797514617363504e+03
3.555400663879030162e+03,4.586047065136953926e-01,7.485786423934500533e+01,2.788450478898324036e+03
3.659246599079574025e+03,4.586975201310946049e-01,7.284690133928938849e+01,2.709409624493345291e+03
3.766125660298021103e+03,4.587952562137055934e-01,7.089611576948550464e+01,2.632609257817769503e+03
3.876126438902173959e+03,4.588981369030873392e-01,6.900387986274242280e+01,2.557985586176273046e+03
3.989340113831342933e+03,4.590063890577483763e-01,6.716861162997507506e+01,2.485476646035801423e+03
4.105860527173977971e+03,4.591202460006802988e-01,6.538877548766726022e+01,2.415022260980315423e+03
4.225784261952773704e+03,4.592399452247540870e-01,6.366288031033963790e+01,2.346563975173927702e+03
4.349210722181718666e+03,4.593657293903856687e-01,6.198947763710341263e+01,2.280045011417107617e+03
4.476242215261443562e+03,4.594978444160118802e-01,6.036716096679214161e+01,2.215410212736591802e+03
4.606984036781167561e+03,4.596365395904490891e-01,5.879456466039709994e+01,2.152605998814308350e+03
4.741544557797542438e+03,4.597820658600313415e-01,5.727036168412293193e+01,2.091580315177429384e+03
4.880035314662713063e+03,4.599346762045358750e-01,5.579326359243029998e+01,2.032282594699683386e+03
5.022571101476099102e+03,4.600946224201110657e-01,5.436201822389519833e+01,1.974663703137350240e+03
5.169270065236477421e+03,4.602621556168894901e-01,5.297540951235633599e+01,1.918675906128223005e+03
5.320253803773273830e+03,4.604375239730071900e-01,5.163225582711360317e+01,1.864272824216795698e+03
5.475647466538222034e+03,4.606209716744238403e-01,5.033140885913807239e+01,1.811409395718438873e+03
5.635579858340943247e+03,4.608127359731082340e-01,4.907175232822918787e+01,1.760041832756320900e+03
5.800183546114423734e+03,4.610130470928625046e-01,4.785220154748981258e+01,1.710127592848451286e+03
5.969594968798895934e+03,4.612221237365041193e-01,4.667170135648824214e+01,1.661625331877103690e+03
6.143954550435200872e+03,4.614401733734201372e-01,4.552922609798710596e+01,1.614494880785623081e+03
6.323406816561372580e+03,4.616673879954703574e-01,4.442377781907797640e+01,1.568697203774030640e+03
6.508100514008929167e+03,4.619039419087648257e-01,4.335438568657415459e+01,1.524194367432052559e+03
6.698188734198168277e+03,4.621499890492173912e-01,4.232010465277817701e+01,1.480949509440418751e+03
6.893829040034659556e+03,4.624056604127156911e-01,4.132001469300173113e+01,1.438926809122487157e+03
7.095183596512132681e+03,4.626710601259986233e-01,4.035321972162336834e+01,1.398091454303242244e+03
7.302419305129988970e+03,4.629462628677857849e-01,3.941884679579728612e+01,1.358409614760397972e+03
7.515707942236892450e+03,4.632313098868809376e-01,3.851604487258793341e+01,1.319848411692370746e+03
7.735226301415075795e+03,4.635262065901021855e-01,3.764398415012820465e+01,1.282375893974436622e+03
7.961156340023413577e+03,4.638309179073508148e-01,3.680185513864302038e+01,1.245961007587893619e+03
8.193685330020702168e+03,4.641453652641217564e-01,3.598886755972169738e+01,1.210573571589113044e+03
8.433006013194184561e+03,4.644694231564641118e-01,3.520424980996482844e+01,1.176184253386553564e+03
8.679316760921987225e+03,4.648029155610798324e-01,3.444724783150380887e+01,1.142764543971817147e+03
8.932821738601873221e+03,4.651456125356324134e-01,3.371712453036511192e+01,1.110286734295265433e+03
9.193731074882638495e+03,4.654972272677203038e-01,3.301315878741336718e+01,1.078723893158829924e+03
9.462261035838391763e+03,4.658574126329534937e-01,3.233464486081106060e+01,1.048049843833491650e+03
9.738634204230123942e+03,4.662257583221042778e-01,3.168089152999814218e+01,1.018239142312001604e+03
1.002307966400312034e+04,4.666017887006531084e-01,3.105122147651593423e+01,9.892670574839753499e+02
1.031583319017317990e+04,4.669849613903485075e-01,3.044497061973764218e+01,9.611095525368600647e+02
1.061713744425902041e+04,4.673746638699024514e-01,2.986148741409988006e+01,9.337432610864725575e+02
1.092724217542281986e+04,4.677702136295332491e-01,2.930013233916180582e+01,9.071454717363545797e+02
1.124640442748572968e+04,4.681708560456650514e-01,2.876027722982198043e+01,8.812941064674921563e+02
1.157488875198985079e+04,4.685757662849119876e-01,2.824130493254807206e+01,8.561677076974560805e+02
1.191296742748327051e+04,4.689840473132396714e-01,2.774260867447094014e+01,8.317454157006046671e+02
1.226092068521003966e+04,4.693947319242108285e-01,2.726359170051151892e+01,8.080069544509624393e+02
1.261903694139203981e+04,4.698067842862876375e-01,2.680366689857075357e+01,7.849326154732191299e+02
1.298761303629532085e+04,4.702191018034722614e-01,2.636225644452514771e+01,7.625032416853107406e+02
1.336695448027914063e+04,4.706305178114219556e-01,2.593879152121519738e+01,7.407002122406559010e+02
1.375737570703146048e+04,4.710398040723581259e-01,2.553271200077529102e+01,7.195054265419328203e+02
1.415920033420111940e+04,4.714456759607383307e-01,2.514346637457083489e+01,6.989012928028420220e+02
1.457276143164232053e+04,4.718467945613389891e-01,2.477051143651276277e+01,6.788707104889011816e+02
1.499840179749415074e+04,4.722417736336713689e-01,2.441331232657974581e+01,6.593970613219958068e+02
1.543647424232376034e+04,4.726291813876531966e-01,2.407134227851114261e+01,6.404641910449811348e+02
1.588734188156876007e+04,4.730075482940851450e-01,2.374408274492185100e+01,6.220564016471336117e+02
1.635137843652127049e+04,4.733753703415253256e-01,2.343102328281434410e+01,6.041584359951575607e+02
1.682896854410312153e+04,4.737311147446192638e-01,2.313166161603592386e+01,5.867554669694347922e+02
1.732050807568891832e+04,4.740732247399226384e-01,2.284550369395264013e+01,5.698330855905898034e+02
1.782640446524128856e+04,4.744001247053077908e-01,2.257206376317357410e+01,5.533772902128490614e+02
1.834707704703027048e+04,4.747102243738857696e-01,2.231086448201505945e+01,5.373744751761934140e+02
1.888295740321679841e+04,4.750019229348377281e-01,2.206143703618590379e+01,5.218114201360729112e+02
1.943448972158839024e+04,4.752736132618740617e-01,2.182332128990380937e+01,5.066752804553862575e+02
2.000213116374356105e+04,4.755236833357970871e-01,2.159606582738465619e+01,4.919535749571444398e+02
2.058635224403009852e+04,4.757505210574136667e-01,2.137922826019292444e+01,4.776341791301916260e+02
2.118763721955145957e+04,4.759525138401063948e-01,2.117237521194916283e+01,4.637053127369671870e+02
2.180648449156431161e+04,4.761280502898581624e-01,2.097508250776339267e+01,4.501555313381575161e+02
2.244340701860012996e+04,4.762755215818604282e-01,2.078693537020567561e+01,4.369737183686953017e+02
2.309893274165329058e+04,4.763933193828362445e-01,2.060752842848763322e+01,4.241490743583690346e+02
2.377360502178793104e+04,4.764798352017494687e-01,2.043646585212023581e+01,4.116711089542699256e+02
2.446798309052643890e+04,4.765334583920954881e-01,2.027336143119352485e+01,3.995296324463562883e+02
2.518264251339290058e+04,4.765525743810185011e-01,2.011783869933659830e+01,3.877147484600735652e+02
2.591817566699565941e+04,4.765355589653310076e-01,1.996953080366467859e+01,3.762168435647750471e+02
2.667519223004447122e+04,4.764807763945350660e-01,1.982808064873568199e+01,3.650265816495784179e+02
2.745431968870928904e+04,4.763865745783502637e-01,1.969314087498008803e+01,3.541348960649669380e+02
2.825620385673952114e+04,4.762512782792341359e-01,1.954422296908764878e+01,3.435329807569875697e+02
2.908150941077487005e+04,4.760731860526063453e-01,1.935452621928458683e+01,3.332122854421996863e+02
2.993092044129160058e+04,4.758505624973343728e-01,1.917294498074030429e+01,3.231645071200989605e+02
3.080514101964067959e+04,4.755816323770620802e-01,1.899909947577577896e+01,3.133815838193828540e+02
3.170489578164802879e+04,4.752645752985732441e-01,1.883261871198618209e+01,3.038556891855039908e+02
3.263093052826050916e+04,4.748975180762329273e-01,1.867314035813026507e+01,2.945792255340440988e+02
3.358401284373552335e+04,4.744785288926317568e-01,1.852031075421599837e+01,2.855448186807434467e+02
3.456493273188669264e+04,4.740056105669191999e-01,1.837378482579965677e+01,2.767453123162825932e+02
3.557450327091295912e+04,4.734766938827210669e-01,1.823322597869271533e+01,2.681737626610167808e+02
3.661356128735386301e+04,4.728896323925383394e-01,1.809830607386056656e+01,2.598234342821559721e+02
3.768296804972967948e+04,4.722421955375959990e-01,1.796870523045165058e+01,2.516877948423679356e+02
3.878360998244141956e+04,4.715320640312751777e-01,1.784411175968289243e+01,2.437605114154597175e+02
3.991639940052227757e+04,4.707568249083855516e-01,1.772422201880202763e+01,2.360354465440998695e+02
4.108227526584971201e+04,4.699139663770933728e-01,1.760874019144796421e+01,2.285066541163851923e+02
4.228220396544493997e+04,4.690008753066163827e-01,1.749737820303501934e+01,2.211683767595094992e+02
4.351718011250491691e+04,4.680148349859631351e-01,1.738985558109545337e+01,2.140150430848292729e+02
4.478822737083084212e+04,4.669530213155567711e-01,1.728589911333580176e+01,2.070412638432945869e+02
4.609639930333651137e+04,4.658125048194384221e-01,1.718524285182461497e+01,2.002418310085457733e+02
4.744278024533983989e+04,4.645902501876729151e-01,1.708762782391699986e+01,1.936117149829606774e+02
4.882848620336147724e+04,4.632831194482254777e-01,1.699280189489971704e+01,1.871460632805536761e+02
5.025466578017541178e+04,4.618878760136480577e-01,1.690051955823229690e+01,1.808401988884278353e+02
5.172250112687845831e+04,4.604011921187146084e-01,1.681054182235337890e+01,1.746896196209178242e+02
5.323320892276772793e+04,4.588196570297317645e-01,1.672263597277705216e+01,1.686899968601221644e+02
5.478804138383825193e+04,4.571397898347296929e-01,1.663657546780631336e+01,1.628371753708923961e+02
5.638828730073681072e+04,4.553580545799983947e-01,1.655213976703147338e+01,1.571271728949598412e+02
5.803527310703221156e+04,4.534708807384343898e-01,1.646911427737153133e+01,1.515561805607793247e+02
5.973036397868757922e+04,4.514746863234475049e-01,1.638729017159699097e+01,1.461205627025318279e+02
6.147496496564592962e+04,4.493659078548412622e-01,1.630646434259450217e+01,1.408168575431353418e+02
6.327052215646705736e+04,4.471410357881133724e-01,1.622643933069234379e+01,1.356417777666043492e+02
6.511852387698106759e+04,4.447966573043061200e-01,1.614702330176405454e+01,1.305922113816432386e+02
6.702050192395209160e+04,4.423295073629786023e-01,1.606803007240592862e+01,1.256652227427189104e+02
6.897803283477478544e+04,4.397365270611170440e-01,1.598927903413771467e+01,1.208580530685900669e+02
7.099273919425607892e+04,4.370149348647562881e-01,1.591059532417393996e+01,1.161681219464334447e+02
7.306629097956528130e+04,4.341623060943291534e-01,1.583180982435927042e+01,1.115930278674336904e+02
7.520040694446746784e+04,4.311766659437866189e-01,1.575275934500030139e+01,1.071305493188042135e+02
7.739685604398742726e+04,4.280565924674859524e-01,1.567328671390914963e+01,1.027786451843723228e+02
7.965745890068511653e+04,4.248013320257664760e-01,1.559324102069703066e+01,9.853545534084243229e+01
8.198408931375804241e+04,4.214109216411628389e-01,1.551247776279887525e+01,9.439930046692253995e+01
8.437867581222135050e+04,4.178863176585149164e-01,1.543085918132657319e+01,9.036868198217537440e+01
8.684320325345317542e+04,4.142295192078817578e-01,1.534825446656038395e+01,8.644228091384070467e+01
8.937971446843017475e+04,4.104436784214888223e-01,1.526454010389411664e+01,8.261895656162037938e+01
9.199031195501702314e+04,4.065331786415836146e-01,1.517960019627897594e+01,7.889774430383772597e+01
9.467715962071336980e+04,4.025036588078791944e-01,1.509332681334622528e+01,7.527785264910392016e+01
9.744248457630288613e+04,3.983619565336761759e-01,1.500562040017771714e+01,7.175865952695149019e+01
1.002885789818910998e+05,3.941159367945207270e-01,1.491639006217322816e+01,6.833970728648867521e+01
1.032178019468622952e+05,3.897741824283873502e-01,1.482555405611351063e+01,6.502069720769127059e+01
1.062325814853298943e+05,3.853455280666175375e-01,1.473304013169187421e+01,6.180148253089756594e+01
1.093354165287018986e+05,3.808384553890049040e-01,1.463878593628320957e+01,5.868206054410021721e+01
1.125288789970294019e+05,3.762604112417547442e-01,1.454273930671517157e+01,5.566256330038894617e+01
1.158156159308539063e+05,3.716171787246822511e-01,1.444485869185535343e+01,5.274324745828399585e+01
1.191983516853229958e+05,3.669124898908238674e-01,1.400118896618558928e+01,4.992448265010764175e+01
1.226798901883901999e+05,3.621481128963666141e-01,1.337447224621639563e+01,4.720673864980564360e+01
1.262631172649734945e+05,3.573246247542432585e-01,1.283335139526568369e+01,4.459057124347474144e+01
1.299510030289965071e+05,3.524429800220216236e-01,1.237262335242514411e+01,4.207660679694951966e+01
1.337466043452970043e+05,3.475068076423732943e-01,1.198646187342748171e+01,3.966552507287767071e+01
1.376530673634429113e+05,3.425251753992849535e-01,1.166851649298594396e+01,3.735804062871286391e+01
1.416736301255548897e+05,3.375154098947759085e-01,1.141206249864191236e+01,3.515488176936565878e+01
1.458116252502991993e+05,3.325055450350614672e-01,1.121018565245308096e+01,3.305676706334908488e+01
1.500704826952737931e+05,3.275360782059891229e-01,1.105597996880629275e+01,3.106437858629499971e+01
1.544537326000778121e+05,3.226609018204302237e-01,1.094273637137967015e+01,2.917833079647325079e+01
1.589650082124219916e+05,3.179474679787046010e-01,1.086410407511809773e+01,2.739913411379365726e+01
1.636080488997045031e+05,3.134763542543039794e-01,1.081421315000390848e+01,2.572715189292473070e+01
1.683867032485479140e+05,3.093404115844393121e-01,1.078775374221909544e+01,2.416254939238683619e+01
1.733049322548687051e+05,3.056436126667331776e-01,1.078001323193004524e+01,2.274912691859122660e+01
1.783668126071208972e+05,3.024996224869661021e-01,1.078687619463092950e+01,2.144296141592565164e+01
1.835765400654372934e+05,3.000300231110407112e-01,1.080479329682694534e+01,2.024011267354809362e+01
1.889384329394676024e+05,2.983620812804872457e-01,1.083072467278689999e+01,1.913932063226042146e+01
1.944569356677980977e+05,2.976259584952698489e-01,1.086206167217119400e+01,1.813872907085686492e+01
2.001366225019179110e+05,2.979513332367880185e-01,1.089652900448551875e+01,1.723579691222010624e+01
2.059822012977869890e+05,2.994635305930670732e-01,1.093206876527953675e+01,1.642722627760539922e+01
2.119985174181474140e+05,3.022793919762987169e-01,1.096671091964217304e+01,1.570891952416324244e+01
2.181905577488135896e+05,3.065032546097373745e-01,1.099844446981424539e+01,1.507597757848068376e+01
2.245634548322701885e+05,3.122234764803361040e-01,1.102512094205824411e+01,1.452274818757762098e+01
2.311224911220028880e+05,3.195099259085779630e-01,1.104443971441442507e+01,1.411612759630184755e+01
2.378731033610911109e+05,3.284127318654456174e-01,1.105406182904009782e+01,1.385835035105987423e+01
2.448208870886886143e+05,3.389624009081402822e-01,1.105185156231396348e+01,1.360190041197284039e+01
2.519716012781308091e+05,3.511711897970078988e-01,1.103616549102784639e+01,1.334698586540146081e+01
2.593311731105099898e+05,3.650354521360191784e-01,1.100606281249951479e+01,1.309381468868875409e+01
2.669057028876782279e+05,3.805385788866385011e-01,1.084501879751686104e+01,1.284259255965856639e+01
2.747014690887480974e+05,3.976541461587479453e-01,1.068687517006081045e+01,1.259352077750324561e+01
2.827249335742840776e+05,4.163489465448028115e-01,1.053647277657096204e+01,1.234679431719879084e+01
2.909827469424970914e+05,4.365856769146015393e-01,1.039301498075443320e+01,1.210260003730914846e+01
2.994817540418824065e+05,4.583251626601907436e-01,1.025568289758853169e+01,1.188771745712160133e+01
3.082289996448709862e+05,4.815280820808339191e-01,1.012370572187305839e+01,1.177478470354325069e+01
3.172317342871963046e+05,5.061562189743007423e-01,9.996392532935695741e+00,1.167001834298254970e+01
3.264974202778161853e+05,5.321733037339817507e-01,9.873139712640423227e+00,1.157052941332391960e+01
3.360337378843735205e+05,5.595455179999997419e-01,9.753425367709642302e+00,1.147396305385502835e+01
3.458485916993201827e+05,5.882417387738121395e-01,9.636798322967321084e+00,1.137844551422399952e+01
3.559501171919839107e+05,6.182335873164115370e-01,9.522865911221225943e+00,1.128252645901181062e+01
3.663466874520052806e+05,6.494953384669746033e-01,9.411282870868751260e+00,1.118511909244070601e+01
3.770469201297392137e+05,6.820037330846905332e-01,9.301742190820057488e+00,1.108544094875827390e+01
3.880596845793692046e+05,7.157377242842413168e-01,9.193967959153164671e+00,1.098295831160015723e+01
3.993941092106585857e+05,7.506781800587192244e-01,9.087710023541756499e+00,1.087733667626114631e+01
4.110595890554303769e+05,7.868075563849679099e-01,8.982740105502994510e+00,1.076839844413081337e+01
4.230657935550495167e+05,8.241095486230060052e-01,8.878848911006798517e+00,1.065608774875775566e+01
4.354226745753596188e+05,8.625687270679825991e-01,8.775844131002967785e+00,1.054044160129147834e+01
4.481404746557218023e+05,9.021701556121559662e-01,8.673548868534744827e+00,1.042156617392041262e+01
4.612297354989894084e+05,9.428989941851124712e-01,8.571800521668702544e+00,1.029961734981332278e+01
4.747013067094577127e+05,9.847400814219464671e-01,8.460968586386204748e+00,1.017478485432486757e+01
4.885663547860311810e+05,1.027677494204670916e+00,8.313194689159301376e+00,1.004727951682992249e+01
5.028363723780632718e+05,1.071694080664152837e+00,8.166233893842939295e+00,9.917323340685513244e+00
5.175231878115392756e+05,1.116770961707223231e+00,8.020251242227317334e+00,9.785141995589269115e+00
5.326389748934998643e+05,1.162886998276609241e+00,7.875385480660525239e+00,9.650959406220712467e+00
5.481962630028314888e+05,1.210018220112531795e+00,7.731752280599409666e+00,9.514994028174537988e+00
5.642079474757885328e+05,1.258137213973985480e+00,7.589447237320822381e+00,9.377456441120676445e+00
5.806873002948543290e+05,1.307212469850264736e+00,7.448548619908192947e+00,9.238547946877929462e+00
5.976479810898024589e+05,1.357207685016008414e+00,7.309119861794749262e+00,9.098459892803514748e+00
6.151040484600760974e+05,1.408081028366534149e+00,7.171211802135656121e+00,8.957373493992516700e+00
6.330699716278710403e+05,1.459784368601414695e+00,7.034864685883297497e+00,8.815460023062350103e+00
6.515606424315809272e+05,1.512262474322380479e+00,6.900109942446593259e+00,8.672881211821522385e+00
6.705913876695464132e+05,1.565452195390961920e+00,6.766971759234237105e+00,8.529789814757444688e+00
6.901779818043402629e+05,1.619281640380948462e+00,6.635468460198166163e+00,8.386330246515674602e+00
7.103366600381177850e+05,1.673669368309063099e+00,6.505613708768866132e+00,8.242639260755391106e+00
7.310841317698718049e+05,1.728523617277192503e+00,6.377417551071379087e+00,8.098846630241860467e+00
7.524375944457463920e+05,1.783741597634244780e+00,6.250887302431489267e+00,7.955075812144493774e+00
7.744147478138894076e+05,1.839208881673063845e+00,6.126028302895568878e+00,7.811444568644324349e+00
7.970338085956600262e+05,1.894798926484988932e+00,6.002844545026094103e+00,7.668065534921031379e+00
8.203135255853524432e+05,1.950372768834205628e+00,5.881339187808151792e+00,7.525046729073193497e+00
8.442731951909508789e+05,2.005778934330518570e+00,5.761514968428052441e+00,7.382491990596256493e+00
8.689326774287984008e+05,2.060853602483257330e+00,5.643374523068225734e+00,7.240501349541941245e+00
8.943124123854370555e+05,2.115421067753084028e+00,5.526920626392777258e+00,7.099171324350045609e+00
9.204334371602642350e+05,2.169294531070501630e+00,5.412156359055757981e+00,6.958595152577129461e+00
9.473174033030492719e+05,2.222277249169978042e+00,5.299085213211852441e+00,6.818862956920546559e+00
9.749865947607645066e+05,2.274164057397581207e+00,5.187711145571918259e+00,6.680061852296021563e+00
1.003463946348604979e+06,2.324743267983016448e+00,5.078038586201524041e+00,6.542275998131235504e+00
1.032773062760511995e+06,2.373798927318376162e+00,4.970072407205359255e+00,6.405586610122578684e+00
1.062938238134948071e+06,2.421113400219711220e+00,4.863817864001313218e+00,6.270071928401286243e+00
1.093984476192156086e+06,2.466470226658973530e+00,4.759280511766511346e+00,6.135807160184954867e+00
1.125937510959581006e+06,2.509657181580561058e+00,4.656466103570480186e+00,6.002864395608265902e+00
1.158823828102640109e+06,2.550469450105655511e+00,4.555380475077413394e+00,5.871312511151477231e+00
1.192670686878523091e+06,2.588712820102867962e+00,4.456029422419235608e+00,5.741217063560758227e+00
1.227506142731212080e+06,2.624206787812181307e+00,4.358418573930432416e+00,5.612640179478972868e+00
1.263359070546458010e+06,2.656787470157496056e+00,4.262553263035475659e+00,5.485640450078375530e+00
1.300259188585995929e+06,2.686310224493554610e+00,4.168438400515044329e+00,5.360272831632193480e+00
1.338237083120812895e+06,2.712651887176277476e+00,4.076078354907961554e+00,5.236588559074619731e+00
1.377324233783914009e+06,2.735712559912267139e+00,3.985476835469993873e+00,5.114635071850468506e+00
1.417553039663590956e+06,2.755416892254602068e+00,3.896636786919345674e+00,4.994455959624438002e+00
1.458956846158816013e+06,2.771714832118180372e+00,3.809560292238992396e+00,4.876090924246113012e+00
1.501569972619028063e+06,2.784581838195874237e+00,3.724248485209321391e+00,4.759575763192037456e+00
1.545427740791223943e+06,2.794018570646738198e+00,3.640701475078388594e+00,4.644942372207435000e+00
1.590566504097926896e+06,2.800050094078262664e+00,3.558918282907909791e+00,4.532218768472941584e+00
1.637023677770304028e+06,2.802724642951614165e+00,3.478896788514825644e+00,4.421429133257276156e+00
1.684837769861409906e+06,2.802112008584205505e+00,3.400633689040016616e+00,4.312593873553545620e+00
1.734048413165269885e+06,2.798301614195421116e+00,3.324124469530570725e+00,4.205729700672158344e+00
1.784696398068244103e+06,2.791400342884941654e+00,3.249363383322509957e+00,4.100849725223817188e+00
1.836823706359917065e+06,2.781530178982591028e+00,3.176343442827514352e+00,3.997963566848688366e+00
1.890473546031536069e+06,2.768825712879536827e+00,3.105056420275373430e+00,3.897077475528894386e+00
1.945690387090835022e+06,2.753431534904492217e+00,3.035492856354658819e+00,3.798194465059979485e+00
2.002519998422940960e+06,2.735499506933807723e+00,2.967642077848058335e+00,3.701314455012549853e+00
2.061009485727908090e+06,2.715185810518319531e+00,2.901492221340592703e+00,3.606434419620994536e+00
2.121207330566328950e+06,2.692647435101346076e+00,2.837030263357014803e+00,3.513548543244751521e+00
2.183163430545391049e+06,2.668036985875035683e+00,2.774242056484147678e+00,3.422648378851480988e+00
2.246929140678680036e+06,2.641491184585603502e+00,2.713112369217648201e+00,3.333723009653044578e+00
2.312557315954025835e+06,2.613084693283423299e+00,2.653624929606003935e+00,3.246759211088327213e+00
2.380102355144658126e+06,2.582342221140800920e+00,2.595762471386949599e+00,3.161741613065707668e+00
2.449620245899999980e+06,2.538323530646072967e+00,2.539506782856241429e+00,3.078652860601609476e+00
2.521168611153477803e+06,2.484461090209985290e+00,2.484838756284529548e+00,2.997473771607189086e+00
2.594806756885793060e+06,2.431543934807147700e+00,2.431738437754908944e+00,2.918183492326676287e+00
2.670595721283270977e+06,2.380067089215638365e+00,2.380185078150883093e+00,2.840759647219290418e+00
2.748598325332025066e+06,2.330079432776539061e+00,2.330157182213643541e+00,2.765178485472095105e+00
2.828879224889867008e+06,2.281578683601508395e+00,2.281632557797502958e+00,2.691415021333658064e+00
2.911504964279129170e+06,2.234549740914971938e+00,2.234588362788869631e+00,2.619443169215870171e+00
2.996544031444832217e+06,2.188972770336795381e+00,2.188983940654946281e+00,2.549235872362846322e+00
3.084066914723899215e+06,2.144815103597544681e+00,2.144815103597544681e+00,2.480765225837974430e+00
3.174146161272483878e+06,2.102058196874866169e+00,2.102058196874866169e+00,2.414002592463821095e+00
3.266856437199849170e+06,2.060687639622789558e+00,2.060687639622790002e+00,2.348918712848638179e+00
3.362274589458617847e+06,2.020677492304838729e+00,2.020677492304838729e+00,2.285483808555816232e+00
3.460479709542726167e+06,1.982001482605886933e+00,1.982001482605887599e+00,2.223667678927953251e+00
3.561553199045849033e+06,1.944633030645125382e+00,1.944633030645125826e+00,2.163439791546050817e+00
3.665578837134663016e+06,1.908545273467784131e+00,1.908545273467784575e+00,2.104769366399190655e+00
3.772642849992855918e+06,1.873711089103291316e+00,1.873711089103291094e+00,2.047625453889571290e+00
3.882833982293461915e+06,1.840103120330454312e+00,1.840103120330454090e+00,1.991977006936137773e+00
3.996243570758746006e+06,1.807693797932094393e+00,1.807693797932094393e+00,1.937792947338141003e+00
4.112965619868631009e+06,1.776455364360815414e+00,1.776455364360815636e+00,1.885042226624378703e+00
4.233096879780406132e+06,1.746359897510729731e+00,1.746359897510729509e+00,1.833693881520766622e+00
4.356736926524309441e+06,1.717379334721885753e+00,1.717379334721885975e+00,1.783717084277284037e+00
4.483988244541460648e+06,1.689485497729233732e+00,1.689485497729233732e+00,1.735081188374351546e+00
4.614956311632562429e+06,1.656082810883251044e+00,1.658073152519802251e+00,1.687755769468569644e+00
4.749749686387764290e+06,1.624174019619581744e+00,1.625810163979623413e+00,1.641710661878876598e+00
4.888480098170185462e+06,1.593863430318067431e+00,1.595212394830586078e+00,1.596915991200109852e+00
5.031262539727664553e+06,1.565100840508206970e+00,1.566216010977244055e+00,1.553342202868942090e+00
5.178215362509516068e+06,1.537832852338270051e+00,1.538757021367298305e+00,1.510960087125928553e+00
5.329460374767276458e+06,1.512003877849107392e+00,1.512771522207300157e+00,1.469740800578548612e+00
5.485122942520787939e+06,1.487556914514108319e+00,1.488195932539125854e+00,1.429655884667945021e+00
5.645332093473293819e+06,1.464434166913568314e+00,1.464967219314538882e+00,1.390677280998574350e+00
5.810220623961661942e+06,1.442577554781056870e+00,1.443023109194774944e+00,1.352777344230627454e+00
5.979925209030424245e+06,1.421929134533627348e+00,1.422302285844003533e+00,1.315928852180897612e+00
6.154586515720838681e+06,1.402431451742780055e+00,1.402744570747302744e+00,1.280105013879491382e+00
6.334349319668900222e+06,1.384027837216438739e+00,1.384291086605563326e+00,1.245279475352776721e+00
6.519362625108934008e+06,1.366662655435407103e+00,1.366884402336168591e+00,1.211426323600983457e+00
6.709779788382251747e+06,1.350281511847704508e+00,1.350468659141706773e+00,1.178520088988024739e+00
6.905758645053234883e+06,1.334831424209346196e+00,1.334989677659199847e+00,1.146535745987852017e+00
7.107461640738224611e+06,1.320260961880538542e+00,1.320395046245534498e+00,1.115448712627318484e+00
7.315055965755646117e+06,1.306520356382757653e+00,1.306634190801760909e+00,1.085234848989556022e+00
7.528713693708994426e+06,1.293561586335126856e+00,1.293658427045951687e+00,1.055870454571392614e+00
7.748611924117537215e+06,1.281338439344636981e+00,1.281420996112649924e+00,1.027332264936063444e+00
7.974932929212971590e+06,1.269806553239922531e+00,1.269877084555156799e+00,9.995974477837730188e-01
8.207864305023705587e+06,1.258923439035697367e+00,1.258983830113378000e+00,9.726435985507627668e-01
8.447599126872003078e+06,1.248648487830084752e+00,1.248700314645466269e+00,9.464487357232691522e-01
8.694336109412876889e+06,1.238942963590760504e+00,1.238987545544767199e+00,9.209912960248065605e-01
8.948279771347392350e+06,1.229769983904837050e+00,1.229808427213759936e+00,8.962501296140609197e-01
9.209640604946905747e+06,1.221094490522392606e+00,1.221127724024145156e+00,8.722044953881320506e-01
9.478635250528758392e+06,1.212883211254806470e+00,1.212912016003826476e+00,8.488340567237243617e-01
9.755486676028041169e+06,1.205104615164900750e+00,1.205129648930602704e+00,8.261188773951237962e-01
1.004042436181429029e+07,1.197728862129232130e+00,1.197750679706215404e+00,8.040394182381455090e-01
1.033368449090629071e+07,1.190727748427720112e+00,1.190746818498957360e+00,7.825765343222850223e-01
1.063551014474265091e+07,1.184074649342435004e+00,1.184091368501869024e+00,7.617114729421637920e-01
1.094615150467048027e+07,1.177744460031749041e+00,1.177759164463378250e+00,7.414258722826906345e-01
1.126586605931906030e+07,1.171713535410372931e+00,1.171726510632491669e+00,7.217017611176510528e-01
1.159491881803054921e+07,1.165959630030400485e+00,1.165971119041792958e+00,7.025215593149156668e-01
1.193358253052451089e+07,1.160461838545353341e+00,1.160472048652297694e+00,6.838680793376475942e-01
1.228213791297841072e+07,1.155200537375177916e+00,1.155209645931474904e+00,6.657245286709118082e-01
1.264087388071144931e+07,1.150157328001910395e+00,1.150165487257340136e+00,6.480745132059734237e-01
1.301008778766459972e+07,1.145314982346758770e+00,1.145322323571233536e+00,6.309020414661792309e-01
1.339008567287543043e+07,1.140657390355895195e+00,1.140664027387097823e+00,6.141915296982782824e-01
1.378118251415185072e+07,1.136169510142389427e+00,1.136175542494823221e+00,5.979278076712126744e-01
1.418370248915519938e+07,1.131837320638970690e+00,1.131842836315568146e+00,5.820961250331896375e-01
1.459797924410906993e+07,1.127647776834583393e+00,1.127652855006137766e+00,5.666821581519644324e-01
1.502435617035645060e+07,1.123588767536597199e+00,1.123593481317432197e+00,5.516720172199369721e-01
1.546318668899467960e+07,1.119649075348631007e+00,1.119653495042004954e+00,5.370522533823418598e-01
1.591483454382387921e+07,1.115818338459432235e+00,1.115822535982034402e+00,5.228098658138624621e-01
1.637967410285186023e+07,1.112087013268340030e+00,1.112091069295311874e+00,5.089323082904034790e-01
1.685809066860537976e+07,1.108446335267054828e+00,1.108450352941625194e+00,4.954074952015327105e-01
1.735048079750492051e+07,1.104888270550792528e+00,1.104892407081732753e+00,4.822238067193224120e-01
1.785725262856775895e+07,1.101405426874373594e+00,1.101409985130583635e+00,4.693700927619847696e-01
1.837882622171176970e+07,1.097990736330010764e+00,1.097996546222331782e+00,4.568356756088775006e-01
1.891563390594043955e+07,1.094634102502008322e+00,1.094646228798026755e+00,4.446103509903156503e-01
1.946812063769752905e+07,1.090082999993189139e+00,1.090193979075505304e+00,4.326843872611038089e-01
2.003674436968867853e+07,1.084094141001477274e+00,1.084183440217542538e+00,4.210485227465864400e-01
2.062197643047545105e+07,1.078329119351316256e+00,1.078406036521915246e+00,4.096939608629950325e-01
2.122430191515652090e+07,1.072787939260150036e+00,1.072854937097151851e+00,3.986123630938782081e-01
2.184422008745991066e+07,1.067465125522400582e+00,1.067523779302426590e+00,3.877958397126261003e-01
2.248224479357948899e+07,1.062355102044522770e+00,1.062406620229359611e+00,3.772369382093624379e-01
2.313890488809880987e+07,1.057452523188719296e+00,1.057497887821976734e+00,3.669286295541211440e-01
2.381474467235520855e+07,1.052752303283635893e+00,1.052792332121511132e+00,3.568642923471801454e-01
2.451032434560776874e+07,1.048249594616091018e+00,1.048284977477312196e+00,3.470376949851170512e-01
2.522622046938284114e+07,1.043939752699529322e+00,1.043971076259304631e+00,3.374429760750141116e-01
2.596302644538221136e+07,1.039818298580316380e+00,1.039846064746466237e+00,3.280746233215687813e-01
2.672135300734994933e+07,1.035880881559956057e+00,1.035905521737325641e+00,3.189274511322999772e-01
2.750182872730569914e+07,1.032123243953009029e+00,1.032145130422670087e+00,3.099965772822297350e-01
2.830510053656399995e+07,1.028541188747592816e+00,1.028560643902763028e+00,3.016043980287447246e-01
2.913183426197148114e+07,1.025130550744145497e+00,1.025147854675343639e+00,2.947481611804083079e-01
2.998271517780645937e+07,1.021887171594465293e+00,1.021902568372597742e+00,2.880121112613967527e-01
3.085844857379842922e+07,1.018806878929477300e+00,1.018820581844984252e+00,2.813922465829630792e-01
3.175976033973813057e+07,1.015885469651061968e+00,1.015897665606142253e+00,2.748849453939948284e-01
3.268739756716300175e+07,1.013118697416601544e+00,1.013129550624100039e+00,2.684869521226534994e-01
3.364212916861650348e+07,1.010502264136260209e+00,1.010511919247000900e+00,2.621953619435912208e-01
3.462474651499480754e+07,1.008031815313042978e+00,1.008040400069148523e+00,2.560076037420183082e-01
3.563606409150909632e+07,1.005702938898739518e+00,1.005710566391922356e+00,2.499214217536148974e-01
3.667692017280706018e+07,1.003511167353394073e+00,1.003517937952620454e+00,2.439348559058485688e-01
3.774817751781340688e+07,1.001451982515242811e+00,1.001457985516615468e+00,2.380462212545356171e-01
3.885072408486521244e+07,9.995208228378793525e-01,9.995261378803339536e-01,2.322540865455865466e-01
3.998547376773483306e+07,9.977130926017587775e-01,9.977177908847330023e-01,2.265572522218438634e-01
4.115336715315063298e+07,9.960241726752649960e-01,9.960283180084515964e-01,2.209547280688208826e-01
4.235537230044327676e+07,9.944494323827659521e-01,9.944530820931237747e-01,2.154457106500022590e-01
4.359248554396390915e+07,9.929842421214459813e-01,9.929874478386043757e-01,2.100295608279619530e-01
4.486573231893925369e+07,9.916239863775067054e-01,9.916267947153590834e-01,2.047057815102839851e-01
4.617616801144831628e+07,9.903640767947988754e-01,9.903665299443433767e-01,1.994739957926998097e-01
4.752487883322519809e+07,9.891999650619367479e-01,9.892021013081304659e-01,1.943339257270244869e-01
4.891298272201289982e+07,9.881271553680516240e-01,9.881290095415419250e-01,1.892853718304010890e-01
5.034163026821483672e+07,9.871412162271741009e-01,9.871428201002062641e-01,1.843281934842131708e-01
5.181200566861181706e+07,9.862377915894980918e-01,9.862391742239617898e-01,1.794622903612023979e-01
5.332532770793513954e+07,9.854126110569216834e-01,9.854137991114058082e-01,1.746875849642302303e-01
5.488285076910945028e+07,9.846614991838262831e-01,9.846625171856318026e-01,1.700040063972746707e-01
5.648586587300267816e+07,9.839803838347203069e-01,9.839812544220027934e-01,1.654114754271606147e-01
5.813570174854496866e+07,9.833653035638694195e-01,9.833660477024585012e-01,1.609098908747903789e-01
5.983372593410354108e+07,9.828124140177896262e-01,9.828130511966967076e-01,1.564991174168475496e-01
6.158134591102647781e+07,9.823179934482045850e-01,9.823185418574092997e-01,1.521789747532648063e-01
6.338001027029497921e+07,9.818784473025969906e-01,9.818789239963583437e-01,1.479492282494538347e-01
6.523120991325111687e+07,9.814903119732569792e-01,9.814907330219422299e-01,1.438095809255721669e-01
6.713647928739643097e+07,9.811502577872543984e-01,9.811506384204964348e-01,1.397596668688713129e-01
6.909739765828552842e+07,9.808550912236732033e-01,9.808554459675628001e-01,1.357990460025147172e-01
7.111559041856925189e+07,9.806017564692354194e-01,9.806020992802408909e-01,1.319272001368950453e-01
7.319273043527215719e+07,9.803873363471877767e-01,9.803876807455668141e-01,1.281435303021039585e-01
7.533053943642129004e+07,9.802090526374405144e-01,9.802094118430891845e-01,1.244473552637384434e-01
7.753078943817548454e+07,9.800642658720889466e-01,9.800646529460856904e-01,1.208379111371482018e-01
7.979530421363815665e+07,9.799504746379189557e-01,9.799509026335041506e-01,1.173143520655720723e-01
8.212596080457115173e+07,9.798653143904135776e-01,9.798657965178508844e-01,1.138757518354567427e-01
8.452469107726262510e+07,9.798065558469545300e-01,9.798071056576970195e-01,1.105211063462534088e-01
8.699348332383856177e+07,9.797721029576751395e-01,9.797727345546837219e-01,1.072493368758846849e-01
8.953438391034539044e+07,9.797599905106375573e-01,9.797607187936352435e-01,1.040592939773797715e-01
9.214949897296966612e+07,9.797683813626352212e-01,9.797692223198677386e-01,1.009497619740743063e-01
9.484099616380083561e+07,9.797955633330885927e-01,9.797965343950959527e-01,9.791946395439976580e-02
9.761110644758410752e+07,9.798399457738289353e-01,9.798410662503943547e-01,9.496706711692749769e-02
1.004621259509529024e+08,9.799000558357136015e-01,9.799013474654423295e-01,9.209118843023461620e-02
1.033964178656731993e+08,9.799745344287479343e-01,9.799760220830218138e-01,8.929040050905902304e-02
1.064164144074786007e+08,9.800621319009187316e-01,9.800638445025917633e-01,8.656323760710796233e-02
1.095246188321176022e+08,9.801617034222639413e-01,9.801636751683171500e-01,8.390820167381030092e-02
1.127236075102868974e+08,9.802722040418473393e-01,9.802744760650058398e-01,8.132376837383480106e-02
1.160160320631678998e+08,9.803926833941004615e-01,9.803953060732565339e-01,7.880839305458965660e-02
1.194046215603390932e+08,9.805222799245282284e-01,9.805253161800385753e-01,7.636051655772016500e-02
1.228921847818838954e+08,9.806602144668936649e-01,9.806637445978425571e-01,7.397857084535437722e-02
1.264816125465705991e+08,9.808057827662139960e-01,9.808099117905527686e-01,7.166098441778322170e-02
1.301758801080334038e+08,9.809583462143421917e-01,9.809632154483429733e-01,6.940618745357066133e-02
1.339780496209411025e+08,9.811173192419968547e-01,9.811231254352972275e-01,6.721261666329463036e-02
1.378912726791976094e+08,9.812821499091666233e-01,9.812891787064128568e-01,6.507871984300152290e-02
1.419187929282774031e+08,9.814522855148990477e-01,9.814609742537856452e-01,6.300296009818955045e-02
1.460639487538630962e+08,9.816271013080386520e-01,9.816381680634969076e-01,6.098381971851105782e-02
1.503301760490114987e+08,9.818057254396153066e-01,9.818204681240337850e-01,5.901980374144009944e-02
1.547210110621432960e+08,9.819865150253914710e-01,9.820076294890276447e-01,5.710944314629060048e-02
1.592400933282169104e+08,9.821650534364571028e-01,9.821994494224013383e-01,5.525129772142090695e-02
1.638911686855154037e+08,9.823247490090007972e-01,9.823727147927689973e-01,5.344395859992064068e-02
1.686780923805480897e+08,9.823634393985681834e-01,9.823634393985682944e-01,5.168605045964121819e-02
1.736048322636393905e+08,9.823738049823564911e-01,9.823738049823564911e-01,4.997623341461535085e-02
1.786754720778543949e+08,9.824030033436913500e-01,9.824030033436915721e-01,4.831320460469588907e-02
1.838942148439874947e+08,9.824502787318660779e-01,9.824502787318664110e-01,4.669569947705142637e-02
1.892653863444193900e+08,9.825149224259008829e-01,9.825149224259012160e-01,4.512249279701793792e-02
1.947934387087301910e+08,9.825962673386698931e-01,9.825962673386702262e-01,4.359239939310690509e-02
2.004829541040410101e+08,9.826936826842973538e-01,9.826936826842980199e-01,4.210427463892866401e-02
2.063386485331430137e+08,9.828065687467432143e-01,9.828065687467436584e-01,4.065701469790865968e-02
2.123653757435618043e+08,9.829343517907299654e-01,9.829343517907300765e-01,3.924955652504143189e-02
2.185681312507975996e+08,9.830764791438950656e-01,9.830764791438952876e-01,3.788087767188395849e-02
2.249520564790757895e+08,9.832324144866715354e-01,9.832324144866722015e-01,3.654999586319766791e-02
2.315224430230408907e+08,9.834016333855700731e-01,9.834016333855702952e-01,3.525596838549088785e-02
2.382847370339249969e+08,9.835836190960961511e-01,9.835836190960964842e-01,3.399789129337679044e-02
2.452445437338277102e+08,9.837778586712609963e-01,9.837778586712611073e-01,3.277489843546717296e-02
2.524076320618487895e+08,9.839838393983646458e-01,9.839838393983649789e-01,3.158616032378315508e-02
2.597799394559246898e+08,9.842010455969802951e-01,9.842010455969800731e-01,3.043088284916900532e-02
2.673675767743327916e+08,9.844289558023253672e-01,9.844289558023258113e-01,2.930830585013160031e-02
2.751768333609424829e+08,9.846670403504118596e-01,9.846670403504121927e-01,2.821770156557777340e-02
2.832141822584124207e+08,9.849147593943927692e-01,9.849147593943928802e-01,2.715837296331781794e-02
2.914862855736529827e+08,9.851715613560511065e-01,9.851715613560514395e-01,2.612965197467506662e-02
3.000000000000051856e+08,9.854368818348274717e-01,9.854368818348276937e-01,2.513089763231730889e-02
