ic,icPad,passive,passivePad,limit,association,actualMm,deltaMm,passNoIncrease,icNet,passiveNet
U2,2,C_TIA_HF0,2,2.380826967757215,DIRECT_SAME_NET,2.2700793175971716,-0.11074765016004351,True,COL_SENSE0,COL_SENSE0
U2,1,C_TIA_HF0,1,2.3808960670302297,DIRECT_SAME_NET,2.3198198195080693,-0.061076247522160454,True,TIA_DRV0,TIA_DRV0
U2,6,C_TIA_HF1,2,2.3808960670302297,DIRECT_SAME_NET,2.256472948003739,-0.12442311902649061,True,COL_SENSE1,COL_SENSE1
U2,7,C_TIA_HF1,1,2.380826967757215,DIRECT_SAME_NET,1.6458621255706396,-0.7349648421865755,True,TIA_DRV1,TIA_DRV1
U2,9,C_TIA_HF2,2,2.3834350907880832,DIRECT_SAME_NET,2.258126702761813,-0.1253083880262702,True,COL_SENSE2,COL_SENSE2
U2,8,C_TIA_HF2,1,2.383366065127218,DIRECT_SAME_NET,1.862057557056164,-0.521308508071054,True,TIA_DRV2,TIA_DRV2
U2,13,C_TIA_HF3,2,2.383366065127218,DIRECT_SAME_NET,2.054607214728513,-0.3287588503987049,True,COL_SENSE3,COL_SENSE3
U2,14,C_TIA_HF3,1,2.383435090788083,DIRECT_SAME_NET,2.1095900469082745,-0.27384504387980835,True,TIA_DRV3,TIA_DRV3
U2,4,C_TIA_OP,1,2.7698825194581795,DIRECT_SAME_NET,1.7916551815150634,-0.9782273379431161,True,V5,V5
U2,2,R_COL_SENSE0,2,5.516319230247644,DIRECT_SAME_NET,3.9050336712434253,-1.611285559004219,True,COL_SENSE0,COL_SENSE0
U2,6,R_COL_SENSE1,2,4.571753048886171,DIRECT_SAME_NET,2.949263074359551,-1.6224899745266197,True,COL_SENSE1,COL_SENSE1
U2,9,R_COL_SENSE2,2,5.196152813803686,DIRECT_SAME_NET,3.5528426351066207,-1.6433101786970656,True,COL_SENSE2,COL_SENSE2
U2,13,R_COL_SENSE3,2,6.044064897633057,DIRECT_SAME_NET,3.532159947034116,-2.5119049505989413,True,COL_SENSE3,COL_SENSE3
U2,1,R_TIA_ISO0,1,5.467534523018575,DIRECT_SAME_NET,1.5928447022013126,-3.874689820817262,True,TIA_DRV0,TIA_DRV0
U2,7,R_TIA_ISO1,1,5.186981631777768,DIRECT_SAME_NET,2.4434162389684695,-2.7435653928092987,True,TIA_DRV1,TIA_DRV1
U2,8,R_TIA_ISO2,1,5.186981631777768,DIRECT_SAME_NET,2.6627536477841156,-2.5242279839936526,True,TIA_DRV2,TIA_DRV2
U2,14,R_TIA_ISO3,1,5.467534523018575,DIRECT_SAME_NET,1.3004662238280702,-4.167068299190505,True,TIA_DRV3,TIA_DRV3
U1,2,C_ROW_HF0,2,2.383435090788083,DIRECT_SAME_NET,2.2693509139674357,-0.11408417682064709,True,ROW_FB0,ROW_FB0
U1,1,C_ROW_HF0,1,2.3834350907880832,DIRECT_SAME_NET,2.320186976845796,-0.06324811394228735,True,ROW_DRV0,ROW_DRV0
U1,6,C_ROW_HF1,2,2.383435090788083,DIRECT_SAME_NET,2.2526051624692442,-0.13082992831883855,True,ROW_FB1,ROW_FB1
U1,7,C_ROW_HF1,1,2.383435090788083,DIRECT_SAME_NET,1.642875037919773,-0.7405600528683098,True,ROW_DRV1,ROW_DRV1
U1,9,C_ROW_HF2,2,2.380896067030226,DIRECT_SAME_NET,2.2618359784377926,-0.11906008859243356,True,ROW_FB2,ROW_FB2
U1,8,C_ROW_HF2,1,2.380896067030226,DIRECT_SAME_NET,1.8635162494086395,-0.5173798176215867,True,ROW_DRV2,ROW_DRV2
U1,13,C_ROW_HF3,2,2.380896067030226,DIRECT_SAME_NET,2.0492244325296496,-0.3316716345005766,True,ROW_FB3,ROW_FB3
U1,14,C_ROW_HF3,1,2.380896067030226,DIRECT_SAME_NET,2.105223619209243,-0.2756724478209831,True,ROW_DRV3,ROW_DRV3
U1,4,C_ROW_OP,1,2.772339896044493,DIRECT_SAME_NET,1.7915355373367323,-0.9808043587077606,True,V5,V5
U1,1,R_ISO0,1,5.466724404394279,DIRECT_SAME_NET,1.3265590979412767,-4.140165306453002,True,ROW_DRV0,ROW_DRV0
U1,7,R_ISO1,1,5.18698163177777,DIRECT_SAME_NET,2.442193451289616,-2.744788180488154,True,ROW_DRV1,ROW_DRV1
U1,8,R_ISO2,1,5.186981631777772,DIRECT_SAME_NET,2.6628501767873565,-2.5241314549904152,True,ROW_DRV2,ROW_DRV2
U1,14,R_ISO3,1,5.466724404394281,DIRECT_SAME_NET,1.3006949431332218,-4.1660294612610596,True,ROW_DRV3,ROW_DRV3
U1,2,R_ROW_FB0,2,5.516319230247645,DIRECT_SAME_NET,3.904411045523154,-1.611908184724491,True,ROW_FB0,ROW_FB0
U1,6,R_ROW_FB1,2,4.574212792295523,DIRECT_SAME_NET,2.9472935723719114,-1.6269192199236113,True,ROW_FB1,ROW_FB1
U1,9,R_ROW_FB2,2,5.195963464690643,DIRECT_SAME_NET,3.5510063219120425,-1.6449571427786007,True,ROW_FB2,ROW_FB2
U1,13,R_ROW_FB3,2,6.042049258753189,DIRECT_SAME_NET,3.528614585790749,-2.51343467296244,True,ROW_FB3,ROW_FB3
U3,8,C_BUF,1,1.934648154574881,DIRECT_SAME_NET,1.2745100399418914,-0.6601381146329897,True,V5,V5
U3,5,C_DIV,1,6.447290560723938,DIRECT_SAME_NET,3.8282008504988574,-2.6190897102250807,True,DIV_2V25,DIV_2V25
U6,1,C_REF,1,4.398433007378883,DIRECT_SAME_NET,1.305113376469271,-3.093319630909612,True,V5,V5
U3,2,C_VCM_HF,2,2.294570545004014,DIRECT_SAME_NET,1.9360839438243456,-0.3584866011796686,True,VCM_FB,VCM_FB
U3,1,C_VCM_HF,1,2.2944988460228126,DIRECT_SAME_NET,1.9885269349783565,-0.3059719110444561,True,VCM_DRV,VCM_DRV
U3,6,C_VEX_HF,2,2.2971094939510333,DIRECT_SAME_NET,1.7250253745625965,-0.5720841193884367,True,VEXC_FB,VEXC_FB
U3,7,C_VEX_HF,1,2.297037874219746,DIRECT_SAME_NET,1.7097101917239705,-0.5873276824957754,True,VEXC_DRV,VEXC_DRV
U3,5,RD_B1,1,3.355600527357222,DIRECT_SAME_NET,2.9019881322148975,-0.4536123951423243,True,DIV_2V25,DIV_2V25
U3,5,RD_TOP,2,7.037053382943749,DIRECT_SAME_NET,4.800588920865673,-2.236464462078076,True,DIV_2V25,DIV_2V25
U3,2,R_VCM_FB,2,6.295112141336324,DIRECT_SAME_NET,2.1609341978555965,-4.1341779434807275,True,VCM_FB,VCM_FB
U3,1,R_VCM_ISO,1,5.445682401499375,DIRECT_SAME_NET,1.2723465752723107,-4.173335826227064,True,VCM_DRV,VCM_DRV
U3,6,R_VEX_FB,2,6.295252032984859,DIRECT_SAME_NET,3.2059380863709737,-3.0893139466138853,True,VEXC_FB,VEXC_FB
U3,7,R_VEX_ISO,1,6.708132786819301,DIRECT_SAME_NET,3.2912227088701678,-3.4169100779491335,True,VEXC_DRV,VEXC_DRV
U5,16,C_ADC0,1,5.1479283554066635,DIRECT_SAME_NET,2.371346671187022,-2.7765816842196416,True,ADC_IN0,ADC_IN0
U5,18,C_ADC1,1,6.019931285488225,DIRECT_SAME_NET,1.3206096209685454,-4.69932166451968,True,ADC_IN1,ADC_IN1
U5,21,C_ADC2,1,6.017779449930015,DIRECT_SAME_NET,1.4167686043595473,-4.6010108455704675,True,ADC_IN2,ADC_IN2
U5,23,C_ADC3,1,5.147584328983843,DIRECT_SAME_NET,1.9019891667778848,-3.2455951622059582,True,ADC_IN3,ADC_IN3
U5,30,C_ADCA1,1,11.245277947618728,DIRECT_SAME_NET,4.414108839819936,-6.831169107798792,True,V5,V5
U5,9,C_ADCA2,1,15.034640201308449,DIRECT_SAME_NET,6.964201469207218,-8.07043873210123,True,V5,V5
U5,34,C_ADCD,1,5.812690524602188,DIRECT_SAME_NET,1.6422781143490204,-4.170412410253168,True,V3V3,V3V3
U5,7,C_ADC_REFCAP,1,3.507740919623339,DIRECT_SAME_NET,1.9630484054614696,-1.5446925141618693,True,ADC_REFCAP,ADC_REFCAP
U5,5,C_ADC_REFIO,1,3.4355375604990934,DIRECT_SAME_NET,2.993702719269114,-0.4418348412299795,True,ADC_REFIO,ADC_REFIO
U5,30,C_AVDD30A,1,8.10007951393071,DIRECT_SAME_NET,4.737602118299978,-3.362477395630733,True,V5,V5
U5,30,C_AVDD30B,1,11.694636929892267,DIRECT_SAME_NET,6.494460925338038,-5.200176004554229,True,V5,V5
U5,30,C_AVDD30_HF,1,3.047638028506669,DIRECT_SAME_NET,2.0311695875371734,-1.0164684409694957,True,V5,V5
U5,9,C_AVDD9A,1,9.096812396988303,DIRECT_SAME_NET,6.651843047855723,-2.44496934913258,True,V5,V5
U5,9,C_AVDD9B,1,13.553771776299024,DIRECT_SAME_NET,8.592377047008494,-4.9613947292905305,True,V5,V5
U5,9,C_AVDD9_HF,1,2.954976440176804,DIRECT_SAME_NET,2.6861275039462864,-0.26884893623051775,True,V5,V5
U5,34,C_DVDD34A,1,3.678004197931262,DIRECT_SAME_NET,2.978453513394657,-0.6995506845366051,True,V3V3,V3V3
U5,34,C_DVDD34B,1,9.234459854479855,DIRECT_SAME_NET,3.7587654125718557,-5.475694441907999,True,V3V3,V3V3
U5,7,C_REFCAP_BULKA,1,8.472415486624811,DIRECT_SAME_NET,4.921855336248255,-3.5505601503765565,True,ADC_REFCAP,ADC_REFCAP
U5,7,C_REFCAP_BULKB,1,10.75104021032384,DIRECT_SAME_NET,6.7152738804637035,-4.035766329860136,True,ADC_REFCAP,ADC_REFCAP
U5,5,C_REFIO_B,1,7.523139553404553,DIRECT_SAME_NET,3.498006877218197,-4.025132676186356,True,ADC_REFIO,ADC_REFIO
U5,16,R_ADC0,2,8.552780843164392,DIRECT_SAME_NET,2.8647893705704774,-5.6879914725939145,True,ADC_IN0,ADC_IN0
U5,18,R_ADC1,2,7.316032949105676,DIRECT_SAME_NET,2.8873122129496,-4.428720736156076,True,ADC_IN1,ADC_IN1
U5,21,R_ADC2,2,7.314262432972993,DIRECT_SAME_NET,1.7054380942183998,-5.608824338754593,True,ADC_IN2,ADC_IN2
U5,23,R_ADC3,2,8.55437157247685,DIRECT_SAME_NET,3.546742968834144,-5.007628603642706,True,ADC_IN3,ADC_IN3
U7,4,C_MCU1,1,2.4769206924728118,DIRECT_SAME_NET,1.8235556043085246,-0.6533650881642872,True,V3V3,V3V3
U8,1,C_LDO_IN,1,4.644610690682263,DIRECT_SAME_NET,1.6604912044858577,-2.9841194861964047,True,V5,V5
U8,5,C_LDO_OUT,1,4.644610690682269,DIRECT_SAME_NET,1.869185234180751,-2.7754254565015177,True,V3_LDO,V3_LDO
U9,5,U9_IN_CAP,1,6.1395756471599885,DIRECT_SAME_NET_POWER_INPUT_CAP,2.5859059721513837,-3.5536696750086048,True,V5_IN,V5_IN
U9,6,U9_OUT_CAP,1,3.687024139492445,DIRECT_SAME_NET_POWER_OUTPUT_CAP,2.7062122859272937,-0.9808118535651511,True,V5,V5
U10,5,U10_IN_CAP,1,5.289049751855242,DIRECT_SAME_NET_POWER_INPUT_CAP,2.673387008184183,-2.6156627436710593,True,V3_LDO,V3_LDO
U10,6,U10_OUT_CAP,1,3.685547877317564,DIRECT_SAME_NET_POWER_OUTPUT_CAP,2.7094656154240555,-0.9760822618935086,True,V3V3,V3V3
U2,1,RF0,1,8.072477254523543,FUNCTIONAL_OUTPUT_VIA_R_TIA_ISO0,1.1857224093087182,-6.886754845214824,True,TIA_DRV0,TIA0
U2,2,RF0,2,8.024729937013456,FUNCTIONAL_INPUT_VIA_R_COL_SENSE0,3.960357332954791,-4.064372604058665,True,COL_SENSE0,COL0
U2,1,CF0,1,8.064865191731352,FUNCTIONAL_OUTPUT_VIA_R_TIA_ISO0,4.379048725415365,-3.6858164663159867,True,TIA_DRV0,TIA0
U2,2,CF0,2,8.093312529860684,FUNCTIONAL_INPUT_VIA_R_COL_SENSE0,4.271434393666968,-3.8218781361937166,True,COL_SENSE0,COL0
U2,7,RF1,1,7.885159079739607,FUNCTIONAL_OUTPUT_VIA_R_TIA_ISO1,3.484130154097597,-4.401028925642009,True,TIA_DRV1,TIA1
U2,6,RF1,2,8.437696876399384,FUNCTIONAL_INPUT_VIA_R_COL_SENSE1,1.8197059507727462,-6.617990925626637,True,COL_SENSE1,COL1
U2,7,CF1,1,9.39498790108854,FUNCTIONAL_OUTPUT_VIA_R_TIA_ISO1,3.8215156068346072,-5.573472294253932,True,TIA_DRV1,TIA1
U2,6,CF1,2,7.765165518725277,FUNCTIONAL_INPUT_VIA_R_COL_SENSE1,5.696585073369878,-2.0685804453553986,True,COL_SENSE1,COL1
U2,8,RF2,1,7.885159079739614,FUNCTIONAL_OUTPUT_VIA_R_TIA_ISO2,1.9639264077223937,-5.92123267201722,True,TIA_DRV2,TIA2
U2,9,RF2,2,8.437696876399391,FUNCTIONAL_INPUT_VIA_R_COL_SENSE2,2.015919338507517,-6.421777537891874,True,COL_SENSE2,COL2
U2,8,CF2,1,8.473568674082962,FUNCTIONAL_OUTPUT_VIA_R_TIA_ISO2,2.4846250355985093,-5.988943638484453,True,TIA_DRV2,TIA2
U2,9,CF2,2,7.894001676336285,FUNCTIONAL_INPUT_VIA_R_COL_SENSE2,3.732601909633399,-4.1613997667028855,True,COL_SENSE2,COL2
U2,14,RF3,1,8.07247725452355,FUNCTIONAL_OUTPUT_VIA_R_TIA_ISO3,4.012463533104519,-4.060013721419031,True,TIA_DRV3,TIA3
U2,13,RF3,2,8.024729937013463,FUNCTIONAL_INPUT_VIA_R_COL_SENSE3,3.796268101367444,-4.228461835646019,True,COL_SENSE3,COL3
U2,14,CF3,1,8.049548139367824,FUNCTIONAL_OUTPUT_VIA_R_TIA_ISO3,2.8462396157200596,-5.203308523647764,True,TIA_DRV3,TIA3
U2,13,CF3,2,9.151521303936295,FUNCTIONAL_INPUT_VIA_R_COL_SENSE3,2.722846634550811,-6.428674669385485,True,COL_SENSE3,COL3
U4,16,C_MUX,1,7.880431357356027,EXTRA_LOCAL_PIN_SAME_NET,1.722336290375234,-6.158095066980794,True,V5,V5
U13,14,C_U13,1,2.439302062312092,EXTRA_LOCAL_PIN_SAME_NET,1.1954798646272675,-1.2438221976848245,True,V3V3,V3V3
U14,14,C_U14,1,5.518321717696424,EXTRA_LOCAL_PIN_SAME_NET,1.3185436735543714,-4.199778044142053,True,V3V3,V3V3
U15,5,C_U15,1,3.9953110029633394,EXTRA_LOCAL_PIN_SAME_NET,1.2883892414930933,-2.7069217614702463,True,V3V3,V3V3
U11,3,U11_VDD_C,1,7.5008887896301975,EXTRA_LOCAL_PIN_SAME_NET,1.0544029678434093,-6.446485821786788,True,V3V3,V3V3
U11,4,U11_VDD_C,1,7.618681202544175,EXTRA_LOCAL_PIN_SAME_NET,1.1878629187603145,-6.430818283783861,True,V3V3,V3V3
U11,1,U11_SENSE_C,1,2.628978530228053,EXTRA_LOCAL_PIN_SAME_NET,1.2738151795443866,-1.3551633506836664,True,U11_SENSE,U11_SENSE
U11,5,U11_CT_C,1,3.2212327667525065,EXTRA_LOCAL_PIN_SAME_NET,1.1018976549268238,-2.1193351118256825,True,U11_CT,U11_CT
U12,3,U12_VDD_C,1,7.5008887896301975,EXTRA_LOCAL_PIN_SAME_NET,1.054385433975794,-6.446503355654404,True,V3V3,V3V3
U12,4,U12_VDD_C,1,7.618681202544175,EXTRA_LOCAL_PIN_SAME_NET,1.1878470120867854,-6.430834190457389,True,V3V3,V3V3
U12,1,U12_SENSE_C,1,2.628978530228043,EXTRA_LOCAL_PIN_SAME_NET,1.2738010358389646,-1.3551774943890782,True,U12_SENSE,U12_SENSE
U12,5,U12_CT_C,1,7.200569837228175,EXTRA_LOCAL_PIN_SAME_NET,1.1176975895001713,-6.0828722477280035,True,U12_CT,U12_CT
