frequencyHz,infiniteCountBaseline,infiniteCountScaled,fullFiniteQualified,finiteMatchedDifference
0.01,0,0,True,3.740257955634851e-06
0.010292065260134145,0,0,True,4.243497918795254e-06
0.010592660731886012,0,0,True,3.74370878937335e-06
0.010902035553103115,0,0,True,3.7432891191989768e-06
0.01122044613808399,0,0,True,3.7469119077967664e-06
0.011548156390098057,0,0,True,3.748831720797883e-06
0.011885437920112435,0,0,True,3.7510350706901007e-06
0.012232570271907021,0,0,True,3.756437886275892e-06
0.012589841153764394,0,0,True,3.752841535399641e-06
0.01295754667692657,0,0,True,3.7591124663712027e-06
0.013335991601016258,0,0,True,3.7602181078919847e-06
0.013725489586626016,0,0,True,3.7632105310792734e-06
0.014126363455284657,0,0,True,3.7687037795804237e-06
0.014538945457016375,0,0,True,4.235561500521688e-06
0.014963577545714339,0,0,True,4.234585722000849e-06
0.015400611662556988,0,0,True,3.7776788582347078e-06
0.015850410027701954,0,0,True,3.777408296936164e-06
0.016313345440499318,0,0,True,4.229556499993469e-06
0.016789801588473076,0,0,True,4.229301629942805e-06
0.017280173365326883,0,0,True,3.7866608797439755e-06
0.017784867198237613,0,0,True,3.791202762419819e-06
0.018304301384708063,0,0,True,3.791240087872293e-06
0.018838906439257917,0,0,True,3.8026752508877624e-06
0.019389125450240383,0,0,True,3.802950240775161e-06
0.019955414447080187,0,0,True,3.805243677024739e-06
0.0205382427782373,0,0,True,3.810848870930895e-06
0.021138093500209707,0,0,True,3.8146846485587807e-06
0.02175546377789757,0,0,True,3.815768155334064e-06
0.02239086529666063,0,0,True,3.824533763175531e-06
0.023044824686410406,0,0,True,4.212145938273464e-06
0.023717883958088628,0,0,True,3.8322947923800504e-06
0.02441060095289369,0,0,True,3.836534727956798e-06
0.025123549804627457,0,0,True,4.20555497579934e-06
0.02585732141554562,0,0,True,3.846631127933885e-06
0.026612523946105974,0,0,True,3.85173927010417e-06
0.027389783319020533,0,0,True,4.198764389367973e-06
0.02818974373802929,0,0,True,3.863747903258594e-06
0.02901306822182553,0,0,True,3.865981453063747e-06
0.029860439153575245,0,0,True,3.8772538241025676e-06
0.03073255884648612,0,0,True,3.882411622683953e-06
0.03163015012589481,0,0,True,3.881920420219877e-06
0.032553956928354964,0,0,True,3.88523094651816e-06
0.033504744918222536,0,0,True,3.890029140059001e-06
0.03448330212224942,0,0,True,4.1760703658110845e-06
0.03549043958271133,0,0,True,3.9035633909804345e-06
0.0365269920296113,0,0,True,3.903402463534233e-06
0.037593818572515925,0,0,True,3.9116245635816705e-06
0.038691803412597696,0,0,True,3.912746724329108e-06
0.03982185657547365,0,0,True,3.909392260428461e-06
0.04098491466544768,0,0,True,3.9213870183423245e-06
0.04218194164178165,0,0,True,3.932034071182799e-06
0.04341392961763867,0,0,True,3.935562873703079e-06
0.04468189968236078,0,0,True,3.93517897808891e-06
0.045986902747762425,0,0,True,3.9278364245811365e-06
0.047330020419141305,0,0,True,4.133313953563207e-06
0.04871236589172839,0,0,True,3.9438273702825475e-06
0.05013508487332012,0,0,True,3.946842192001902e-06
0.051599356533857485,0,0,True,3.945606959335493e-06
0.05310639448273904,0,0,True,3.9506004436294166e-06
0.054657447774677806,0,0,True,3.95040482300873e-06
0.056253801944935775,0,0,True,3.957466828168372e-06
0.057896780074794006,0,0,True,3.952137031642247e-06
0.05958774388814141,0,0,True,3.954650744328313e-06
0.06132809488009109,0,0,True,3.955625855540415e-06
0.06311927547855962,0,0,True,3.956025995334124e-06
0.06496277023977205,0,0,True,3.951367834561482e-06
0.06686010707868342,0,0,True,3.9549278869857504e-06
0.06881285853533667,0,0,True,3.94620714167859e-06
0.07082264307820639,0,0,True,3.951868156414609e-06
0.07289112644560879,0,0,True,3.953885944233102e-06
0.07502002302628955,0,0,True,3.944274985178243e-06
0.07721109728033382,0,0,True,3.940020700648253e-06
0.07946616520157616,0,0,True,3.9414710728039854e-06
0.08178709582272228,0,0,True,3.928844270188964e-06
0.08417581276443024,0,0,True,3.924143228781156e-06
0.08663429582963487,0,0,True,3.92308762870402e-06
0.08916458264443695,0,0,True,3.920127699546729e-06
0.09176877034691694,0,0,True,3.9133733205820525e-06
0.09444901732527322,0,0,True,3.915363032473265e-06
0.09720754500672525,0,0,True,3.907595997982272e-06
0.10004663969866433,0,0,True,3.89328535669651e-06
0.10296865448357807,0,0,True,3.8839490526682114e-06
0.10597601116931898,0,0,True,3.881144643578852e-06
0.1090712022963336,0,0,True,3.8669845955860465e-06
0.11225679320351586,0,0,True,3.859028201104315e-06
0.11553542415439684,0,0,True,3.850900168495068e-06
0.1189098125254331,0,0,True,3.842136162382509e-06
0.12238275505820741,0,0,True,3.829001873783683e-06
0.12595713017740828,0,0,True,3.8214344905272356e-06
0.1296359003765098,0,0,True,3.8066107947236796e-06
0.13342211467312873,0,0,True,3.7939497268530303e-06
0.13731891113609423,0,0,True,3.7718240045371297e-06
0.14132951948632433,0,0,True,3.761172412230977e-06
0.14545726377366502,0,0,True,3.747684961375782e-06
0.14970556513191066,0,0,True,3.727270491247997e-06
0.15407794461428873,0,0,True,3.712003214173625e-06
0.1585780261117594,0,0,True,3.6983563919183907e-06
0.16320953935654842,0,0,True,3.679951762912895e-06
0.16797632301340285,0,0,True,3.66167842824974e-06
0.1728823278611315,0,0,True,3.6491664438057986e-06
0.17793162006706728,0,0,True,3.625913983276622e-06
0.18312838455716507,0,0,True,3.6072434843258397e-06
0.1884769284845285,0,0,True,3.581740204292994e-06
0.19398168479924033,0,0,True,3.565476867643938e-06
0.1996472159224553,0,0,True,3.5475402268693446e-06
0.20547821752780027,0,0,True,3.526000583633263e-06
0.211479522433216,0,0,True,3.694325099982731e-06
0.21765610460646617,0,0,True,3.922155289234805e-06
0.2240130832876334,0,0,True,4.198039395678675e-06
0.23055572723201884,0,0,True,4.43423199097725e-06
0.23728945907696247,0,0,True,4.702672291245259e-06
0.2442198598362028,0,0,True,4.966774713108057e-06
0.2513526735255013,0,0,True,5.242672967592727e-06
0.2586938119233651,0,0,True,5.546552144843586e-06
0.2662493594708142,0,0,True,5.8819474682416045e-06
0.27402557831425345,0,0,True,6.1821749948819565e-06
0.28202891349562964,0,0,True,6.514790553493491e-06
0.29026599829417477,0,0,True,6.829117133813931e-06
0.2987436597241633,0,0,True,7.1916791739683914e-06
0.3074689241932397,0,0,True,7.5668312341038426e-06
0.3164490233260061,0,0,True,7.948011880746298e-06
0.3256913999576967,0,0,True,8.33785230769484e-06
0.3352037143029065,0,0,True,8.73727521098353e-06
0.3449938503044875,0,0,True,9.159645512504008e-06
0.35506992216787353,0,0,True,9.57473929514285e-06
0.3654402810862506,0,0,True,1.0022426454736526e-05
0.37611352216214566,0,0,True,1.0490507076863083e-05
0.3870984915311713,0,0,True,1.0954667142602254e-05
0.39840429369382996,0,0,True,1.1380867476418355e-05
0.41004029906145484,0,0,True,1.195734457070289e-05
0.4220161517225415,0,0,True,1.2460426030429021e-05
0.43434177743590696,0,0,True,1.3022844649211727e-05
0.44702739185730145,0,0,True,1.3580384280781065e-05
0.4600835090062905,0,0,True,1.4146609738072424e-05
0.47352094998042576,0,0,True,1.4746270593879132e-05
0.4873508519239258,0,0,True,1.535740702573279e-05
0.5015846772583016,0,0,True,1.6004475684612585e-05
0.5162342231825763,0,0,True,1.6664068104079405e-05
0.531311631450973,0,0,True,1.733769949590975e-05
0.5468293984361755,0,0,True,1.8039556909998706e-05
0.5628003854865015,0,0,True,1.876089285796674e-05
0.5792378295855727,0,0,True,1.951138017744954e-05
0.5961553543233175,0,0,True,2.032144054556921e-05
0.6135669811873977,0,0,True,2.108160230324481e-05
0.6314871411844196,0,0,True,2.1906951185866918e-05
0.6499306868005591,0,0,True,2.2648818757691153e-05
0.668912904311516,0,0,True,2.3638877783046285e-05
0.6884495264519989,0,0,True,2.4546238313045664e-05
0.708556745455242,0,0,True,2.548349260471464e-05
0.7292512264733608,0,0,True,2.6452311192830873e-05
0.7505501213896695,0,0,True,2.74541999189611e-05
0.7724710830344083,0,0,True,2.8488316487891716e-05
0.7950322798156632,0,0,True,2.9550707556937746e-05
0.8182524107776035,0,0,True,3.064845059886641e-05
0.8421507210985186,0,0,True,3.1787704275044634e-05
0.8667470180414982,0,0,True,3.2968298535930406e-05
0.8920616873709767,0,0,True,3.41664148642468e-05
0.9181157102487475,0,0,True,3.540856038860602e-05
0.944930680623452,0,0,True,3.669207053544938e-05
0.9725288231279543,0,0,True,3.801699506823082e-05
1.0009330114994361,0,0,True,3.938060347056483e-05
1.0301667875374796,0,0,True,4.0782315010001926e-05
1.0602543806158486,0,0,True,4.2242095175802074e-05
1.0912207277641421,0,0,True,4.368790604177024e-05
1.1230914943359627,0,0,True,4.52794487285748e-05
1.1558930952807305,0,0,True,4.686310570838168e-05
1.1896527170367732,0,0,True,4.8491853567633025e-05
1.224398340063837,0,0,True,5.0177529053161656e-05
1.260158762033693,0,0,True,5.191867432207879e-05
1.2969636216980622,0,0,True,5.3706188610395704e-05
1.3348434234536388,0,0,True,5.553806653208727e-05
1.3738295626245727,0,0,True,5.741161573888881e-05
1.413954351483365,0,0,True,5.935914404554422e-05
1.4552510460317445,0,0,True,6.135880000584455e-05
1.4977538735637193,0,0,True,6.34363548722252e-05
1.5414980610336502,0,0,True,6.553448095091428e-05
1.5865198642528573,0,0,True,6.771306293464126e-05
1.632856597938957,0,0,True,6.991836326821777e-05
1.6805466666428366,0,0,True,7.227159663051867e-05
1.7296295965788975,0,0,True,7.462706451375533e-05
1.7801460683849506,0,0,True,7.707103532000015e-05
1.832137950838913,0,0,True,7.957780300276899e-05
1.8856483355602536,0,0,True,8.214472922867626e-05
1.9407215727249458,0,0,True,0.066393309317603
1.9974033078235316,0,0,True,0.06467969086487625
2.0557405194927596,0,0,True,0.0630022082380344
2.115781558452155,0,0,True,0.061360697892178635
2.1775761875777904,0,0,True,0.05975492166640281
2.241175623146473,0,0,True,0.0581846108868545
2.3066325772845304,0,0,True,0.05664948637542849
2.37400130165638,0,0,True,0.05514916766670418
2.443337632429087,0,0,True,0.05368331088299599
2.5146990365501813,0,0,True,0.0522515217887738
2.5881446593770923,0,0,True,0.0508533606979658
2.6637353736976688,0,0,True,0.049488371707139205
2.741533830182422,0,0,True,0.0481561069487977
2.8216045093103004,0,0,True,0.04685606278053247
2.9040137748110393,0,0,True,0.04558775065793294
2.988829928668372,0,0,True,0.044350638605445664
3.0761232677296966,0,0,True,0.04314420320653936
3.1659661419691134,0,0,True,0.04196791907635404
3.2584330144521236,0,0,True,0.04082121719691944
3.353600523051688,0,0,True,0.039703548802154195
3.451547543966797,0,0,True,0.03861436751642246
3.5523552570962003,0,0,True,0.03755310214045867
3.65610721332147,0,0,True,0.03651919906530578
3.7628894037551754,0,0,True,0.035512079938507954
3.8727903310115526,0,0,True,0.03453119054395642
3.9859010825587413,0,0,True,0.03357597186911096
4.10231540621339,0,0,True,0.032645852245317485
4.222129787840192,0,0,True,0.03174028584005955
4.3454435313207584,0,0,True,0.030858708425077108
4.472358840858102,0,0,True,0.030000582382305824
4.602980905684948,0,0,True,0.029165364232360106
4.7374179872460855,0,0,True,0.028352512474389226
4.875781508927006,0,0,True,0.02756150071037138
5.018186148403208,0,0,True,0.026791804680158647
5.164749932686703,0,0,True,0.026042911179591656
5.315594335948497,0,0,True,0.025314306728939123
5.470844380198136,0,0,True,0.02460549236322488
5.630628738903734,0,0,True,0.023915979096029077
5.795079843638406,0,0,True,0.02324528293593738
5.964333993841445,0,0,True,0.022592929002306278
6.138531469785267,0,0,True,0.021958443097132744
6.317816648841713,0,0,True,0.02134138536608098
6.5023381251440915,0,0,True,0.020741292666738367
6.692248832744129,0,0,True,0.02015773533577834
6.887706172365913,0,0,True,0.01959027620048094
7.088872141861874,0,0,True,0.01903849385770285
7.295913470478931,0,0,True,0.018501981051477077
7.509001757046095,0,0,True,0.01798032979514266
7.728313612198036,0,0,True,0.01747315422931675
7.954030804752523,0,0,True,0.01697971320569668
8.186340412363027,0,0,True,0.016499984989667194
8.425434976571374,0,0,True,0.016033637426042878
8.671512662388938,0,0,True,0.015580308060611472
8.924777422538654,0,0,True,0.015139642065582335
9.185439166493962,0,0,True,0.014711298254424724
9.453713934454804,0,0,True,0.014294937247243749
9.729824076404837,0,0,True,0.013890231082965937
10.013998436398301,0,0,True,0.013496859358313296
10.30647254222926,0,0,True,0.01311451909120527
10.60748880064042,0,0,True,0.01274289479755071
10.917296698233326,0,0,True,0.012381692709790377
11.236153008246442,0,0,True,0.012030633200720293
11.564322003372496,0,0,True,0.011689425996753437
11.902075674791496,0,0,True,0.011357801396891234
12.24969395760092,0,0,True,0.011035494187360603
12.607464962829956,0,0,True,0.010722243554210665
12.97568521623006,0,0,True,0.010417797587788569
13.35465990403976,0,0,True,0.010121913402440536
13.7447031259274,0,0,True,0.009834346932482006
14.146138155321458,0,0,True,0.009554868358293132
14.559297707344209,0,0,True,0.009283254111119866
14.984524214570802,0,0,True,0.009019280107133064
15.422170110842304,0,0,True,0.008762732600522235
15.872598123367922,0,0,True,0.008513402917324742
16.33618157335854,0,0,True,0.00827108960908097
16.8133046854407,0,0,True,0.008035592627571196
17.304362906107485,0,0,True,0.007806720829726509
17.809763231470278,0,0,True,0.007584290173086983
18.329924544582965,0,0,True,0.007368115718736621
18.86527796261825,0,0,True,0.0071580217449551545
19.416267194183757,0,0,True,0.006953837219567616
19.98334890707409,0,0,True,0.0067553944362065835
20.56699310676369,0,0,True,0.006562529869535786
21.1676835259541,0,0,True,0.006375086981057876
21.785918025498603,0,0,True,0.006192913209401399
22.422209007036443,0,0,True,2.4970470299025807e-06
23.077083837678668,0,0,True,2.4940995868780313e-06
23.751085287097577,0,0,True,2.493178427862766e-06
24.44477197738202,0,0,True,2.492294221681186e-06
25.158718846031412,0,0,True,2.496189501316031e-06
25.89351762247221,0,0,True,2.4910318025537244e-06
26.64977731849175,0,0,True,2.4929937200695852e-06
27.428124732995983,0,0,True,2.4932819738423565e-06
28.229204971509407,0,0,True,2.4973171148141243e-06
29.053681980847806,0,0,True,2.4973726112345628e-06
29.90223909940691,0,0,True,2.4960014134260333e-06
30.775579623523075,0,0,True,2.487589826494291e-06
31.67442739037541,0,0,True,2.493165532587194e-06
32.599527377912416,0,0,True,2.492259309635068e-06
33.551646322300435,0,0,True,2.0949107098562548e-05
34.531573353405584,0,0,True,1.975217159396162e-05
35.54012064883595,0,0,True,1.862163945134388e-05
36.57812410708607,0,0,True,1.7564277714430608e-05
37.64644404034158,0,0,True,1.6540101929766173e-05
38.745965887518366,0,0,True,1.560369032424011e-05
39.87760094812704,0,0,True,1.4711102692777374e-05
41.04228713757107,0,0,True,1.3856094256096825e-05
42.24098976450457,0,0,True,1.3056340400622125e-05
43.47470233089395,0,0,True,1.2320822382306346e-05
44.74444735544665,0,0,True,1.161032960776872e-05
46.05127722108936,0,0,True,1.0940537832616217e-05
47.39627504719807,0,0,True,1.0297411102444661e-05
48.780555587303006,0,0,True,9.708463285781235e-06
50.20526615301238,0,0,True,9.144255917588452e-06
51.671587564920735,0,0,True,8.613040670748845e-06
53.180735131290014,0,0,True,8.109052879716224e-06
54.73395965531454,0,0,True,7.620791729845074e-06
56.332548471804664,0,0,True,7.186893647680006e-06
57.977826514148354,0,0,True,6.741892585872683e-06
59.67115741243506,0,0,True,6.365482651990268e-06
61.41394462365189,0,0,True,5.988925232066087e-06
63.20763259488898,0,0,True,5.636688483783332e-06
65.05370796051794,0,0,True,5.301711114904138e-06
66.95370077433587,0,0,True,4.985730992831574e-06
68.90918577769588,0,0,True,4.687576052074726e-06
70.92178370467536,0,0,True,4.402519599413016e-06
72.99316262536372,0,0,True,4.140702769600854e-06
75.1250393283828,0,0,True,3.886301651300797e-06
77.31918074378599,0,0,True,3.6542176443441763e-06
79.57740540751527,0,0,True,3.431508212372797e-06
81.90158496862989,0,0,True,3.2215094140765888e-06
84.29364574055606,0,0,True,3.0235016678920254e-06
86.75557029764315,0,0,True,2.8368111620480447e-06
89.28939911834986,0,0,True,2.6608403879347852e-06
91.89723227642209,0,0,True,2.494953711603645e-06
94.5812311814642,0,0,True,2.3386590732795033e-06
97.3436203703464,0,0,True,2.184606297795355e-06
100.18668935093287,0,0,True,2.0441972079302467e-06
103.11279449965876,0,0,True,1.922011408923408e-06
106.1243610145289,0,0,True,1.7972232116377565e-06
109.22388492515672,0,0,True,1.686881420132861e-06
112.4139351615095,0,0,True,1.5739666733941547e-06
115.69715568307441,0,0,True,1.4621241797770734e-06
119.07626767021019,0,0,True,1.3815600047400783e-06
122.55407177950048,0,0,True,1.2843716544513578e-06
126.13345046497832,0,0,True,1.1991696593632336e-06
129.81737036714543,0,0,True,1.1265880889329597e-06
133.60888477176653,0,0,True,1.04729609292792e-06
137.51113614047642,0,0,True,9.760568368300688e-07
141.52735871529742,0,0,True,9.091344601813855e-07
145.6608811992256,0,0,True,8.452193223802245e-07
149.91512951510765,0,0,True,7.871172870599544e-07
154.29362964509505,0,0,True,7.326320016239347e-07
158.80001055302864,0,0,True,6.86565671736795e-07
163.43800719217617,0,0,True,6.373950682725144e-07
168.21146360081508,0,0,True,5.895300927019848e-07
173.1243360882268,0,0,True,5.477249003466651e-07
178.1806965137427,0,0,True,5.115211447827094e-07
183.38473566155963,0,0,True,4.7276820311183726e-07
188.74076671412212,0,0,True,4.407016979563162e-07
194.2532288269499,0,0,True,4.0915211756118504e-07
199.92669080787397,0,0,True,3.786736808679968e-07
205.76585490373,0,0,True,3.517107346565751e-07
211.77556069764825,0,0,True,3.2656928507097797e-07
217.96078912016955,0,0,True,3.035108601675716e-07
224.32666657751213,0,0,True,2.8177876458556133e-07
230.8784692004108,0,0,True,2.619794819214704e-07
237.6216272170499,0,0,True,2.4388312801976557e-07
244.56172945371455,0,0,True,2.2700749255336144e-07
251.70452796689008,0,0,True,2.1162175233848396e-07
259.05594281064924,0,0,True,1.97248564962969e-07
266.62206694327807,0,0,True,1.845159316406671e-07
274.40917127720724,0,0,True,1.7263123181402113e-07
282.4237098764345,0,0,True,1.6179868400835664e-07
290.6723253057456,0,0,True,1.5211911265013712e-07
299.1618541361675,0,0,True,1.4273388124113101e-07
307.8993326112168,0,0,True,1.3519897505732137e-07
316.89200247863926,0,0,True,1.2811393962513143e-07
326.1473169924746,0,0,True,1.2215137854470374e-07
335.6729470904206,0,0,True,1.1601866704632919e-07
345.4767877516165,0,0,True,6.338044282265243e-08
355.56696454011495,0,0,True,5.71945807188285e-08
365.9518403394666,0,0,True,5.163563386121514e-08
376.6400222839982,0,0,True,4.687146061712392e-08
387.6403688925288,0,0,True,5.1976689855797653e-08
398.961997410438,0,0,True,5.0618669273435035e-08
410.61429136616977,0,0,True,5.006534406571169e-08
422.6069083484355,0,0,True,3.019647933772017e-08
434.94978801056277,0,0,True,3.4248160815393614e-08
447.6531603086224,0,0,True,4.624552154330206e-08
460.72755398016335,0,0,True,5.486718103589544e-08
474.1838052705818,0,0,True,4.240202173200667e-08
488.0330669143569,0,0,True,5.1445239317128416e-08
502.2868173785975,0,0,True,8.232851052176407e-08
516.9568703765607,0,0,True,5.463711406341105e-08
532.055384659027,0,0,True,4.6662367390475094e-08
547.5948740916481,0,0,True,7.508525787617652e-08
563.5882180266182,0,0,True,4.3372321492945924e-08
580.0486719772665,0,0,True,6.876479078377266e-08
596.9898786044171,0,0,True,7.234180609683729e-08
614.4258790236221,0,0,True,5.350145864007878e-08
632.3711244426405,0,0,True,6.164413398290872e-08
650.8404881388067,0,0,True,4.1878818957048196e-08
669.8492777862161,0,0,True,8.407330381951876e-08
689.4132481429461,0,0,True,5.8056448502198394e-08
709.5486141088256,0,0,True,6.294089693116819e-08
730.2720641645773,0,0,True,5.894806914731608e-08
751.6007742034699,0,0,True,7.441721614204082e-08
773.5524217669459,0,0,True,7.570796699322817e-08
796.145200696022,0,0,True,8.314436524159487e-08
819.3978362106054,0,0,True,8.425735319095549e-08
843.3296004292259,0,0,True,9.752516080329179e-08
867.9603283420445,0,0,True,1.0107893997582135e-07
893.3104342503782,0,0,True,1.1169388794935979e-07
919.4009286863665,0,0,True,1.1919104011165899e-07
946.2534358268023,0,0,True,1.401632094533965e-07
973.8902114155605,0,0,True,1.504296516893148e-07
1002.3341612094788,0,0,True,2.1159898755967122e-07
1031.6088599629775,0,0,True,1.4868872626577768e-07
1061.738570967155,0,0,True,2.0891379627025803e-07
1092.7482661595527,0,0,True,2.1809393308882106e-07
1124.6636468212553,0,0,True,2.2971424953227325e-07
1157.5111648784818,0,0,True,3.1276669506657344e-07
1191.3180448263229,0,0,True,2.5979967962686795e-07
1226.112306292793,0,0,True,3.399269277513543e-07
1261.922787261901,0,0,True,2.68085108183878e-07
1298.7791679749862,0,0,True,3.129173927329975e-07
1336.7119955301284,0,0,True,3.315943965421062e-07
1375.7527092000223,0,0,True,3.670496648527099e-07
1415.933666489298,0,0,True,3.5874595924430205e-07
1457.288169952887,0,0,True,3.820702808340878e-07
1499.8504947976571,0,0,True,4.02273897212424e-07
1543.6559172901975,0,0,True,4.0632913133777084e-07
1588.740743994295,0,0,True,4.5309876601388686e-07
1635.1423418623358,0,0,True,4.789030201654489e-07
1682.8991692055736,0,0,True,5.039766084698629e-07
1732.0508075689297,0,0,True,5.321684456867224e-07
1782.637994536747,0,0,True,5.61839133867147e-07
1834.7026574966856,0,0,True,5.271675956174023e-07
1888.2879483897432,0,0,True,6.261876108764677e-07
1943.4382794752053,0,0,True,6.610845782712144e-07
2000.1993601401632,0,0,True,6.975647051536635e-07
2058.618234784112,0,0,True,7.369017997967534e-07
2118.743321810023,0,0,True,7.780829089593141e-07
2180.6244537542157,0,0,True,8.216732542756591e-07
2244.312918588276,0,0,True,8.677787472606738e-07
2309.8615022272666,0,0,True,9.16574356354196e-07
2377.324532279452,0,0,True,9.665207016711127e-07
2446.7579230738,0,0,True,1.0228784789542917e-06
2518.219222002583,0,0,True,1.0421487817155988e-06
2591.767657217482,0,0,True,1.1420341075723323e-06
2667.4641867187306,0,0,True,1.20528333145636e-06
2745.3715488779826,0,0,True,1.2756086253562629e-06
2825.5543144367753,0,0,True,1.3141947304122725e-06
2908.0789400236886,0,0,True,1.4253751693136296e-06
2993.013823234553,0,0,True,1.5070202674220084e-06
3080.429359321362,0,0,True,1.593439594460202e-06
3170.397999536867,0,0,True,1.6849684908761575e-06
3262.9943111832176,0,0,True,1.7814190396662688e-06
3358.2950394144136,0,0,True,1.8338839653971643e-06
3456.3791708437916,0,0,True,1.91513107982186e-06
3557.3279990092647,0,0,True,2.0593859092660486e-06
3661.2251917505764,0,0,True,2.182117113515822e-06
3768.156860554408,0,0,True,2.2846960374864106e-06
3878.2116319248166,0,0,True,2.4494093563288934e-06
3991.4807208381553,0,0,True,2.568231341061028e-06
4108.058006343357,0,0,True,2.7225964674304363e-06
4228.04010937024,0,0,True,2.912388538521099e-06
4351.526472810322,0,0,True,3.0850882439517907e-06
4478.619443936518,0,0,True,3.2677940127079994e-06
4609.424359230034,0,0,True,3.461520632130018e-06
4744.049631684752,0,0,True,3.666328308022024e-06
4882.606840661482,0,0,True,3.857202401669571e-06
5025.210824366537,0,0,True,4.112200535574551e-06
5171.97977503129,0,0,True,4.353115115451052e-06
5323.035336871595,0,0,True,4.6102825814888845e-06
5478.50270690826,0,0,True,4.93524030412662e-06
5638.510738732138,0,0,True,5.22482477706664e-06
5803.192049299834,0,0,True,5.531584003830888e-06
5972.68312884855,0,0,True,5.856537621936671e-06
6147.124454021146,0,0,True,6.200765888977604e-06
6326.660604295211,0,0,True,6.565413580072486e-06
6511.440381812603,0,0,True,6.951693114402642e-06
6701.61693470881,0,0,True,7.360889510315406e-06
6897.347884044321,0,0,True,7.794363997528001e-06
7098.7954544432305,0,0,True,8.253559194828131e-06
7306.126608547335,0,0,True,8.74000306750072e-06
7519.5131853971725,0,0,True,9.255315513120173e-06
7739.132042854688,0,0,True,9.80121193088286e-06
7965.165204185572,0,0,True,1.0379510647356812e-05
8197.800008922763,0,0,True,1.0992137514475095e-05
8437.229268136134,0,0,True,1.164113600231448e-05
8683.651424237094,0,0,True,1.232866965376343e-05
8937.270715450499,0,0,True,1.3057028488213916e-05
9198.29734509023,0,0,True,1.3828645194266191e-05
9466.94765577873,0,0,True,1.4646092626173367e-05
9743.444308754864,0,0,True,1.551209995281769e-05
10028.016468418768,0,0,True,1.6429560919974766e-05
10320.899992266588,0,0,True,1.740153933980301e-05
10622.337626372571,0,0,True,1.8431285280161118e-05
10932.579206580493,0,0,True,1.9522242206526805e-05
11251.8818655712,0,0,True,2.067806082993985e-05
11580.510245977872,0,0,True,2.190261088307196e-05
11918.736719725637,0,0,True,2.3199994645675318e-05
12266.841613777342,0,0,True,2.4574561161907244e-05
12625.113442472564,0,0,True,2.6030921316156504e-05
12993.849146652448,0,0,True,2.7573963578505325e-05
13373.354339768535,0,0,True,2.9208871435261407e-05
13763.943561179594,0,0,True,3.0941141307701963e-05
14165.940536846354,0,0,True,3.2776601692744896e-05
14579.678447640239,0,0,True,3.472143380609687e-05
15005.50020548846,0,0,True,3.678219360602791e-05
15443.758737584356,0,0,True,3.896583390786213e-05
15894.81727889851,0,0,True,5.8488278983294036e-08
16359.049673233128,0,0,True,4.4813383610165615e-08
16836.84068306915,0,0,True,4.6084682309396085e-08
17328.586308462924,0,0,True,4.918609514288091e-08
17834.694115256745,0,0,True,5.5328409173606555e-08
18355.58357287528,0,0,True,5.6208494937939906e-08
18891.686401987863,0,0,True,6.214409606269743e-08
19443.44693232479,0,0,True,6.414325025096791e-08
20011.32247094418,0,0,True,6.802857073146337e-08
20595.783681254634,0,0,True,7.017719252813218e-08
21197.314973107856,0,0,True,7.424341649837208e-08
21816.41490428447,0,0,True,7.625533742320667e-08
22453.596593705897,0,0,True,7.830221542696365e-08
23109.388146714682,0,0,True,8.036474761494228e-08
23784.333092775796,0,0,True,8.236831961920433e-08
24478.990835961667,0,0,True,8.44548246341371e-08
25193.937118594316,0,0,True,8.663023519320787e-08
25929.76449842887,0,0,True,8.883282736038284e-08
26687.082839773942,0,0,True,9.113557578440387e-08
27466.519818955945,0,0,True,9.352531373237879e-08
28268.721444546245,0,0,True,9.60628533991042e-08
29094.35259278235,0,0,True,9.864078475576315e-08
29944.0975586269,0,0,True,1.0139229277513807e-07
30818.660622921157,0,0,True,1.0419415161138054e-07
31718.766636103097,0,0,True,1.0709657720292956e-07
32645.161618973863,0,0,True,1.1014231520683307e-07
33598.613381010546,0,0,True,1.133062293435331e-07
34579.912156737686,0,0,True,1.1660603021319685e-07
35589.87126068503,0,0,True,1.2000786073777188e-07
36629.3277614743,0,0,True,1.2355928456859644e-07
37699.14317559368,0,0,True,1.272179051523519e-07
38800.20418143509,0,0,True,1.31005978641003e-07
39933.423354185965,0,0,True,1.3491604964174489e-07
41099.739922184686,0,0,True,1.3894967187725e-07
42300.12054536654,0,0,True,1.4309672747302898e-07
43535.560116445355,0,0,True,1.473483049552863e-07
44807.082585494885,0,0,True,1.5169655269202015e-07
46115.74180861335,0,0,True,1.561309020630807e-07
47462.622421374515,0,0,True,1.6063679037310805e-07
48848.84073778926,0,0,True,1.6519020262425339e-07
50275.54567552264,0,0,True,1.6976924651370739e-07
51743.9197081334,0,0,True,1.7434953757859369e-07
53255.17984512503,0,0,True,1.7890016796105533e-07
54810.57864062074,0,0,True,1.8338818831329877e-07
56411.40523149833,0,0,True,1.8777528947206434e-07
58058.986405845346,0,0,True,1.920213855730435e-07
59754.68770262015,0,0,True,1.9608295148330377e-07
61499.914543430175,0,0,True,1.9991600197471893e-07
63296.11339736563,0,0,True,2.0347399429922605e-07
65144.77297985382,0,0,True,2.067133829001706e-07
67047.42548652789,0,0,True,2.0959129073084036e-07
69005.64786313263,0,0,True,2.120703951943972e-07
71021.06311251973,0,0,True,2.1411805442408184e-07
73095.34163981589,0,0,True,2.1570985008019753e-07
75230.20263687859,0,0,True,2.1683052391023943e-07
77427.41550718702,0,0,True,2.1747370471857155e-07
79688.80133234913,0,0,True,2.1764554684987563e-07
82016.2343814402,0,0,True,2.1736250105849755e-07
84411.64366442403,0,0,True,2.1665287955813845e-07
86877.0145309441,0,0,True,2.1555642228543319e-07
89414.3903158099,0,0,True,2.1412297289459797e-07
92025.8740325422,0,0,True,2.1241250978199003e-07
94713.63011638084,0,0,True,2.1049341721577824e-07
97479.88621819983,0,0,True,2.0844168332881707e-07
100326.93505081636,0,0,True,2.0634008144585348e-07
103257.13628922417,0,0,True,2.0427639709862302e-07
106272.91852632609,0,0,True,2.0234250104872725e-07
109376.78128578671,0,0,True,2.0063274169431183e-07
112571.29709367358,0,0,True,1.9924221463790222e-07
115859.11361060376,0,0,True,1.9826475385576947e-07
119242.955826163,0,0,True,1.977906320775371e-07
122725.62831741627,0,0,True,1.9790343877325402e-07
126310.01757338151,0,0,True,1.986770308299017e-07
129999.09438739331,0,0,True,2.001723228739717e-07
133795.91631933904,0,0,True,2.0243377283953604e-07
137703.63022980845,0,0,True,2.054861008684157e-07
141725.47488825695,0,0,True,2.093316358548933e-07
145864.78365734435,0,0,True,2.1394768132220748e-07
150124.98725567365,0,0,True,2.1928488927800788e-07
154509.61660121998,0,0,True,2.252652772715263e-07
159022.3057378062,0,0,True,2.317811916576275e-07
163666.79484705057,0,0,True,2.515197811443718e-07
168446.9333482831,0,0,True,2.8365138977591287e-07
173366.68308899962,0,0,True,3.237599421255399e-07
178430.12162849787,0,0,True,3.7150984210659357e-07
183641.4456174173,0,0,True,4.247719408442733e-07
189004.97427598343,0,0,True,4.795244592839501e-07
194525.15297383966,0,0,True,5.303116560619929e-07
200206.55691443355,0,0,True,5.71233465616085e-07
206053.89492701108,0,0,True,5.972456064253203e-07
212072.0133693622,0,0,True,6.053653974832124e-07
218265.90014455165,0,0,True,5.953458411684775e-07
224640.68883496482,0,0,True,5.695690142261578e-07
231201.66295709455,0,0,True,5.322408650527781e-07
237954.26034059562,0,0,True,4.882463218739307e-07
244904.07763523603,0,0,True,4.420921066980221e-07
252056.8749494808,0,0,True,3.972301688276687e-07
259418.58062455276,0,0,True,3.558347541315938e-07
266995.2961479268,0,0,True,3.189313584809928e-07
274793.30121033057,0,0,True,2.867057668739795e-07
282819.0589104421,0,0,True,2.5883789570650536e-07
291079.22111159936,0,0,True,2.3473352363068565e-07
299580.6339549597,0,0,True,2.1384808015644042e-07
308330.3435336804,0,0,True,1.9561177803615622e-07
317335.6017328219,0,0,True,1.795370120620401e-07
326603.8722398141,0,0,True,1.6522574611781263e-07
336142.8367304681,0,0,True,1.5297533258252334e-07
345960.40123565943,0,0,True,1.4425485612967042e-07
356064.70269396005,0,0,True,1.3596656605955987e-07
366464.1156956499,0,0,True,1.2811211143434217e-07
377167.2594236978,0,0,True,1.2068638186002612e-07
388183.00479746424,0,0,True,1.1367936177047458e-07
399520.48182504677,0,0,True,1.0707750446789711e-07
411189.0871703619,0,0,True,1.0086493133189016e-07
423198.4919412352,0,0,True,9.502435224632177e-08
435558.64970495465,0,0,True,8.953761338205666e-08
448279.80473793007,0,0,True,8.438620132457047e-08
461372.5005162968,0,0,True,7.955175339582506e-08
474847.5884545001,0,0,True,7.501617148796218e-08
488716.23689910356,0,0,True,7.076188356419313e-08
502989.94038527523,0,0,True,6.677193406001543e-08
517680.5291636236,0,0,True,6.303005500223284e-08
532800.1790052791,0,0,True,5.952082165178597e-08
548361.4212933487,0,0,True,5.622946778442471e-08
564377.1534091057,0,0,True,5.3142131129535e-08
580860.6494215255,0,0,True,5.024572727634729e-08
597825.5710890242,0,0,True,4.752780936462292e-08
615285.9791825201,0,0,True,4.4976889655078097e-08
633256.3451392035,0,0,True,4.2581973123061226e-08
651751.5630566714,0,0,True,4.033289222043558e-08
670786.9620373696,0,0,True,3.822007084813437e-08
690378.3188935732,0,0,True,3.6234610569841364e-08
710541.8712234357,0,0,True,3.436810621107383e-08
731294.3308689432,0,0,True,3.2612757315721334e-08
752652.8977669296,0,0,True,3.096129165974371e-08
774635.2742046312,0,0,True,2.94068225882869e-08
797259.6794915972,0,0,True,2.7943060907499463e-08
820544.865060115,0,0,True,2.6564053347279587e-08
844510.1300066669,0,0,True,2.5264245233242555e-08
869175.3370872986,0,0,True,2.403850034024771e-08
894560.9291801571,0,0,True,2.2881989876898187e-08
920687.9462288416,0,0,True,2.179021360493828e-08
947578.0426806114,0,0,True,2.0758973095341746e-08
975253.505433903,0,0,True,1.9784389655463647e-08
1003737.2723100319,0,0,True,1.8862815444937833e-08
1033052.9510643885,0,0,True,1.799084467795465e-08
1063224.838952885,0,0,True,1.7165304177952387e-08
1094277.942869871,0,0,True,1.638326538347112e-08
1126238.0000742055,0,0,True,1.5641950637899192e-08
1159131.4995206685,0,0,True,1.493879532185035e-08
1192985.703814387,0,0,True,1.4271412723950848e-08
1227828.6718064735,0,0,True,1.3637572857956056e-08
1263689.2818496055,0,0,True,1.303519174899208e-08
1300597.255732819,0,0,True,1.2462333741637069e-08
1338583.183315355,0,0,True,1.1917170411402825e-08
1377678.5478799741,0,0,True,1.1398030097083662e-08
1417915.7522267536,0,0,True,1.090334081323158e-08
1459328.1455289945,0,0,True,1.0431627105294549e-08
1501950.050973495,0,0,True,9.981530597398347e-09
1545816.7942081015,0,0,True,9.55176900672083e-09
1590964.7326201133,0,0,True,9.141150150696047e-09
1637431.2854698077,0,0,True,8.748579051778339e-09
1685254.9649040604,0,0,True,8.373007394157627e-09
1734475.4078757667,0,0,True,8.013477786353674e-09
1785133.408995518,0,0,True,7.669089525971977e-09
1837270.9543427608,0,0,True,7.339005881937379e-09
1890931.2562644635,0,0,True,7.022446013016882e-09
1946158.78919013,0,0,True,6.718675830056547e-09
2002999.3264928467,0,0,True,6.427019827175854e-09
2061499.9784269116,0,0,True,6.1468413226103354e-09
2121709.2311734906,0,0,True,5.8775510278459556e-09
2183676.9870266607,0,0,True,5.618590208604388e-09
2247454.6057531494,0,0,True,5.369451709097517e-09
2313094.947160047,0,0,True,5.129645761727516e-09
2380652.4149057744,0,0,True,4.89872876070473e-09
2450183.001590618,0,0,True,4.6762808663663575e-09
2521744.3351642,0,0,True,4.461913383399336e-09
2595395.726688354,0,0,True,4.2552587554355135e-09
2671198.2194949817,0,0,True,4.055978046988883e-09
2749214.6397796483,0,0,True,3.863754634313848e-09
2829509.648672832,0,0,True,3.6782915329634284e-09
2912149.7958320025,0,0,True,3.499316336285907e-09
2997203.5745989294,0,0,True,3.3265704653977175e-09
3084741.478767952,0,0,True,1.3525129450442342e-06
3174836.0610122466,0,0,True,2.9988325527412857e-09
3267561.993016527,0,0,True,1.0527232047721785e-06
3362996.1273660087,0,0,True,9.282334036834932e-07
3461217.561242936,0,0,True,8.181896848307699e-07
3562307.701983465,0,0,True,7.209714872033374e-07
3666350.3345492315,0,0,True,6.351332798196786e-07
3773431.690969534,0,0,True,5.593834602835747e-07
3883640.5218116785,0,0,True,4.925713194886565e-07
3997068.1697387216,0,0,True,4.336710270030012e-07
4113808.6452155863,0,0,True,3.817703049216338e-07
4233958.704426285,0,0,True,3.360583088344515e-07
4357617.929466833,0,0,True,2.9581302629323224e-07
4484888.810880328,0,0,True,2.603948960202075e-07
4615876.832602575,0,0,True,2.2923554800174494e-07
4750690.5593887,0,0,True,2.0183123899652136e-07
4889441.726793168,0,0,True,1.7773604648409474e-07
5032245.333777827,0,0,True,1.0823342455844615e-09
5179219.738024693,0,0,True,9.988087716495841e-10
5330486.754032501,0,0,True,9.192505057272396e-10
5486171.754078313,0,0,True,8.436438967795013e-10
5646403.77212786,0,0,True,7.719715136079333e-10
5811315.610780754,0,0,True,7.042189156234034e-10
5981043.951339183,0,0,True,6.403670487726155e-10
6155729.467091346,0,0,True,5.803906466670101e-10
6335516.939903491,0,0,True,5.242549627548067e-10
6520555.38021721,0,0,True,4.719153018331496e-10
6710998.150551434,0,0,True,4.3124580909175133e-10
6907003.092611491,0,0,True,4.0615550429107805e-10
7108732.658110582,0,0,True,3.823641978433773e-10
7316354.043412098,0,0,True,3.600038483105775e-10
7530039.328104363,0,0,True,3.387287865576341e-10
7749965.617622676,0,0,True,3.186345716420605e-10
7976315.190036841,0,0,True,2.9961940981154117e-10
8209275.647125845,0,0,True,2.817266013800972e-10
8449040.069864916,0,0,True,2.6466502270551854e-10
8695807.178453807,0,0,True,2.486364722864596e-10
8949781.497018954,0,0,True,2.33475799263205e-10
9211173.523126014,0,0,True,2.1913106231937635e-10
9480199.902243268,0,0,True,2.0559098109996072e-10
9757083.607300505,0,0,True,1.9278011919019793e-10
10042054.123492187,0,0,True,1.8069426245504368e-10
10335347.638478078,0,0,True,1.6927432533925534e-10
10637207.23813897,0,0,True,1.5844950930602868e-10
10947883.108049756,0,0,True,1.4826569994250215e-10
11267632.74083683,0,0,True,1.3856338097506044e-10
11596721.149591682,0,0,True,1.2947127756615338e-10
11935421.087517545,0,0,True,1.2085712691216328e-10
12284013.27399118,0,0,True,1.1256891797099531e-10
12642786.627227133,0,0,True,1.0483355076915209e-10
13012038.503737291,0,0,True,9.76090587423662e-11
13392074.944784245,0,0,True,9.073152598754498e-11
13783210.930032682,0,0,True,8.409969175923738e-11
14185770.63860906,0,0,True,7.798375311880911e-11
14600087.717785925,0,0,True,4.447217592568936e-09
15026505.559513573,0,0,True,4.0499551582560165e-09
15465377.585028222,0,0,True,3.6856832466395633e-09
15917067.537772626,0,0,True,3.352322922798951e-09
16381949.784871856,0,0,True,3.047786396150618e-09
16860409.627414163,0,0,True,2.76998725657905e-09
17352843.61979406,0,0,True,2.516872262675072e-09
17859659.898382287,0,0,True,2.2864770955898614e-09
18381278.519795123,0,0,True,2.076908207140968e-09
18918131.809043337,0,0,True,1.8863788517003164e-09
19470664.717849363,0,0,True,1.0623206379030629e-06
20039335.1934297,0,0,True,9.56816471115377e-07
20624614.558048137,0,0,True,1.4129065320395913e-09
21226987.899654415,0,0,True,7.758443072033052e-07
21846954.473932106,0,0,True,6.984445927752177e-07
22485028.118088886,0,0,True,6.286358286576236e-07
23141737.676732205,0,0,True,5.656716414953147e-07
23817627.440183297,0,0,True,5.088793079288394e-07
24513257.595592823,0,0,True,4.576528295959022e-07
25229204.691232033,0,0,True,4.1144659019108233e-07
25966062.114344258,0,0,True,3.6976935199986176e-07
26724440.58295279,0,0,True,3.3217885019543963e-07
27504968.652032748,0,0,True,2.982771218539027e-07
28308293.23446649,0,0,True,5.032667291030595e-05
29135080.1372143,0,0,True,4.776518184108731e-05
29986014.613144763,0,0,True,4.531377338843017e-05
30861801.928982202,0,0,True,4.296811716596592e-05
31763167.949841864,0,0,True,4.072413278740126e-05
32690859.740837373,0,0,True,3.857797406998061e-05
33645646.186259024,0,0,True,3.652601330824065e-05
34628318.626836136,0,0,True,3.4564825771787575e-05
35639691.515611626,0,0,True,3.269117451904848e-05
36680603.092972405,0,0,True,3.090199553962149e-05
37751916.08139504,0,0,True,2.919438351369728e-05
38854518.40048254,0,0,True,2.7565578032359653e-05
39989323.90288492,0,0,True,2.6023095709959087e-05
41157273.13171339,0,0,True,2.4543009934135835e-05
42359334.10007598,0,0,True,2.3134309994566467e-05
43596503.093380764,0,0,True,2.179468128527236e-05
44869805.49507149,0,0,True,2.052189677234669e-05
46180296.636480145,0,0,True,1.9313807609892264e-05
47529062.6715007,0,0,True,1.8168334538496958e-05
48917221.47680909,0,0,True,1.708345983328028e-05
50345923.57837547,0,0,True,1.6057219925794622e-05
51816353.105036676,0,0,True,1.5087698447136168e-05
53329728.7699192,0,0,True,1.4173019631676606e-05
54887304.880526185,0,0,True,1.331134181066838e-05
56490372.378325485,0,0,True,1.2500851110322703e-05
58140259.90870052,0,0,True,1.17397547904263e-05
59838334.92215066,0,0,True,1.1026274256028858e-05
61586004.80765386,0,0,True,1.035863761058213e-05
63384718.05913087,0,0,True,9.735071422737393e-06
65235965.475977816,0,0,True,9.15379175663173e-06
67141281.39866216,0,0,True,8.612994623447038e-06
69102244.98040617,0,0,True,8.110846039661104e-06
71120481.49601173,0,0,True,7.645472032024008e-06
73197663.68891156,0,0,True,7.214949637302546e-06
75335513.15756291,0,0,True,6.81729989119142e-06
77535801.7823332,0,0,True,6.4504835836741296e-06
79800353.19405985,0,0,True,6.1124017439823365e-06
82131044.28550182,0,0,True,5.800901140650723e-06
84529806.76693523,0,0,True,5.513786206367029e-06
86998628.76718262,0,0,True,5.248836697806641e-06
89539556.48140272,0,0,True,5.003831175554012e-06
92154695.8670064,0,0,True,4.776574240357949e-06
94846214.38910443,0,0,True,4.564926061406393e-06
97616342.81693369,0,0,True,4.366831908452454e-06
100467377.07275085,0,0,True,4.1799283316257735e-06
103401680.13472566,0,0,True,4.003280452625079e-06
106421683.99541129,0,0,True,3.834788986217724e-06
109529891.67741464,0,0,True,3.672976143693497e-06
112728879.30793752,0,0,True,3.516544592121304e-06
116021298.25390786,0,0,True,3.3643824101320053e-06
119409877.31947073,0,0,True,3.2155643803672944e-06
122897425.00766048,0,0,True,3.0693497060123685e-06
126486831.84812836,0,0,True,2.9251771910245033e-06
130181072.7928551,0,0,True,2.782657714211047e-06
133983209.68183382,0,0,True,2.6415645143438162e-06
137896393.78076705,0,0,True,2.501821687626008e-06
141923868.39288107,0,0,True,2.363489947539033e-06
146068971.54702216,0,0,True,2.2267505054722687e-06
150335138.76426297,0,0,True,2.091886874594536e-06
154725905.9053117,0,0,True,1.9592651898812237e-06
159244912.1010843,0,0,True,1.829312390081459e-06
163895902.7688685,0,0,True,1.7024938987367132e-06
168682732.7165795,0,0,True,1.5792912657628618e-06
173609369.3376801,0,0,True,1.4601807552245446e-06
178679895.89941353,0,0,True,1.345611855456636e-06
183898514.92707393,0,0,True,1.2359918323587751e-06
189269551.68711978,0,0,True,1.1316689440161355e-06
194797457.77201694,0,0,True,2.6613020034725396e-13
200486814.78978235,0,0,True,2.513159169270062e-13
206342338.16128674,0,0,True,3.7406448014162764e-13
212368881.02846313,0,0,True,2.2206047742558488e-13
218571438.27666065,0,0,True,2.0662817886723782e-13
224955150.67447734,0,0,True,3.3345472163997474e-13
231525309.13450304,0,0,True,1.7955137311839676e-13
238287359.0985037,0,0,True,4.98538025619242e-13
245246905.05068198,0,0,True,1.7813262994777333e-13
252409715.16275412,0,0,True,1.4245250892056258e-13
259781726.07469362,0,0,True,1.940988502086701e-13
267369047.81510386,0,0,True,1.2080318689813934e-13
275177968.86529756,0,0,True,1.1121842437042072e-13
283214961.37128043,0,0,True,1.0200516320894611e-13
291486686.5079589,0,0,True,9.370600800445239e-14
300000000.0000176,0,0,True,8.632863818927521e-14
