net,members,matched
ADC_CS_N,R_CS_PU-2;U5-38;U7-11,True
ADC_IN0,C_ADC0-1;R_ADC0-2;U5-16,True
ADC_IN1,C_ADC1-1;R_ADC1-2;U5-18,True
ADC_IN2,C_ADC2-1;R_ADC2-2;U5-21,True
ADC_IN3,C_ADC3-1;R_ADC3-2;U5-23,True
ADC_REFCAP,C_ADC_REFCAP-1;C_REFCAP_BULKA-1;C_REFCAP_BULKB-1;U5-7,True
ADC_REFIO,C_ADC_REFIO-1;C_REFIO_B-1;U5-5,True
ADC_RESET_N,R_ADC_RESET_PD-1;U13-6;U5-2,True
COL0,CF0-2;J2-5;RF0-2;R_COL_SENSE0-1,True
COL1,CF1-2;J2-6;RF1-2;R_COL_SENSE1-1,True
COL2,CF2-2;J2-7;RF2-2;R_COL_SENSE2-1,True
COL3,CF3-2;J2-8;RF3-2;R_COL_SENSE3-1,True
COL_SENSE0,C_TIA_HF0-2;R_COL_SENSE0-2;U2-2,True
COL_SENSE1,C_TIA_HF1-2;R_COL_SENSE1-2;U2-6,True
COL_SENSE2,C_TIA_HF2-2;R_COL_SENSE2-2;U2-9,True
COL_SENSE3,C_TIA_HF3-2;R_COL_SENSE3-2;U2-13,True
DIV_2V25,C_DIV-1;RD_B1-1;RD_TOP-2;U3-5,True
DIV_SEG1,RD_B1-2;RD_B2-1,True
DIV_SEG2,RD_B2-2;RD_B3-1,True
DIV_SEG3,RD_B3-2;RD_B4-1,True
DIV_SEG4,RD_B4-2;RD_B5-1,True
DIV_SEG5,RD_B5-2;RD_B6-1,True
DIV_SEG6,RD_B6-2;RD_B7-1,True
DIV_SEG7,RD_B7-2;RD_B8-1,True
DIV_SEG8,RD_B8-2;RD_B9-1,True
GND,C_ADC0-2;C_ADC1-2;C_ADC2-2;C_ADC3-2;C_ADCA1-2;C_ADCA2-2;C_ADCD-2;C_ADC_REFCAP-2;C_ADC_REFIO-2;C_AVDD30A-2;C_AVDD30B-2;C_AVDD30_HF-2;C_AVDD9A-2;C_AVDD9B-2;C_AVDD9_HF-2;C_BUF-2;C_DIV-2;C_DVDD34A-2;C_DVDD34B-2;C_LDO_IN-2;C_LDO_OUT-2;C_MCU1-2;C_MCU_BULK-2;C_MUX-2;C_PWR-2;C_REF-2;C_REFCAP_BULKA-2;C_REFCAP_BULKB-2;C_REFIO_B-2;C_ROW_OP-2;C_RST-2;C_TIA_OP-2;C_U13-2;C_U14-2;C_U15-2;D_J3_1-1;D_J3_3-1;D_J3_4-1;D_J3_5-1;D_J4_1-1;D_J4_3-1;D_J4_4-1;D_ROW0-1;D_ROW1-1;D_ROW2-1;D_ROW3-1;D_TIA0-1;D_TIA1-1;D_TIA2-1;D_TIA3-1;D_VCM-1;D_VEX-1;J1-2;J3-2;J4-2;RD_B9-2;R_ADC_RESET_PD-2;R_ENABLE_PD-2;R_HW_PD-2;R_SEL_PD0-2;R_SEL_PD1-2;R_SEL_PD2-2;R_SEL_PD3-2;U1-11;U10-8;U10-9;U10_BLEED-2;U10_EN_G-2;U10_IN_CAP-2;U10_OUT_CAP-2;U10_OV_B2-2;U10_PG_B-2;U11-2;U11_BOT-2;U11_CT_C-2;U11_SENSE_C-2;U11_VDD_C-2;U12-2;U12_BOT-2;U12_CT_C-2;U12_SENSE_C-2;U12_VDD_C-2;U13-10;U13-12;U13-13;U13-7;U13-9;U14-7;U15-3;U2-11;U3-4;U4-5;U4-6;U5-10;U5-11;U5-17;U5-19;U5-20;U5-22;U5-28;U5-29;U5-3;U5-31;U5-32;U5-33;U5-4;U5-6;U5-8;U6-3;U7-5;U8-2;U9-8;U9-9;U9_BLEED-2;U9_EN_G-2;U9_IN_CAP-2;U9_OUT_CAP-2;U9_OV_B2-2;U9_PG_B-2,True
HW_ENABLE,R_HW_PD-1;U13-3;U14-1;U14-12;U14-4;U14-9,True
MCU_ADC_RESET,U13-5;U7-15,True
MCU_ENABLE,R_ENABLE_PD-1;U13-2;U7-16,True
MCU_NRST_EXT,J3-5;R_J3_5-1,True
MCU_ROW0,U14-2;U7-7,True
MCU_ROW1,U14-5;U7-8,True
MCU_ROW2,U14-10;U7-9,True
MCU_ROW3,U14-13;U7-10,True
PGOOD,D_J3_5-3;R_J3_5-2;R_RST-2;U11-6;U12-6;U15-2;U7-6,True
PG_OK_FAST,U13-1;U13-4;U15-4,True
REF_2V5,U3-3;U6-2,True
ROW0,J2-1;R_ISO0-2;R_ROW_FB0-1,True
ROW1,J2-2;R_ISO1-2;R_ROW_FB1-1,True
ROW2,J2-3;R_ISO2-2;R_ROW_FB2-1,True
ROW3,J2-4;R_ISO3-2;R_ROW_FB3-1,True
ROW_CMD0,U1-3;U4-3,True
ROW_CMD1,U1-5;U4-8,True
ROW_CMD2,U1-10;U4-13,True
ROW_CMD3,U1-12;U4-18,True
ROW_DRV0,C_ROW_HF0-1;D_ROW0-3;R_ISO0-1;U1-1,True
ROW_DRV1,C_ROW_HF1-1;D_ROW1-3;R_ISO1-1;U1-7,True
ROW_DRV2,C_ROW_HF2-1;D_ROW2-3;R_ISO2-1;U1-8,True
ROW_DRV3,C_ROW_HF3-1;D_ROW3-3;R_ISO3-1;U1-14,True
ROW_FB0,C_ROW_HF0-2;R_ROW_FB0-2;U1-2,True
ROW_FB1,C_ROW_HF1-2;R_ROW_FB1-2;U1-6,True
ROW_FB2,C_ROW_HF2-2;R_ROW_FB2-2;U1-9,True
ROW_FB3,C_ROW_HF3-2;R_ROW_FB3-2;U1-13,True
ROW_SEL0,R_SEL_PD0-1;U14-3;U4-1,True
ROW_SEL1,R_SEL_PD1-1;U14-6;U4-10,True
ROW_SEL2,R_SEL_PD2-1;U14-8;U4-11,True
ROW_SEL3,R_SEL_PD3-1;U14-11;U4-20,True
SPI_MISO,U5-36;U7-13,True
SPI_MOSI,U5-1;U7-14,True
SPI_SCLK,U5-37;U7-12,True
SWCLK,D_J3_4-3;R_J3_4-2;U7-25,True
SWCLK_EXT,J3-4;R_J3_4-1,True
SWDIO,D_J3_3-3;R_J3_3-2;U7-24,True
SWDIO_EXT,J3-3;R_J3_3-1,True
TIA0,CF0-1;RF0-1;R_ADC0-1;R_TIA_ISO0-2,True
TIA1,CF1-1;RF1-1;R_ADC1-1;R_TIA_ISO1-2,True
TIA2,CF2-1;RF2-1;R_ADC2-1;R_TIA_ISO2-2,True
TIA3,CF3-1;RF3-1;R_ADC3-1;R_TIA_ISO3-2,True
TIA_DRV0,C_TIA_HF0-1;D_TIA0-3;R_TIA_ISO0-1;U2-1,True
TIA_DRV1,C_TIA_HF1-1;D_TIA1-3;R_TIA_ISO1-1;U2-7,True
TIA_DRV2,C_TIA_HF2-1;D_TIA2-3;R_TIA_ISO2-1;U2-8,True
TIA_DRV3,C_TIA_HF3-1;D_TIA3-3;R_TIA_ISO3-1;U2-14,True
U10_EN,U10-1;U10_EN_G-1;U10_EN_R-2,True
U10_OV,U10-2;U10_OV_B1-1;U10_OV_T-2,True
U10_OV_M,U10_OV_B1-2;U10_OV_B2-1,True
U10_PGTH,U10-4;U10_PG_B-1;U10_PG_T-2,True
U11_CT,U11-5;U11_CT_C-1,True
U11_DIV1,U11_TOP0-2;U11_TOP1-1,True
U11_DIV2,U11_TOP1-2;U11_TOP2-1,True
U11_DIV3,U11_TOP2-2;U11_TOP3-1,True
U11_DIV4,U11_TOP3-2;U11_TOP4-1,True
U11_SENSE,U11-1;U11_BOT-1;U11_SENSE_C-1;U11_TOP4-2,True
U12_CT,U12-5;U12_CT_C-1,True
U12_DIV1,U12_TOP0-2;U12_TOP1-1,True
U12_DIV2,U12_TOP1-2;U12_TOP2-1,True
U12_DIV3,U12_TOP2-2;U12_TOP3-1,True
U12_SENSE,U12-1;U12_BOT-1;U12_SENSE_C-1;U12_TOP3-2,True
U9_EN,U9-1;U9_EN_G-1;U9_EN_R-2,True
U9_OV,U9-2;U9_OV_B1-1;U9_OV_T-2,True
U9_OV_M,U9_OV_B1-2;U9_OV_B2-1,True
U9_PGTH,U9-4;U9_PG_B-1;U9_PG_T-2,True
UART_RX,D_J4_4-3;R_J4_4-2;U7-21,True
UART_RX_EXT,J4-4;R_J4_4-1,True
UART_TX,D_J4_3-3;R_J4_3-2;U7-19,True
UART_TX_EXT,J4-3;R_J4_3-1,True
V3V3,C_ADCD-1;C_DVDD34A-1;C_DVDD34B-1;C_MCU1-1;C_MCU_BULK-1;C_RST-1;C_U13-1;C_U14-1;C_U15-1;D_J3_1-2;D_J3_1-3;D_J3_3-2;D_J3_4-2;D_J3_5-2;D_J4_1-2;D_J4_1-3;D_J4_3-2;D_J4_4-2;R_CS_PU-1;R_J3_1-2;R_J4_1-2;R_RST-1;U10-6;U10_BLEED-1;U10_OUT_CAP-1;U10_PG_T-1;U11-3;U11-4;U11_VDD_C-1;U12-3;U12-4;U12_TOP0-1;U12_VDD_C-1;U13-14;U14-14;U15-5;U5-34;U7-4,True
V3V3_EXT,J3-1;J4-1;R_J3_1-1;R_J4_1-1,True
V3_LDO,C_LDO_OUT-1;U10-5;U10_EN_R-1;U10_IN_CAP-1;U10_OV_T-1;U8-5,True
V5,C_ADCA1-1;C_ADCA2-1;C_AVDD30A-1;C_AVDD30B-1;C_AVDD30_HF-1;C_AVDD9A-1;C_AVDD9B-1;C_AVDD9_HF-1;C_BUF-1;C_LDO_IN-1;C_MUX-1;C_PWR-1;C_REF-1;C_ROW_OP-1;C_TIA_OP-1;D_ROW0-2;D_ROW1-2;D_ROW2-2;D_ROW3-2;D_TIA0-2;D_TIA1-2;D_TIA2-2;D_TIA3-2;D_VCM-2;D_VEX-2;U1-4;U11_TOP0-1;U2-4;U3-8;U4-16;U5-30;U5-9;U6-1;U8-1;U8-3;U9-6;U9_BLEED-1;U9_OUT_CAP-1;U9_PG_T-1,True
V5_IN,J1-1;U9-5;U9_EN_R-1;U9_IN_CAP-1;U9_OV_T-1,True
VCM,RD_TOP-1;R_VCM_FB-1;R_VCM_ISO-2;U2-10;U2-12;U2-3;U2-5;U4-14;U4-17;U4-4;U4-7,True
VCM_DRV,C_VCM_HF-1;D_VCM-3;R_VCM_ISO-1;U3-1,True
VCM_FB,C_VCM_HF-2;R_VCM_FB-2;U3-2,True
VEXC,R_VEX_FB-1;R_VEX_ISO-2;U4-12;U4-19;U4-2;U4-9,True
VEXC_DRV,C_VEX_HF-1;D_VEX-3;R_VEX_ISO-1;U3-7,True
VEXC_FB,C_VEX_HF-2;R_VEX_FB-2;U3-6,True
