id,netName,centerX,centerY,holeDiameter,viaDiameter
5ea6c2ae8848d6c1,COL1,1361.9,1673.2,12,24
b1c7c5e166e1f0b3,COL1,1114.8,1681.1,12,24
f399f384e5734cfb,COL2,1361.9,2500,12,24
1ab6770c32e5b41c,COL2,1225.75,2500,12,24
d9a6400d81d554b0,TIA0,1720.8,2519.7,12,24
de93a81efd69a4ef,TIA0,842.8,1673.2,12,24
5993462f9f831e69,TIA1,1623.9,2359.6,12,24
e39ff55a3fa94e88,TIA1,1261.7,1715.2,12,24
57a7803fcb4d1eab,TIA2,1623.9,1813.7,12,24
7ea430d1e98307dc,TIA2,1261.7,2542,12,24
6b1ffbfe469fea3f,TIA3,1720.8,1653.5,12,24
64af9731a4af1973,TIA3,793.7,2500,12,24
c969284ef18da3ff,DIV_SEG1,2313.1,863.5,12,24
781676380b12092a,DIV_SEG1,2253.8,868.8,12,24
fb0c6772944df7c1,DIV_SEG2,2443.1,826.8,12,24
8b2d044ce64a47cd,DIV_SEG2,2253.8,1026.3,12,24
6a1c16ba4033f47b,DIV_SEG3,2354,984.3,12,24
ca56f81f85cedb29,DIV_SEG3,2185,835,12,24
300ad0624eb64177,DIV_SEG5,2423.9,935.2,12,24
689f3b31f626d5cd,DIV_SEG5,2253.8,790,12,24
9f3897186dbf842a,DIV_SEG6,2313.1,706,12,24
d24ea2815b62c16d,DIV_SEG6,2253.8,1105,12,24
9b6a5021315a9092,DIV_SEG7,2313.1,1105,12,24
f7fb1347794a1ffa,DIV_SEG7,2125,738.1,12,24
a44bbd80afe58340,VCM,1917.6,433.1,12,24
4bd9c579893c214c,VCM,2423.9,738.1,12,24
5a2b8678dff4adae,VCM,1693.9,1431.7,12,24
e8bde19d9679a062,VCM,1152.4,2048.6,12,24
c67c1c747637c16d,VCM,1770.7,1324.2,12,24
734568e188abb70b,VCM,1940.6,511.8,12,24
b14c5e910da8da42,VEXC,1821.9,1431.7,12,24
ab7fb3e1a826231d,VEXC,1642.7,1550.3,12,24
35627c9e382a9c02,ROW_CMD0,1668.3,1324.2,12,24
5238a7dd71a0a63d,ROW_CMD0,1013,788.8,12,24
b3d154e6ccb0fa66,ROW_CMD1,1796.3,1205.6,12,24
05bbbb5e46c4fbaa,ROW_CMD1,1113,658.6,12,24
30457f60c4ea16b8,ROW_CMD2,1796.3,1550.3,12,24
d1aa45e1b4781a4d,ROW_CMD2,1113,995,12,24
f387ebdd61cbd954,ROW_CMD3,1668.3,1401,12,24
cfd67f6e65e05fae,ROW_CMD3,1013,995,12,24
d8730e34ee0bf33f,ROW0,944.6,519.7,12,24
2f39c17ecec0b839,ROW1,1160.1,490,12,24
9d22664efe6a26c5,ROW2,1047.6,1133.9,12,24
8b9649ecda83b45c,ROW3,1007.9,1063.3,12,24
38f98657d8ba88f1,ROW3,944.6,1133.9,12,24
b6a0f01380749196,COL0,983.9,1673.2,12,24
9e9a578a8003ee0a,COL2,1127.8,2435.7,12,24
75ea9d60286ddd14,COL3,943,2542,12,24
e432f6172ad3f142,ADC_RESET_N,2846.5,1365.55,12,24
89b1f7d04b6fc26f,ADC_RESET_N,2567.2,1968.5,12,24
ebbddd6b6ef2ceb4,ADC_CS_N,3453.55,2039.4,12,24
23c7ba45952ea6ac,ADC_CS_N,2983.9,2007.9,12,24
2e0f283bdf479aa9,ADC_CS_N,2255.3,1972.4,12,24
07c56900aae0ece2,MCU_ENABLE,3453.55,2196.9,12,24
8bc8e09a88707b8d,MCU_ENABLE,2921.6,1417.3,12,24
64abffecf4a58920,HW_ENABLE,2769.7,1365.55,12,24
85d8a835a56d8e09,HW_ENABLE,2921.6,1338.6,12,24
0032922e2a83ac75,HW_ENABLE,2401.6,1365.55,12,24
a7d2b12e638f3d4a,PG_OK_FAST,2869.45,2714.6,12,24
94a109e432dc2c08,PG_OK_FAST,2795.3,1177.1,12,24
6d5deb67a5fe1906,PGOOD,3371.85,3090.6,12,24
e73d092bd53be009,PGOOD,3139.9,2797.9,12,24
5fdabcaefd407f62,PGOOD,2938.4,3121.1,12,24
f3cb40a21dbc94a3,PGOOD,3275.6,1977.75,12,24
fbb7c725711fcb7a,PGOOD,2971.85,2677.2,12,24
2b0cd8040b38d721,PGOOD,3269.8,708.7,12,24
61983eefead42d2e,ROW_SEL1,1879.55,1264.9,12,24
0ca7b3ab1136fefa,ROW_SEL1,2452.8,1397.1,12,24
6688c1ce9abc435c,ROW_SEL2,2511.15,1527.6,12,24
3dc7ad90202ecce0,ROW_SEL2,1879.55,1491,12,24
2521cfe19030c43c,SPI_SCLK,3453.55,2070.9,12,24
2a23663ed4344f66,SPI_SCLK,2204.7,2023,12,24
8b15d83ece9894c9,SPI_MOSI,3453.55,2133.9,12,24
5da8b671233cb537,SPI_MOSI,2255.4,2200.7,12,24
834362b7ced9699d,SWDIO,3084.3,2253.6,12,24
7507b28a3cd98398,SWDIO,3358,610.2,12,24
96d5052fc1dcec56,SWCLK,3061.3,2230.7,12,24
f6f2d692589cbdaf,SWCLK,3427.2,846.5,12,24
8428c62ef7fc7a68,UART_TX,3275.6,2311.75,12,24
3446734d7e57723b,UART_TX,3427.2,2736.2,12,24
81d18e9610902dc8,UART_RX,3212.6,2311.75,12,24
ea0234315f5a3c97,UART_RX,3377.6,2972.4,12,24
4331ac27bc4354e0,MCU_NRST_EXT,3533.3,568.2,12,24
89f87de1aebb4991,SWDIO_EXT,3216.8,610.2,12,24
ba8b45625a3c4813,V3V3_EXT_UART,3349.1,2844.4,12,24
76e8b32aee5a4c42,UART_TX_EXT,3543.3,2803.5,12,24
7902cfcd67d49e3e,UART_RX_EXT,3217.4,2972.4,12,24
1d433e4c72bfc60b,U9_EN,856.4,3048.6,12,24
f6489823e0ef3d2e,U9_EN,753.9367,3224.4,12,24
8f46bbacadf32acb,U9_OV,618.4,2893.7,12,24
a2530d7fb3c812a0,U9_OV,731.1,3197.8,12,24
4e8609f4123b1d76,U10_EN,2354,3070.9,12,24
fc400d24a1947620,U10_EN,2210.6296,3224.4,12,24
b3aa3845243cd6e4,U10_EN,2212.9,2913.4,12,24
26cf5d2d46ee8b41,U10_OV,2354,2834.6,12,24
29c0a9c6a43b06a1,U10_OV,2103.7,2962.5,12,24
eef3517c12ea0d0d,U10_OV_M,2463.3,2962.5,12,24
5ac8fa637312d22e,U10_OV_M,2103.7,3021.8,12,24
be6319de4220f1eb,U11_SENSE,3102.1,3287.4,12,24
a429b649e2a5fb99,U11_SENSE,2883.7,3231,12,24
3fb7276aa34985dc,U11_DIV1,2724.7,3090.6,12,24
ee5e0741a80d60c8,U11_DIV1,3071.8,3218.6,12,24
77fae0419ed251fb,U11_DIV3,3001.8,3000.6,12,24
6362a3718a08941e,U11_DIV3,2824.9,3329.4,12,24
dad9436b8209196f,U11_DIV4,3001.8,3377.4,12,24
5fdb10a831294cee,U11_DIV4,3102.1,3090.6,12,24
8b43ab2ae8561537,U12_SENSE,3495.8,3287.4,12,24
c2191d616ae02860,U12_SENSE,3277.4,3231,12,24
6d482bbc38d53b1d,U12_DIV1,3159.3,2960.6,12,24
bb6cd09a006655e2,U12_DIV1,3465.5,3218.6,12,24
215dcdb8ee465e32,MCU_ROW1,3372.4,1919.6,12,24
c02817002f63ad89,MCU_ROW1,2427.2,1437.1,12,24
acbd2d10f2e06e03,MCU_ROW1,2699.8,1678.35,12,24
31e73f07edbd13a6,MCU_ROW2,3453.55,1976.4,12,24
9e74163b30d10215,MCU_ROW2,2427.2,1469.15,12,24
1597c750c4c09373,MCU_ROW2,2740.375,1722.775,12,24
5830a705df865c7f,MCU_ROW3,3525.4,2007.9,12,24
5ca0f4d148c94bf6,MCU_ROW3,2350.4,1586.05,12,24
28674373f80a73f2,MCU_ROW3,2937.9,1196.975,12,24
9673056ee46c3d87,SPI_MISO,3453.55,2102.4,12,24
11b403b70c397fce,SPI_MISO,2185,1921.8,12,24
9ef0083ea5c7c0a8,SPI_MISO,2185,2102.4,12,24
7aa4c352070ecdf4,DIV_SEG8,2220,958.6,12,24
4d438f3863b3299c,DIV_SEG8,2095,797.4,12,24
cbbaacebbbf8b2c6,ROW_SEL0,1617.1,1354.9,12,24
0943b83391613201,ROW_SEL0,1642.6,1694.8,12,24
5cff7c99c84e005e,ROW_SEL0,2316,1217.1,12,24
ad4b837b9bd4bcc3,MCU_ADC_RESET,3453.55,2165.4,12,24
ed3fff10c3bc3839,MCU_ADC_RESET,2820.9,1248.65,12,24
8de50f047ad13390,MCU_ADC_RESET,3453.55,1248.65,12,24
25008fabc43e95d2,U9_OV_M,638.1,3366.1,12,24
94d03e4e294b01c6,U9_OV_M,759.5,2893.7,12,24
8ad04df0ab5f93d1,GND,1997.45,2401.6,12,24
6605a2f2b58d954f,GND,1859.65,2401.6,12,24
d0686433d099a854,GND,1859.65,1771.7,12,24
d746ac75e8931b31,GND,1839.2,1972.5,12,24
854c17e3dea6a25e,GND,2469.85,1653.5,12,24
feea9fa71cc503b6,GND,2401.6,2784.85,12,24
0046bf56b99ba5b4,GND,2429.1,1945.5,12,24
2aa6e34834d070ed,GND,2106.3,2410.05,12,24
eeef43c6793614ee,GND,2266.3,2322.8,12,24
2db8edb107d246ac,GND,2128.5,1653.5,12,24
6e66c8698035eea6,GND,2187.6,1515.7,12,24
17406633e842e0ba,GND,2086.6,2620.7,12,24
e9d59bfbe28055de,GND,1839.1,2200.8,12,24
1704fe1d35b96221,GND,1883.85,1027.6,12,24
5008a776da35d562,GND,2232.3,1184.4,12,24
99325738c29eeb48,GND,2286,1850.4,12,24
b5633f4c5a08367a,GND,1633.9,3197.45,12,24
49f7f36ba4dff40c,GND,1770.3,3189,12,24
98629252a28234f0,GND,3244.1,1861.45,12,24
e1ff2abe65c1f4a2,GND,3454.15,1830.7,12,24
067fd3f6f481e733,GND,1759.8,1138.4,12,24
f66d2024a0580ace,GND,520.25,3189,12,24
e900b68033b88764,GND,2391.15,629.9,12,24
6b7efaaf72bd89bc,GND,2266.3,2519.7,12,24
5628e5d7c7fe3cc8,GND,2440.9,2522.2,12,24
20aed5aea5df27dd,GND,2440.9,2286,12,24
f72e0416ca3a2ea8,GND,3296.65,2755.9,12,24
209ec2d6559ac908,GND,2745.45,1594.5,12,24
bea5956a76abf294,GND,2925.2,2751.4,12,24
18a40f50b8d6174c,GND,3468.6,706.75,12,24
7d0f106ca46b18f3,GND,3468.6,498.05,12,24
c6fe96342dad0d20,GND,3423.2,809.1,12,24
3f58b51e3853b299,GND,3311.1,706.75,12,24
383b7c53b00f4a83,GND,3468.6,2872.05,12,24
4a2e1090e792d5cc,GND,3468.6,2663.35,12,24
e2eb5a367bf6cc81,GND,3488.2,3009.85,12,24
adad3288deb4fa24,GND,1397.7,557.05,12,24
170851c435028242,GND,1397.7,950.75,12,24
31832afee11fa9ee,GND,815,950.75,12,24
59ca0a481d08c87d,GND,854.4,1887.85,12,24
e7ee8a0da022a23c,GND,1437.1,1816.95,12,24
44a002255c13437a,GND,1437.1,2281.55,12,24
4392eb40e99004c5,GND,854.4,2210.65,12,24
1b15e0f614dab17c,GND,1815,608.25,12,24
b3dc4d66b6ba4385,GND,2708.4,1968.5,12,24
33a9c54f3878bdbf,GND,3062.7,1338.6,12,24
b2eebd52546ae1fe,GND,1948.8,1448.5,12,24
8ff78da029e5226c,GND,1899.7,1532.8,12,24
7f28456ecf6ea101,GND,1513.1,1525.7,12,24
e5b59334ed42b0e4,GND,1063,869.9,12,24
13037ec90015efc6,GND,2355.9,3180.1,12,24
40bc495dfb2d79bc,GND,2354,2913.4,12,24
a9de25c9887b8492,GND,2228.1,3366.1,12,24
0d5b214fab7c3ddb,GND,2557.85,3307.1,12,24
b1931bec5c10e102,GND,2175.3,2851.7,12,24
5df86a1b20b5ca78,GND,2943,3279,12,24
19e3e49c38ae66b8,GND,2940.9,3303.8,12,24
5c4e2f5be928684c,GND,3336.7,3279,12,24
a11cfd293fbe1ed3,GND,3375.35,3346.5,12,24
933fbc7bd03b4de1,GND,2904.85,1307.1,12,24
fb1900a292b3032b,GND,2511.15,1307.1,12,24
db544a5e09cb9c7c,GND,1102.4,2129.7,12,24
0aa8895c202fd3c6,GND,2158.4,680.9,12,24
2d5efc71daf40984,GND,2274.2,475,12,24
321997537f704b50,GND,899.2,3180.1,12,24
1f16ff9fc62deb83,GND,971.15,2992.1,12,24
301deee1a37106c3,GND,779.2,3366.1,12,24
59898575ebc45b59,GND,992.75,3307.1,12,24
196be990acf7a13a,GND,118.1102,118.1102,12,24
3723f14cf5fa2479,GND,1968.5039,118.1102,12,24
36692891b5eb911c,GND,3818.8976,118.1102,12,24
805991bc49c42f43,GND,118.1102,787.4016,12,24
ed771da8ec617b5b,GND,3818.8976,1574.8031,12,24
1ac48c5221c02f63,GND,118.1102,2637.7953,12,24
77453fcdfe40c873,GND,3818.8976,3425.1969,12,24
40e9b7f9a2ecb22a,GND,1968.5039,3425.1969,12,24
b76d4378efc56582,GND,118.1102,3425.1969,12,24
216de2db7e90ae53,V5,2333.25,1653.5,12,24
4af6ca3138ae87d1,V5,2033.25,1653.5,12,24
9364c2d27db7751a,V5,2401.6,2648.25,12,24
5318b50a2f723d6b,V5,2009,1653.5,12,24
61dfa6132c06f723,V5,2068.1,1515.7,12,24
7c2ac2a814e28948,V5,2075.35,1870.1,12,24
d6ecb6f05a58e669,V5,2026.6,2558.4,12,24
ea86c8721e4f0dc1,V5,2261.2,2716.5,12,24
f99ad53bcc9eacab,V5,1957.25,2303.1,12,24
5c0355f0d07ee84c,V5,1909.4,896.25,12,24
f3999b9834b9ef6f,V5,1633.9,3072.05,12,24
a934658367b8179d,V5,1663.95,1181.1,12,24
429edcc28c97c1a4,V5,394.85,3189,12,24
2550816c01e17c36,V5,2254.55,629.9,12,24
fd87937e7f701b96,V5,1035.4,660.8,12,24
9d42eb99161b4513,V5,1074.8,1920.7,12,24
88f03a8ce75db7a5,V5,815,702.75,12,24
3a7f64221a43dd4b,V5,1397.7,631.85,12,24
3f93f1930125f567,V5,1397.7,1096.45,12,24
da51176607529452,V5,815,1025.55,12,24
a56a2eab5b48267d,V5,854.4,1962.65,12,24
69b4c4c5ea0d8a78,V5,1437.1,1891.75,12,24
cb81d3646ef14533,V5,1437.1,2356.35,12,24
bea44b5e27b8d58f,V5,854.4,2285.45,12,24
29ee4b2b5b9b77b4,V5,1815,683.05,12,24
89d0ed9366abbe24,V5,1738.15,1027.6,12,24
076603c8c7fa96b2,V5,2066.9,2150.2,12,24
e38c69a5f4bf29d7,V5,2066.9,1921.8,12,24
bcebff7b2d757985,V5,2371.5,437.6,12,24
ecb50eba6f939461,V5,1815,3263.2,12,24
c5f0365727974296,V5,1815,3114.8,12,24
b7078f8de427118d,V5,837.2,3249,12,24
46aeabcfdd361586,V5,607.6,2962.5,12,24
1c32476744a43b97,V5,867.35,3307.1,12,24
5575461113428373,V3V3,2374,1945.5,12,24
4b0b4bc44aac5d83,V3V3,2223.7,1790.4,12,24
1cb0239349614962,V3V3,2460.6,1847.9,12,24
26e184ac7e183158,V3V3,3160.05,1822.8,12,24
d9d6381bb71f0d80,V3V3,3317.55,1830.7,12,24
0d20cfe765abaa17,V3V3,3200.8,2713.2,12,24
91d19ac3f25daf5b,V3V3,2490.75,1594.5,12,24
f8b389c7f0a5682c,V3V3,2805.75,2795.3,12,24
11f39b26971dab4e,V3V3,3381.8,744.15,12,24
a718705e43d4ecf6,V3V3,3468.6,572.85,12,24
42a3fda69a64fbc9,V3V3,3468.6,919.35,12,24
6b3ec6cc041dbae8,V3V3,3265.1,2903.7,12,24
52860031567fb356,V3V3,3514,2773.6,12,24
87d02727de4db6ac,V3V3,3488.2,3084.65,12,24
1a6870975dafcaa4,V3V3,2883.7,1917.9,12,24
f6c2f7d985996ca8,V3V3,3039.7,2755.9,12,24
f3e17d08b8494578,V3V3,2293.9,3249,12,24
d9e2f306123ba103,V3V3,2378.2,3248.1,12,24
7f7f68557d1c104b,V3V3,2888.3,3020.7,12,24
8f1eafdd1977d905,V3V3,2978.15,3051.2,12,24
ef7524cf31cf3c7d,V3V3,2885.8,3303.8,12,24
527d282d76f95633,V3V3,3332.1,3020.7,12,24
2a11df32e494bf3c,V3V3,3447.5,3159.3,12,24
cbde844199ba3d8c,V3V3,3238.75,3346.5,12,24
48e796b1a5e4f311,V3V3,2324.8,1469.15,12,24
f9038527c9d51a9c,V3V3,2822.8,2603,12,24
2f25d162bad8a807,V5_IN,660.85,3307.1,12,24
725ada1f1d2e20a6,V5_IN,756.2,3090.6,12,24
3f3bf2a859ab443c,V5_IN,967.2,2824.7,12,24
4a26f4a6d542ab89,V3_LDO,2212.9,3070.9,12,24
1ebe1ccfd02c4800,V3_LDO,2274.2,3116.75,12,24
745e78855f7a6082,V3_LDO,2048.45,3307.1,12,24
1cfaec0f4ec80e7d,V3_LDO,2253.8,2876.6,12,24
82cda5f24c610d4b,ROW_SEL0,2376,1190,12,24
63b4284a2f5577d7,ROW_SEL3,2400,1453,12,24
05133badd325a8bb,U12_CT,3370,3055,12,24
d26516d36dc11cb4,V5_IN,815,3280,12,24
72b05d14ba8971a4,MCU_ROW0,3307.1,1977.75,12,24
1dde7328e505f783,MCU_ROW0,2410.4,1087.1,12,24
6cabe8485505b7bc,MCU_ROW0,3307.1,1087.1,12,24
24cedef4557fd89a,ROW_SEL3,1555.1,1336.4,12,24
1984e29379aae3af,ROW_SEL3,1877.55,1394.7,12,24
33135d18d1eb8450,U12_CT,3118.3,2897.1,12,24
952fb190d96e47e8,U12_CT,3444.15,2976.05,12,24
214fcb49d6d90511,GND,2833.3,3035.9,12,24
2320eb704a2142fa,GND,3027.8,2975,12,24
f85beddc7661dc65,GND,3257,3015.9,12,24
aefc5a4a1090195b,GND,1154.9,1913,12,24
227c2c3b99bcd0bd,V5,1719.5,1401,12,24
be3df8e7f5113933,V5,3071.8,3159.3,12,24
db17edd7c9cb2e8f,V3V3,2290.2,3027.1,12,24
0fb40a40b904181f,V3V3,2151,3145.6,12,24
e74d754bc8381e6e,V5,2443.4,3437.05,12,24
