ref,PASS,movedOrRotated
J1,True,False
CF0,True,False
CF1,True,False
CF2,True,False
CF3,True,False
C_ADC0,True,False
C_ADC1,True,False
C_ADC2,True,False
C_ADC3,True,False
C_ADCA1,True,False
C_ADCA2,True,False
C_ADCD,True,False
C_ADC_REFCAP,True,False
C_ADC_REFIO,True,False
C_AVDD30A,True,False
C_AVDD30B,True,False
C_AVDD30_HF,True,False
C_AVDD9A,True,False
C_AVDD9B,True,False
C_AVDD9_HF,True,False
C_BUF,True,False
C_DIV,True,False
C_DVDD34A,True,False
C_DVDD34B,True,False
C_LDO_IN,True,False
C_LDO_OUT,True,False
C_MCU1,True,False
C_MCU_BULK,True,False
C_MUX,True,False
C_PWR,True,False
C_REF,True,False
C_REFCAP_BULKA,True,False
C_REFCAP_BULKB,True,False
C_REFIO_B,True,False
C_ROW_HF0,True,False
C_ROW_HF1,True,True
C_ROW_HF2,True,True
C_ROW_HF3,True,False
C_ROW_OP,True,False
C_RST,True,False
C_TIA_HF0,True,False
C_TIA_HF1,True,True
C_TIA_HF2,True,True
C_TIA_HF3,True,False
C_TIA_OP,True,False
C_U13,True,True
C_U14,True,True
C_U15,True,False
C_VCM_HF,True,False
C_VEX_HF,True,False
D_J3_1,True,False
D_J3_3,True,False
D_J3_4,True,False
D_J3_5,True,False
D_J4_1,True,False
D_J4_3,True,False
D_J4_4,True,False
D_ROW0,True,False
D_ROW1,True,False
D_ROW2,True,False
D_ROW3,True,False
D_TIA0,True,False
D_TIA1,True,False
D_TIA2,True,False
D_TIA3,True,False
D_VCM,True,False
D_VEX,True,False
J2,True,False
J3,True,False
J4,True,False
RD_B1,True,False
RD_B2,True,False
RD_B3,True,False
RD_B4,True,False
RD_B5,True,False
RD_B6,True,False
RD_B7,True,False
RD_B8,True,False
RD_B9,True,False
RD_TOP,True,False
RF0,True,False
RF1,True,False
RF2,True,False
RF3,True,False
R_ADC0,True,False
R_ADC1,True,False
R_ADC2,True,False
R_ADC3,True,False
R_ADC_RESET_PD,True,False
R_COL_SENSE0,True,False
R_COL_SENSE1,True,False
R_COL_SENSE2,True,False
R_COL_SENSE3,True,False
R_CS_PU,True,False
R_ENABLE_PD,True,False
R_HW_PD,True,False
R_ISO0,True,False
R_ISO1,True,False
R_ISO2,True,False
R_ISO3,True,False
R_J3_1,True,False
R_J3_3,True,False
R_J3_4,True,False
R_J3_5,True,False
R_J4_1,True,False
R_J4_3,True,False
R_J4_4,True,False
R_ROW_FB0,True,False
R_ROW_FB1,True,False
R_ROW_FB2,True,False
R_ROW_FB3,True,False
R_RST,True,False
R_SEL_PD0,True,False
R_SEL_PD1,True,True
R_SEL_PD2,True,False
R_SEL_PD3,True,False
R_TIA_ISO0,True,False
R_TIA_ISO1,True,False
R_TIA_ISO2,True,False
R_TIA_ISO3,True,False
R_VCM_FB,True,False
R_VCM_ISO,True,False
R_VEX_FB,True,False
R_VEX_ISO,True,False
U1,True,False
U10,True,False
U10_BLEED,True,False
U10_EN_G,True,False
U10_EN_R,True,False
U10_IN_CAP,True,False
U10_OUT_CAP,True,False
U10_OV_B1,True,False
U10_OV_B2,True,False
U10_OV_T,True,False
U10_PG_B,True,False
U10_PG_T,True,False
U11,True,False
U11_BOT,True,False
U11_CT_C,True,True
U11_SENSE_C,True,False
U11_TOP0,True,False
U11_TOP1,True,False
U11_TOP2,True,False
U11_TOP3,True,False
U11_TOP4,True,False
U11_VDD_C,True,False
U12,True,False
U12_BOT,True,False
U12_CT_C,True,True
U12_SENSE_C,True,False
U12_TOP0,True,False
U12_TOP1,True,False
U12_TOP2,True,False
U12_TOP3,True,False
U12_VDD_C,True,False
U13,True,False
U14,True,False
U15,True,False
U2,True,False
U3,True,False
U4,True,False
U5,True,False
U6,True,False
U7,True,False
U8,True,False
U9,True,False
U9_BLEED,True,False
U9_EN_G,True,False
U9_EN_R,True,False
U9_IN_CAP,True,False
U9_OUT_CAP,True,False
U9_OV_B1,True,False
U9_OV_B2,True,True
U9_OV_T,True,False
U9_PG_B,True,False
U9_PG_T,True,False
