NRST_V,RexternalPU_Ohm,RinternalPU_Ohm,Rseries_Ohm,VDD_V,assumed_clamp_V,fault_V,guaranteed_sink_test_A,kind,leak_A,margin_V,required_sink_A,resistor_current_A,resistor_power_W,state,status,threshold_V
0.7111966479466479,9900,25000,990,3.065,,,,external_OD_assert_25C,-1.7570000000000003e-05,0.20830335205335204,,,,,PASS_SCOPED_25C,0.9195
0.7417236749736749,9900,25000,990,3.065,,,,external_OD_assert_25C,1.7570000000000003e-05,0.17777632502632512,,,,,PASS_SCOPED_25C,0.9195
0.6264597272727273,9900,inf,990,3.065,,,,external_OD_assert_25C,-1.7570000000000003e-05,0.29304027272727273,,,,,PASS_SCOPED_25C,0.9195
0.6580857272727272,9900,inf,990,3.065,,,,external_OD_assert_25C,1.7570000000000003e-05,0.2614142727272728,,,,,PASS_SCOPED_25C,0.9195
0.7070994999112267,10100,25000,990,3.065,,,,external_OD_assert_25C,-1.7570000000000003e-05,0.21240050008877331,,,,,PASS_SCOPED_25C,0.9195
0.7376796638108398,10100,25000,990,3.065,,,,external_OD_assert_25C,1.7570000000000003e-05,0.18182033618916016,,,,,PASS_SCOPED_25C,0.9195
0.6220619990982867,10100,inf,990,3.065,,,,external_OD_assert_25C,-1.7570000000000003e-05,0.29743800090171324,,,,,PASS_SCOPED_25C,0.9195
0.6537450342651036,10100,inf,990,3.065,,,,external_OD_assert_25C,1.7570000000000003e-05,0.26575496573489643,,,,,PASS_SCOPED_25C,0.9195
0.7166997027398859,9900,25000,1010,3.065,,,,external_OD_assert_25C,-1.7570000000000003e-05,0.20280029726011406,,,,,PASS_SCOPED_25C,0.9195
0.7477665553193822,9900,25000,1010,3.065,,,,external_OD_assert_25C,1.7570000000000003e-05,0.1717334446806178,,,,,PASS_SCOPED_25C,0.9195
0.6306111429880844,9900,inf,1010,3.065,,,,external_OD_assert_25C,-1.7570000000000003e-05,0.2888888570119156,,,,,PASS_SCOPED_25C,0.9195
0.6628169046746104,9900,inf,1010,3.065,,,,external_OD_assert_25C,1.7570000000000003e-05,0.2566830953253896,,,,,PASS_SCOPED_25C,0.9195
0.712539722904244,10100,25000,1010,3.065,,,,external_OD_assert_25C,-1.7570000000000003e-05,0.20696027709575593,,,,,PASS_SCOPED_25C,0.9195
0.743661609961417,10100,25000,1010,3.065,,,,external_OD_assert_25C,1.7570000000000003e-05,0.17583839003858304,,,,,PASS_SCOPED_25C,0.9195
0.6261402727272727,10100,inf,1010,3.065,,,,external_OD_assert_25C,-1.7570000000000003e-05,0.2933597272727273,,,,,PASS_SCOPED_25C,0.9195
0.6584051818181818,10100,inf,1010,3.065,,,,external_OD_assert_25C,1.7570000000000003e-05,0.26109481818181823,,,,,PASS_SCOPED_25C,0.9195
0.7767336784836786,9900,25000,990,3.6,,,,external_OD_assert_25C,-1.7570000000000003e-05,0.3032663215163215,,,,,PASS_SCOPED_25C,1.08
0.8072607055107055,9900,25000,990,3.6,,,,external_OD_assert_25C,1.7570000000000003e-05,0.27273929448929457,,,,,PASS_SCOPED_25C,1.08
0.6750960909090911,9900,inf,990,3.6,,,,external_OD_assert_25C,-1.7570000000000003e-05,0.404903909090909,,,,,PASS_SCOPED_25C,1.08
0.706722090909091,9900,inf,990,3.6,,,,external_OD_assert_25C,1.7570000000000003e-05,0.3732779090909091,,,,,PASS_SCOPED_25C,1.08
0.7718193596844549,10100,25000,990,3.6,,,,external_OD_assert_25C,-1.7570000000000003e-05,0.30818064031554515,,,,,PASS_SCOPED_25C,1.08
0.8023995235840681,10100,25000,990,3.6,,,,external_OD_assert_25C,1.7570000000000003e-05,0.277600476415932,,,,,PASS_SCOPED_25C,1.08
0.6698212416591524,10100,inf,990,3.6,,,,external_OD_assert_25C,-1.7570000000000003e-05,0.4101787583408477,,,,,PASS_SCOPED_25C,1.08
0.7015042768259693,10100,inf,990,3.6,,,,external_OD_assert_25C,1.7570000000000003e-05,0.3784957231740308,,,,,PASS_SCOPED_25C,1.08
0.7833956592242589,9900,25000,1010,3.6,,,,external_OD_assert_25C,-1.7570000000000003e-05,0.29660434077574116,,,,,PASS_SCOPED_25C,1.08
0.8144625118037552,9900,25000,1010,3.6,,,,external_OD_assert_25C,1.7570000000000003e-05,0.2655374881962449,,,,,PASS_SCOPED_25C,1.08
0.6801390989917507,9900,inf,1010,3.6,,,,external_OD_assert_25C,-1.7570000000000003e-05,0.39986090100824934,,,,,PASS_SCOPED_25C,1.08
0.7123448606782767,9900,inf,1010,3.6,,,,external_OD_assert_25C,1.7570000000000003e-05,0.36765513932172333,,,,,PASS_SCOPED_25C,1.08
0.7784060855840056,10100,25000,1010,3.6,,,,external_OD_assert_25C,-1.7570000000000003e-05,0.3015939144159945,,,,,PASS_SCOPED_25C,1.08
0.8095279726411784,10100,25000,1010,3.6,,,,external_OD_assert_25C,1.7570000000000003e-05,0.2704720273588217,,,,,PASS_SCOPED_25C,1.08
0.6747766363636364,10100,inf,1010,3.6,,,,external_OD_assert_25C,-1.7570000000000003e-05,0.4052233636363637,,,,,PASS_SCOPED_25C,1.08
0.7070415454545453,10100,inf,1010,3.6,,,,external_OD_assert_25C,1.7570000000000003e-05,0.37295845454545473,,,,,PASS_SCOPED_25C,1.08
2.9403989971346705,9900,25000,,3.065,,,,HiZ_release_25C,-1.7570000000000003e-05,0.7948989971346707,,,,,PASS_SCOPED_25C,2.1454999999999997
3.1896010028653294,9900,25000,,3.065,,,,HiZ_release_25C,1.7570000000000003e-05,1.0441010028653297,,,,,PASS_SCOPED_25C,2.1454999999999997
2.891057,9900,inf,,3.065,,,,HiZ_release_25C,-1.7570000000000003e-05,0.7455570000000002,,,,,PASS_SCOPED_25C,2.1454999999999997
3.238943,9900,inf,,3.065,,,,HiZ_release_25C,1.7570000000000003e-05,1.0934430000000002,,,,,PASS_SCOPED_25C,2.1454999999999997
2.938606125356125,10100,25000,,3.065,,,,HiZ_release_25C,-1.7570000000000003e-05,0.7931061253561253,,,,,PASS_SCOPED_25C,2.1454999999999997
3.191393874643875,10100,25000,,3.065,,,,HiZ_release_25C,1.7570000000000003e-05,1.045893874643875,,,,,PASS_SCOPED_25C,2.1454999999999997
2.887543,10100,inf,,3.065,,,,HiZ_release_25C,-1.7570000000000003e-05,0.7420430000000002,,,,,PASS_SCOPED_25C,2.1454999999999997
3.242457,10100,inf,,3.065,,,,HiZ_release_25C,1.7570000000000003e-05,1.0969570000000002,,,,,PASS_SCOPED_25C,2.1454999999999997
3.4753989971346706,9900,25000,,3.6,,,,HiZ_release_25C,-1.7570000000000003e-05,0.9553989971346706,,,,,PASS_SCOPED_25C,2.52
3.7246010028653296,9900,25000,,3.6,,,,HiZ_release_25C,1.7570000000000003e-05,1.2046010028653296,,,,,PASS_SCOPED_25C,2.52
3.426057,9900,inf,,3.6,,,,HiZ_release_25C,-1.7570000000000003e-05,0.9060570000000001,,,,,PASS_SCOPED_25C,2.52
3.773943,9900,inf,,3.6,,,,HiZ_release_25C,1.7570000000000003e-05,1.253943,,,,,PASS_SCOPED_25C,2.52
3.4736061253561252,10100,25000,,3.6,,,,HiZ_release_25C,-1.7570000000000003e-05,0.9536061253561252,,,,,PASS_SCOPED_25C,2.52
3.726393874643875,10100,25000,,3.6,,,,HiZ_release_25C,1.7570000000000003e-05,1.206393874643875,,,,,PASS_SCOPED_25C,2.52
3.422543,10100,inf,,3.6,,,,HiZ_release_25C,-1.7570000000000003e-05,0.9025430000000001,,,,,PASS_SCOPED_25C,2.52
3.777457,10100,inf,,3.6,,,,HiZ_release_25C,1.7570000000000003e-05,1.257457,,,,,PASS_SCOPED_25C,2.52
,,,990,0,-0.4,-5,,fault_current_illustrative_clamp,,,,-0.004646464646464646,0.02137373737373737,,CURRENT_BOUND_ONLY_FAULT_PROTECTION_HOLD,
,,,1010,0,-0.4,-5,,fault_current_illustrative_clamp,,,,-0.004554455445544554,0.02095049504950495,,CURRENT_BOUND_ONLY_FAULT_PROTECTION_HOLD,
,,,990,0,0.4,5,,fault_current_illustrative_clamp,,,,0.004646464646464646,0.02137373737373737,,CURRENT_BOUND_ONLY_FAULT_PROTECTION_HOLD,
,,,1010,0,0.4,5,,fault_current_illustrative_clamp,,,,0.004554455445544554,0.02095049504950495,,CURRENT_BOUND_ONLY_FAULT_PROTECTION_HOLD,
,,,990,3.6,-0.4,-5,,fault_current_illustrative_clamp,,,,-0.004646464646464646,0.02137373737373737,,CURRENT_BOUND_ONLY_FAULT_PROTECTION_HOLD,
,,,1010,3.6,-0.4,-5,,fault_current_illustrative_clamp,,,,-0.004554455445544554,0.02095049504950495,,CURRENT_BOUND_ONLY_FAULT_PROTECTION_HOLD,
,,,990,3.6,4.0,5,,fault_current_illustrative_clamp,,,,0.00101010101010101,0.00101010101010101,,CURRENT_BOUND_ONLY_FAULT_PROTECTION_HOLD,
,,,1010,3.6,4.0,5,,fault_current_illustrative_clamp,,,,0.0009900990099009901,0.0009900990099009901,,CURRENT_BOUND_ONLY_FAULT_PROTECTION_HOLD,
0.25,,,,,,,0.002,parallel_TPS_OD,,,0.0004899538383838384,,,U11_assert_U12_HiZ,PASS_SCOPED,0.9195
0.25,,,,,,,0.002,parallel_TPS_OD,,,0.0004899538383838384,,,U12_assert_U11_HiZ,PASS_SCOPED,0.9195
0.25,,,,,,,0.002,parallel_TPS_OD,,,0.0004899538383838384,,,both_assert,PASS_SCOPED,0.9195
3.6,,,,,,,0.002,parallel_TPS_OD,,,0.0004899538383838384,,,both_HiZ,PASS_SCOPED,0.9195
