lane,fromRef,fromPad,toRef,toPad,net,B22Mm,B3AMm,B31Mm,deltaVsB22Mm,deltaVsB3AMm
TIA_CH0,U2,1,R_TIA_ISO0,1,TIA_DRV0,5.151308516559143,1.5928447022013126,3.009632857607441,-2.1416756589517023,1.4167881554061283
TIA_CH0,R_TIA_ISO0,2,R_ADC0,1,TIA0,38.22004505196133,13.527573463673518,8.423529541715709,-29.79651551024562,-5.104043921957809
TIA_CH0,R_ADC0,2,C_ADC0,1,ADC_IN0,2.8052218989137385,2.718883433267845,1.9747362931879016,-0.830485605725837,-0.7441471400799435
TIA_CH0,C_ADC0,1,U5,16,ADC_IN0,4.9688818333265266,2.371346671187022,2.7041117105570627,-2.264770122769464,0.33276503937004076
ROW_CH0,U1,1,R_ISO0,1,ROW_DRV0,5.150495567447492,1.3265590979412767,3.011154716266978,-2.139340851180514,1.6845956183257014
ROW_CH0,R_ISO0,2,J2,1,ROW0,16.498866045851187,25.94776755136596,23.807720992812246,7.308854946961059,-2.1400465585537134
TIA_CH1,U2,7,R_TIA_ISO1,1,TIA_DRV1,4.88350056932381,2.4434162389684695,3.0105199835142877,-1.8729805858095223,0.5671037445458182
TIA_CH1,R_TIA_ISO1,2,R_ADC1,1,TIA1,33.20524750071079,10.64853317186542,5.522043637414664,-27.683203863296125,-5.126489534450756
TIA_CH1,R_ADC1,2,C_ADC1,1,ADC_IN1,2.805443533386973,2.717426881086914,2.768365736503673,-0.03707779688330026,0.05093885541675869
TIA_CH1,C_ADC1,1,U5,18,ADC_IN1,4.4557652301303605,1.3206096209685454,1.3823546669414655,-3.073410563188895,0.061745045972920076
ROW_CH1,U1,7,R_ISO1,1,ROW_DRV1,4.88349803031215,2.442193451289616,3.009997538345343,-1.8735004919668068,0.5678040870557268
ROW_CH1,R_ISO1,2,J2,2,ROW1,22.503724827383092,22.033407940607212,22.0969277091464,-0.4067971182366925,0.06351976853918728
TIA_CH2,U2,8,R_TIA_ISO2,1,TIA_DRV2,4.88350056932381,2.6627536477841156,3.010667260408346,-1.8728333089154638,0.3479136126242306
TIA_CH2,R_TIA_ISO2,2,R_ADC2,1,TIA2,46.7271014936899,20.605035775566037,20.768881305479702,-25.9582201882102,0.1638455299136652
TIA_CH2,R_ADC2,2,C_ADC2,1,ADC_IN2,2.805443533386973,1.230059181043954,2.9562752749618775,0.1508317415749043,1.7262160939179234
TIA_CH2,C_ADC2,1,U5,21,ADC_IN2,4.1805623322591225,1.4167686043595473,1.415904734027953,-2.7646575982311696,-0.0008638703315944074
ROW_CH2,U1,8,R_ISO2,1,ROW_DRV2,4.883500569323814,2.6628501767873565,3.0097034299323067,-1.873797139391507,0.3468532531449502
ROW_CH2,R_ISO2,2,J2,3,ROW2,15.648244478179768,14.044648877440485,8.195446860078254,-7.452797618101513,-5.849202017362231
TIA_CH3,U2,14,R_TIA_ISO3,1,TIA_DRV3,5.151308516559143,1.3004662238280702,3.0094853669267345,-2.1418231496324087,1.7090191430986643
TIA_CH3,R_TIA_ISO3,2,R_ADC3,1,TIA3,53.85452117508077,17.78463111448128,19.765579530319435,-34.088941644761334,1.9809484158381565
TIA_CH3,R_ADC3,2,C_ADC3,1,ADC_IN3,2.8034925014379497,1.6449882703538887,1.9789539376451302,-0.8245385637928195,0.33396566729124144
TIA_CH3,C_ADC3,1,U5,23,ADC_IN3,5.064983136071476,1.9019891667778848,2.7033087966401745,-2.361674339431301,0.8013196298622898
ROW_CH3,U1,14,R_ISO3,1,ROW_DRV3,5.150497974838902,1.3006949431332218,3.0114490072717723,-2.1390489675671294,1.7107540641385506
ROW_CH3,R_ISO3,2,J2,4,ROW3,6.930977300613154,23.398990970757957,14.318853867839131,7.387876567225977,-9.080137102918826
SPI,U5,1,U7,14,SPI_MOSI,31.08134390223177,15.795616690703081,11.043373317950351,-20.037970584281418,-4.75224337275273
SPI,U5,36,U7,13,SPI_MISO,28.121628316731595,16.44894551610116,11.532102852110897,-16.5895254646207,-4.916842663990261
SPI,U5,37,U7,12,SPI_SCLK,26.97711466446329,16.099341034309262,11.252296180735465,-15.724818483727825,-4.847044853573797
SPI,U5,38,U7,11,ADC_CS_N,25.84735863711416,15.798444075133581,11.046267369348046,-14.801091267766113,-4.752176705785535
POWER,J1,1,U9,5,V5_IN,10.82979748555996,17.29620646241666,13.374885530371607,2.5450880448116475,-3.9213209320450524
POWER,U9,6,U8,1,V5,17.864307661323764,17.659624533343923,14.664842930583424,-3.19946473074034,-2.994781602760499
POWER,U8,5,U10,5,V3_LDO,18.83859813075356,17.688962352208332,14.694161682036976,-4.144436448716585,-2.9948006701713563
