ref,pad,owner,ownerPin,net,kind,beforeMm,afterMm,deltaMm
C_ROW_OP,2,U1,2,GND,ground_sameIC,2.731330263008302,2.9423630393996256,0.21103277639132356
C_ROW_OP,1,U1,5,V5,primary,1.5532672040653561,1.491890665305269,-0.061376538760087085
C_MUX,2,U4,15,GND,ground_sameIC,1.7479429805577191,3.1292110414353633,1.3812680608776442
C_MUX,1,U4,14,V5,primary,1.6452826411680774,1.6736626062432645,0.02837996507518703
R_SEL_PD0,2,U4,3,GND,ground_sameIC,1.6511311170131233,2.5707607232368006,0.9196296062236773
R_SEL_PD0,1,U4,1,ROW_A0,primary,1.6382826098964136,1.0822096426372294,-0.5560729672591842
R_SEL_PD1,2,U4,15,GND,ground_sameIC,2.211755268351585,2.1033202649813014,-0.10843500337028367
R_SEL_PD1,1,U4,16,ROW_A1,primary,1.3327198312837547,2.531675310678089,1.1989554793943342
R_ENABLE_PD,2,U4,3,GND,ground_sameIC,2.77955175488009,2.5303966320656133,-0.24915512281447683
R_ENABLE_PD,1,U4,2,ROW_MUX_EN,primary,1.949655363176015,2.9225536884719516,0.9728983252959367
C_REF,2,U6,3,GND,ground_sameIC,3.7404270954265355,3.7404270954265355,0.0
C_REF,1,U6,1,V5,primary,1.2894057777600523,1.2894057777600523,0.0
C_VCM_OUT,2,U6,3,GND,ground_sameIC,4.865193021844147,4.865193021844147,0.0
C_VCM_OUT,1,U6,2,VCM,primary,1.192349420849865,1.192349420849865,0.0
RD_TOP,1,U6,2,VCM,primary,1.4905381258461692,14.181488712564732,12.690950586718563
RD_TOP,2,U1,3,VEXC,primary,1.387446718622737,1.444029268061075,0.05658254943833785
RD_B1,2,U1,2,GND,ground_sameIC,3.235229557909145,2.8928511213377366,-0.34237843657140843
RD_B1,1,U1,3,VEXC,primary,1.6436371746297924,1.3368467765488306,-0.30679039808096187
C_DIV,2,U1,2,GND,ground_sameIC,2.7585711891530003,3.6173925450701345,0.8588213559171343
C_DIV,1,U1,3,VEXC,primary,1.162953574623255,2.455584707808914,1.292631133185659
C_TIA_OP,2,U2,11,GND,ground_sameIC,7.21942748232933,7.21942748232933,0.0
C_TIA_OP,1,U2,4,V5,primary,1.8916112636088835,1.8916112636088835,0.0
RF0,1,U2,1,TIA0,primary,1.735048070957114,1.735048070957114,0.0
RF0,2,U2,2,COL0,primary,1.7350480709571139,1.7350480709571139,0.0
CF0,1,U2,1,TIA0,primary,2.831752653854498,2.831752653854498,0.0
CF0,2,U2,2,COL0,primary,2.831752653854498,2.831752653854498,0.0
R_ADC0,1,U2,1,TIA0,primary,5.37921976655537,5.37921976655537,0.0
R_ADC0,2,U5,16,ADC_IN0,primary,2.0159326311645436,2.0159326311645436,0.0
C_ADC0,2,U5,17,GND,ground_sameIC,2.8434940602255536,2.8434940602255536,0.0
C_ADC0,1,U5,16,ADC_IN0,primary,1.3989154620612378,1.3989154620612378,0.0
RF1,1,U2,7,TIA1,primary,1.735048070957114,1.735048070957114,0.0
RF1,2,U2,6,COL1,primary,1.7350480709571139,1.7350480709571139,0.0
CF1,1,U2,7,TIA1,primary,2.831752653854498,2.831752653854498,0.0
CF1,2,U2,6,COL1,primary,2.831752653854498,2.831752653854498,0.0
R_ADC1,1,U2,7,TIA1,primary,4.907225408367949,4.907225408367949,0.0
R_ADC1,2,U5,18,ADC_IN1,primary,5.955849365684295,5.955849365684295,0.0
C_ADC1,2,U5,17,GND,ground_sameIC,2.9718124891281414,2.9718124891281414,0.0
C_ADC1,1,U5,18,ADC_IN1,primary,1.4852035097756835,1.4852035097756835,0.0
RF2,1,U2,8,TIA2,primary,1.735048070957114,1.735048070957114,0.0
RF2,2,U2,9,COL2,primary,1.7350480709571139,1.7350480709571139,0.0
CF2,1,U2,8,TIA2,primary,2.831752653854498,2.831752653854498,0.0
CF2,2,U2,9,COL2,primary,2.831752653854498,2.831752653854498,0.0
R_ADC2,1,U2,8,TIA2,primary,4.023411886512736,4.023411886512736,0.0
R_ADC2,2,U5,21,ADC_IN2,primary,4.871064574919326,4.871064574919326,0.0
C_ADC2,2,U5,20,GND,ground_sameIC,1.400693088884928,1.400693088884928,0.0
C_ADC2,1,U5,21,ADC_IN2,primary,2.844028011423587,2.844028011423587,0.0
RF3,1,U2,14,TIA3,primary,1.735048070957114,1.735048070957114,0.0
RF3,2,U2,13,COL3,primary,1.7350480709571139,1.7350480709571139,0.0
CF3,1,U2,14,TIA3,primary,2.831752653854498,2.831752653854498,0.0
CF3,2,U2,13,COL3,primary,2.831752653854498,2.831752653854498,0.0
R_ADC3,1,U2,14,TIA3,primary,5.933358686014189,5.933358686014189,0.0
R_ADC3,2,U5,23,ADC_IN3,primary,2.0178760472382824,2.0178760472382824,0.0
C_ADC3,2,U5,22,GND,ground_sameIC,2.845110085758017,2.845110085758017,0.0
C_ADC3,1,U5,23,ADC_IN3,primary,1.4006946546831687,1.4006946546831687,0.0
C_ADC_REFIO,2,U5,6,GND,ground_sameIC,5.364486515637633,5.364486515637633,0.0
C_ADC_REFIO,1,U5,5,ADC_REFIO,primary,4.0029658327107915,4.0029658327107915,0.0
C_REFIO_B,2,U5,6,GND,ground_sameIC,5.7905427006948145,5.7905427006948145,0.0
C_REFIO_B,1,U5,5,ADC_REFIO,primary,4.5989672549782314,4.5989672549782314,0.0
C_REFCAP_BULKA,2,U5,8,GND,ground_sameIC,9.641812981585673,9.641812981585673,0.0
C_REFCAP_BULKA,1,U5,7,ADC_REFCAP,primary,6.990201388569144,6.990201388569144,0.0
C_REFCAP_BULKB,2,U5,8,GND,ground_sameIC,9.079871152348474,9.079871152348474,0.0
C_REFCAP_BULKB,1,U5,7,ADC_REFCAP,primary,7.304152577909227,7.304152577909227,0.0
C_ADC_REFCAP,2,U5,8,GND,ground_sameIC,5.509226742597004,5.509226742597004,0.0
C_ADC_REFCAP,1,U5,7,ADC_REFCAP,primary,2.527837196887888,2.527837196887888,0.0
C_AVDD9A,2,U5,10,GND,ground_sameIC,9.391386831572959,9.391386831572959,0.0
C_AVDD9A,1,U5,9,V5,primary,7.85363826142674,7.85363826142674,0.0
C_AVDD9B,2,U5,10,GND,ground_sameIC,9.939271078268163,9.939271078268163,0.0
C_AVDD9B,1,U5,9,V5,primary,9.002022742010041,9.002022742010041,0.0
C_AVDD9_HF,2,U5,10,GND,ground_sameIC,6.211767206987878,6.211767206987878,0.0
C_AVDD9_HF,1,U5,9,V5,primary,3.0063592686706624,3.0063592686706624,0.0
C_ADCA1,2,U5,10,GND,ground_sameIC,1.6112602452372504,1.6112602452372504,0.0
C_ADCA1,1,U5,9,V5,primary,1.7459726809850153,1.7459726809850153,0.0
C_AVDD30A,2,U5,29,GND,ground_sameIC,7.513667007474444,7.513667007474444,0.0
C_AVDD30A,1,U5,30,V5,primary,5.472098469285983,5.472098469285983,0.0
C_AVDD30B,2,U5,29,GND,ground_sameIC,9.800839040572495,9.800839040572495,0.0
C_AVDD30B,1,U5,30,V5,primary,8.339371418611957,8.339371418611957,0.0
C_AVDD30_HF,2,U5,29,GND,ground_sameIC,6.212951200085994,6.212951200085994,0.0
C_AVDD30_HF,1,U5,30,V5,primary,3.007629010810008,3.007629010810008,0.0
C_ADCA2,2,U5,29,GND,ground_sameIC,1.6126461652482849,1.6126461652482849,0.0
C_ADCA2,1,U5,30,V5,primary,1.7467282334473202,1.7467282334473202,0.0
C_DVDD34A,2,U5,33,GND,ground_sameIC,7.793344336880413,7.793344336880413,0.0
C_DVDD34A,1,U5,34,V3V3,primary,7.060089097175049,7.060089097175049,0.0
C_DVDD34B,2,U5,33,GND,ground_sameIC,9.309235895237912,9.309235895237912,0.0
C_DVDD34B,1,U5,34,V3V3,primary,6.849978909460232,6.849978909460232,0.0
C_ADCD,2,U5,33,GND,ground_sameIC,2.844544932225538,2.844544932225538,0.0
C_ADCD,1,U5,34,V3V3,primary,1.4001850239543348,1.4001850239543348,0.0
R_CS_PU,2,U5,38,ADC_CS_N,primary,1.346845025678157,1.346845025678157,0.0
R_ADC_RESET_PD,2,U5,3,GND,ground_sameIC,7.381286377728072,7.381286377728072,0.0
R_ADC_RESET_PD,1,U5,2,ADC_RESET_N,primary,6.623632946157723,6.623632946157723,0.0
C_MCU1,2,U7,5,GND,ground_sameIC,1.783355976688898,1.783355976688898,0.0
C_MCU1,1,U7,4,V3V3,primary,1.783355976688898,1.783355976688898,0.0
C_MCU_BULK,2,U7,5,GND,ground_sameIC,3.8091766201372206,3.8091766201372206,0.0
C_MCU_BULK,1,U7,4,V3V3,primary,2.233150456324879,2.233150456324879,0.0
R_RST,2,U7,6,PGOOD,primary,1.7040931328832953,1.7040931328832953,0.0
C_LDO_IN,2,U8,7,GND,ground_sameIC,3.2601980087718596,3.2601980087718596,0.0
C_LDO_IN,1,U8,6,V5,primary,1.5366719310744252,1.5366719310744252,0.0
C_LDO_OUT,2,U8,7,GND,ground_sameIC,3.3965145452949272,3.3965145452949272,0.0
C_LDO_OUT,1,U8,1,V3V3,primary,2.4167773935867576,2.4167773935867576,0.0
C_LDO_FF,2,U8,2,LDO_FB,primary,0.9919308320099753,0.9919308320099753,0.0
R_LDO_TOP,1,U8,1,V3V3,primary,2.3754769365952595,2.3754769365952595,0.0
R_LDO_TOP,2,U8,2,LDO_FB,primary,4.01559635754442,4.01559635754442,0.0
R_LDO_BOT,2,U8,3,GND,ground_sameIC,2.5441391836532854,2.5441391836532854,0.0
R_LDO_BOT,1,U8,2,LDO_FB,primary,2.4845064885026975,2.4845064885026975,0.0
R_LDO_EN_PU,2,U8,4,PWR5_OK,primary,2.9733516754329625,2.9733516754329625,0.0
D_LDO_REV,2,U8,1,V3V3,primary,3.5624656307299314,3.5624656307299314,0.0
D_LDO_REV,1,U8,6,V5,primary,3.1678600616397183,3.1678600616397183,0.0
U10_BLEED,2,U8,7,GND,ground_sameIC,6.927907761290128,6.927907761290128,0.0
U10_BLEED,1,U8,1,V3V3,primary,3.4250973589070437,3.4250973589070437,0.0
C_PWR,2,U9,9,GND,ground_sameIC,2.854688307206235,2.854688307206235,0.0
C_PWR,1,U9,6,V5,primary,2.3122985798732825,2.3122985798732825,0.0
U9_IN_CAP,2,U9,9,GND,ground_sameIC,4.147199697542909,4.147199697542909,0.0
U9_IN_CAP,1,U9,5,V5_IN,primary,2.3412822467400214,2.3412822467400214,0.0
U9_OUT_CAP,2,U9,9,GND,ground_sameIC,5.382793822105765,5.382793822105765,0.0
U9_OUT_CAP,1,U9,6,V5,primary,2.4188701334474327,2.4188701334474327,0.0
U9_EN_R,2,U9,1,U9_EN,primary,2.9048000055198293,2.9048000055198293,0.0
U9_EN_G,2,U9,9,GND,ground_sameIC,4.00974745369381,4.00974745369381,0.0
U9_EN_G,1,U9,1,U9_EN,primary,1.3493995873202278,1.3493995873202278,0.0
U9_OV_T,2,U9,2,U9_OV,primary,3.6091141007028313,3.6091141007028313,0.0
U9_OV_B1,2,U9,9,GND,ground_sameIC,5.011635126623245,5.011635126623245,0.0
U9_OV_B1,1,U9,2,U9_OV,primary,3.1317545935893514,3.1317545935893514,0.0
U9_BLEED,2,U9,9,GND,ground_sameIC,6.79962855703545,6.79962855703545,0.0
U9_BLEED,1,U9,6,V5,primary,3.5213702364397865,3.5213702364397865,0.0
U11_CT_C,2,U11,2,GND,ground_sameIC,1.5012327595313117,1.5012327595313117,0.0
U11_CT_C,1,U11,5,U11_CT,primary,1.5012327595313117,1.5012327595313117,0.0
U11_VDD_C,2,U11,2,GND,ground_sameIC,1.5014865295066762,1.5014865295066762,0.0
U11_VDD_C,1,U11,4,V5,primary,1.002039311684925,1.002039311684925,0.0
U11_SENSE_C,2,U11,2,GND,ground_sameIC,1.5330744728322883,1.5330744728322883,0.0
U11_SENSE_C,1,U11,1,U11_SENSE,primary,1.4330038559787612,1.4330038559787612,0.0
U11_TOP0,2,U11,1,U11_SENSE,primary,2.24809760917848,2.24809760917848,0.0
U11_BOT,2,U11,2,GND,ground_sameIC,3.5275567882910104,3.5275567882910104,0.0
U11_BOT,1,U11,1,U11_SENSE,primary,1.8888075233845292,1.8888075233845292,0.0
U12_CT_C,2,U12,2,GND,ground_sameIC,1.501232759531312,1.501232759531312,0.0
U12_CT_C,1,U12,5,U12_CT,primary,1.501232759531312,1.501232759531312,0.0
U12_VDD_C,2,U12,2,GND,ground_sameIC,1.5014865295066762,1.5014865295066762,0.0
U12_VDD_C,1,U12,4,V3V3,primary,1.0020393116849253,1.0020393116849253,0.0
U12_SENSE_C,2,U12,2,GND,ground_sameIC,1.5330744728322914,1.5330744728322914,0.0
U12_SENSE_C,1,U12,1,U12_SENSE,primary,1.4330038559787648,1.4330038559787648,0.0
U12_TOP0,2,U12,1,U12_SENSE,primary,2.327661000000214,2.327661000000214,0.0
U12_BOT,2,U12,2,GND,ground_sameIC,3.5275567882910117,3.5275567882910117,0.0
U12_BOT,1,U12,1,U12_SENSE,primary,1.8888075233845318,1.8888075233845318,0.0
R_J3_1,1,J3,1,V3V3_EXT_SWD,primary,2.650537250539217,2.650537250539217,0.0
R_J3_3,1,J3,3,SWDIO_EXT,primary,4.071051062870134,4.071051062870134,0.0
R_J3_3,2,U7,24,SWDIO,primary,3.047528838048955,3.047528838048955,0.0
R_J3_4,1,J3,4,SWCLK_EXT,primary,8.9808340212085,8.9808340212085,0.0
R_J3_4,2,U7,25,SWCLK,primary,1.8430116957078724,1.8430116957078724,0.0
R_J3_5,1,J3,5,MCU_NRST_EXT,primary,5.490564236624143,5.490564236624143,0.0
R_J3_5,2,U7,6,PGOOD,primary,10.55556104458403,10.55556104458403,0.0
R_J4_1,1,J4,1,V3V3_EXT_UART,primary,3.1904463193252455,3.1904463193252455,0.0
R_J4_3,1,J4,3,UART_TX_EXT,primary,10.002331222094977,10.002331222094977,0.0
R_J4_3,2,U7,19,UART_TX,primary,8.83997085778658,8.83997085778658,0.0
R_J4_4,1,J4,4,UART_RX_EXT,primary,10.439192257856739,10.439192257856739,0.0
R_J4_4,2,U7,21,UART_RX,primary,7.494894323572018,7.494894323572018,0.0
D_DBG0,3,U7,24,SWDIO,primary,1.05935962688991,1.05935962688991,0.0
D_DBG0,4,U7,5,GND,ground_sameIC,10.996541203752905,10.996541203752905,0.0
D_DBG0,1,U7,5,GND,ground_sameIC,10.019712235452282,10.019712235452282,0.0
D_DBG1,4,U7,5,GND,ground_sameIC,4.590725718165479,4.590725718165479,0.0
D_DBG1,6,U7,25,SWCLK,primary,6.651729126264561,6.651729126264561,0.0
D_DBG1,1,U7,5,GND,ground_sameIC,6.312050599146901,6.312050599146901,0.0
D_DBG2,3,U7,19,UART_TX,primary,2.9266738791466813,2.9266738791466813,0.0
D_DBG2,4,U7,5,GND,ground_sameIC,9.7841519724208,9.7841519724208,0.0
D_DBG2,1,U7,5,GND,ground_sameIC,10.0945265350184,10.0945265350184,0.0
D_DBG3,4,U7,5,GND,ground_sameIC,8.797502329970445,8.797502329970445,0.0
D_DBG3,6,U7,21,UART_RX,primary,6.865981854181348,6.865981854181348,0.0
D_DBG3,1,U7,5,GND,ground_sameIC,6.668281193926385,6.668281193926385,0.0
D_FFC_ROW,5,J2,4,ROW3,primary,3.6069369498238597,3.6069369498238597,0.0
D_FFC_ROW,4,J2,3,ROW2,primary,2.785723635947515,2.785723635947515,0.0
D_FFC_ROW,2,J2,2,ROW1,primary,2.7856324553653233,2.7856324553653233,0.0
D_FFC_ROW,1,J2,1,ROW0,primary,3.6069369498238597,3.6069369498238597,0.0
D_FFC_COL,5,J2,8,COL3,primary,3.6069369498238597,3.6069369498238597,0.0
D_FFC_COL,4,J2,7,COL2,primary,2.785723635947515,2.785723635947515,0.0
D_FFC_COL,2,J2,6,COL1,primary,2.7856324553653233,2.7856324553653233,0.0
D_FFC_COL,1,J2,5,COL0,primary,3.6069369498238597,3.6069369498238597,0.0
