group,icRef,icPad,passiveRef,passivePad,net,beforeMm,A_mm,B_mm
TIA,U2,2,C_TIA_HF0,2,COL_SENSE0,2.380826967757215,2.380826967757215,2.380826967757208
TIA,U2,1,C_TIA_HF0,1,TIA_DRV0,2.3808960670302297,2.3808960670302297,2.3808960670302226
TIA,U2,6,C_TIA_HF1,2,COL_SENSE1,2.3808960670302297,2.3808960670302297,2.3808960670302226
TIA,U2,7,C_TIA_HF1,1,TIA_DRV1,2.380826967757215,2.380826967757215,2.380826967757208
TIA,U2,9,C_TIA_HF2,2,COL_SENSE2,2.3834350907880832,2.3834350907880832,2.3834350907880832
TIA,U2,8,C_TIA_HF2,1,TIA_DRV2,2.383366065127218,2.383366065127218,2.383366065127218
TIA,U2,13,C_TIA_HF3,2,COL_SENSE3,2.383366065127218,2.383366065127218,2.383366065127218
TIA,U2,14,C_TIA_HF3,1,TIA_DRV3,2.383435090788083,2.383435090788083,2.383435090788083
TIA,U2,4,C_TIA_OP,1,V5,2.7698825194581795,2.7698825194581795,2.7698825194581724
TIA,U2,2,R_COL_SENSE0,2,COL_SENSE0,5.516319230247644,5.516319230247644,5.516319230247638
TIA,U2,6,R_COL_SENSE1,2,COL_SENSE1,4.571753048886171,4.571753048886171,4.571753048886164
TIA,U2,9,R_COL_SENSE2,2,COL_SENSE2,5.196152813803686,5.196152813803693,5.196152813803693
TIA,U2,13,R_COL_SENSE3,2,COL_SENSE3,6.044064897633057,6.04406489763305,6.04406489763305
TIA,U2,1,R_TIA_ISO0,1,TIA_DRV0,5.467534523018575,5.467534523018575,5.467534523018568
TIA,U2,7,R_TIA_ISO1,1,TIA_DRV1,5.186981631777768,5.186981631777768,5.186981631777761
TIA,U2,8,R_TIA_ISO2,1,TIA_DRV2,5.186981631777768,5.186981631777775,5.186981631777775
TIA,U2,14,R_TIA_ISO3,1,TIA_DRV3,5.467534523018575,5.467534523018581,5.467534523018581
ROW,U1,2,C_ROW_HF0,2,ROW_FB0,2.383435090788083,2.3834350907880792,2.3834350907880792
ROW,U1,1,C_ROW_HF0,1,ROW_DRV0,2.3834350907880832,2.3834350907880797,2.3834350907880797
ROW,U1,6,C_ROW_HF1,2,ROW_FB1,2.383435090788083,2.3834350907880792,2.3834350907880792
ROW,U1,7,C_ROW_HF1,1,ROW_DRV1,2.383435090788083,2.3834350907880792,2.3834350907880792
ROW,U1,9,C_ROW_HF2,2,ROW_FB2,2.380896067030226,2.3808960670302226,2.3808960670302226
ROW,U1,8,C_ROW_HF2,1,ROW_DRV2,2.380896067030226,2.3808960670302226,2.3808960670302226
ROW,U1,13,C_ROW_HF3,2,ROW_FB3,2.380896067030226,2.3808960670302226,2.3808960670302226
ROW,U1,14,C_ROW_HF3,1,ROW_DRV3,2.380896067030226,2.3808960670302226,2.3808960670302226
ROW,U1,4,C_ROW_OP,1,V5,2.772339896044493,2.7723398960444876,2.7723398960444876
ROW,U1,1,R_ISO0,1,ROW_DRV0,5.466724404394279,5.466724404394277,5.466724404394277
ROW,U1,7,R_ISO1,1,ROW_DRV1,5.18698163177777,5.186981631777768,5.186981631777768
ROW,U1,8,R_ISO2,1,ROW_DRV2,5.186981631777772,5.186981631777775,5.186981631777775
ROW,U1,14,R_ISO3,1,ROW_DRV3,5.466724404394281,5.466724404394284,5.466724404394284
ROW,U1,2,R_ROW_FB0,2,ROW_FB0,5.516319230247645,5.516319230247643,5.516319230247643
ROW,U1,6,R_ROW_FB1,2,ROW_FB1,4.574212792295523,4.574212792295517,4.574212792295517
ROW,U1,9,R_ROW_FB2,2,ROW_FB2,5.195963464690643,5.195963464690647,5.195963464690647
ROW,U1,13,R_ROW_FB3,2,ROW_FB3,6.042049258753189,6.042049258753196,6.042049258753196
REFERENCE,U3,8,C_BUF,1,V5,1.934648154574883,1.934648154574877,1.934648154574877
REFERENCE,U3,5,C_DIV,1,DIV_2V25,6.447290560723938,6.447290560723931,6.447290560723931
REFERENCE,U6,1,C_REF,1,V5,4.398433007378877,4.398433007378877,4.398433007378877
REFERENCE,U3,2,C_VCM_HF,2,VCM_FB,2.2945705450040106,2.294570545004014,2.294570545004014
REFERENCE,U3,1,C_VCM_HF,1,VCM_DRV,2.294498846022809,2.2944988460228126,2.2944988460228126
REFERENCE,U3,6,C_VEX_HF,2,VEXC_FB,2.297109493951037,2.297109493951026,2.297109493951026
REFERENCE,U3,7,C_VEX_HF,1,VEXC_DRV,2.2970378742197495,2.297037874219739,2.297037874219739
REFERENCE,U3,5,RD_B1,1,DIV_2V25,3.3556005273572223,3.3556005273572223,3.3556005273572223
REFERENCE,U3,5,RD_TOP,2,DIV_2V25,7.037053382943748,7.037053382943752,7.037053382943752
REFERENCE,U3,2,R_VCM_FB,2,VCM_FB,6.295112141336324,6.295112141336324,6.295112141336324
REFERENCE,U3,1,R_VCM_ISO,1,VCM_DRV,5.445682401499372,5.445682401499375,5.445682401499375
REFERENCE,U3,6,R_VEX_FB,2,VEXC_FB,6.295252032984859,6.295252032984852,6.295252032984852
REFERENCE,U3,7,R_VEX_ISO,1,VEXC_DRV,6.708132786819301,6.708132786819301,6.708132786819301
ADC,U5,16,C_ADC0,1,ADC_IN0,5.147928355406664,5.1479283554066635,5.1479283554066635
ADC,U5,18,C_ADC1,1,ADC_IN1,6.019931285488228,6.019931285488225,6.019931285488225
ADC,U5,21,C_ADC2,1,ADC_IN2,6.017779449930015,6.017779449930015,6.017779449930015
ADC,U5,23,C_ADC3,1,ADC_IN3,5.147584328983843,5.147584328983843,5.147584328983843
ADC,U5,30,C_ADCA1,1,V5,11.245277947618723,11.245277947618728,11.245277947618728
ADC,U5,9,C_ADCA2,1,V5,15.034640201308443,15.034640201308449,15.034640201308449
ADC,U5,34,C_ADCD,1,V3V3,5.812690524602189,5.812690524602188,5.812690524602188
ADC,U5,7,C_ADC_REFCAP,1,ADC_REFCAP,3.507740919623339,3.507740919623339,3.507740919623339
ADC,U5,5,C_ADC_REFIO,1,ADC_REFIO,3.4355375604990903,3.4355375604990934,3.4355375604990934
ADC,U5,30,C_AVDD30A,1,V5,8.10007951393071,8.10007951393071,8.10007951393071
ADC,U5,30,C_AVDD30B,1,V5,11.694636929892267,11.694636929892267,11.694636929892267
ADC,U5,30,C_AVDD30_HF,1,V5,3.047638028506669,3.047638028506669,3.047638028506669
ADC,U5,9,C_AVDD9A,1,V5,9.096812396988302,9.096812396988303,9.096812396988303
ADC,U5,9,C_AVDD9B,1,V5,13.553771776299023,13.553771776299024,13.553771776299024
ADC,U5,9,C_AVDD9_HF,1,V5,2.9549764401768077,2.954976440176804,2.954976440176804
ADC,U5,34,C_DVDD34A,1,V3V3,3.678004197931262,3.678004197931262,3.678004197931262
ADC,U5,34,C_DVDD34B,1,V3V3,9.234459854479852,9.234459854479855,9.234459854479855
ADC,U5,7,C_REFCAP_BULKA,1,ADC_REFCAP,8.472415486624808,8.472415486624811,8.472415486624811
ADC,U5,7,C_REFCAP_BULKB,1,ADC_REFCAP,10.751040210323838,10.75104021032384,10.75104021032384
ADC,U5,5,C_REFIO_B,1,ADC_REFIO,7.523139553404554,7.523139553404553,7.523139553404553
ADC,U5,16,R_ADC0,2,ADC_IN0,8.552780843164395,8.552780843164392,8.552780843164392
ADC,U5,18,R_ADC1,2,ADC_IN1,7.316032949105681,7.316032949105676,7.316032949105676
ADC,U5,21,R_ADC2,2,ADC_IN2,7.314262432972993,7.314262432972993,7.314262432972993
ADC,U5,23,R_ADC3,2,ADC_IN3,8.55437157247685,8.55437157247685,8.55437157247685
MCU,U7,4,C_MCU1,1,V3V3,2.4769206924728118,2.4769206924728118,2.4769206924728118
LDO,U8,1,C_LDO_IN,1,V5,4.644610690682263,4.644610690682263,4.644610690682263
LDO,U8,5,C_LDO_OUT,1,V3_LDO,4.644610690682269,4.644610690682269,4.644610690682269
