Designator,X_mm,Y_mm,Rotation,Layer,Function block,Constraint class,Body source,Notes
CF0,14.618580139999995,47.599648820000006,0,1,AFE,A,Existing actual native component-shape layer48; archive footprintUUID=e1806bcee69fe169,NATIVE_COMPONENT_SHAPE_NOT_INDEPENDENT_MANUFACTURER_MAX_COURTYARD; no native placement/routing performed
CF1,17.41857962,47.09964982,90,1,AFE,A,Existing actual native component-shape layer48; archive footprintUUID=e1806bcee69fe169,NATIVE_COMPONENT_SHAPE_NOT_INDEPENDENT_MANUFACTURER_MAX_COURTYARD; no native placement/routing performed
CF2,17.41857962,68.59965,0,1,AFE,A,Existing actual native component-shape layer48; archive footprintUUID=e1806bcee69fe169,NATIVE_COMPONENT_SHAPE_NOT_INDEPENDENT_MANUFACTURER_MAX_COURTYARD; no native placement/routing performed
CF3,14.618580139999995,69.099649,90,1,AFE,A,Existing actual native component-shape layer48; archive footprintUUID=e1806bcee69fe169,NATIVE_COMPONENT_SHAPE_NOT_INDEPENDENT_MANUFACTURER_MAX_COURTYARD; no native placement/routing performed
C_ADC0,38.34911008,26.156801060000006,90,1,ADC,A,Existing actual native component-shape layer48; archive footprintUUID=e1806bcee69fe169,NATIVE_COMPONENT_SHAPE_NOT_INDEPENDENT_MANUFACTURER_MAX_COURTYARD; no native placement/routing performed
C_ADC1,38.34911008,22.656800440000012,90,1,ADC,A,Existing actual native component-shape layer48; archive footprintUUID=e1806bcee69fe169,NATIVE_COMPONENT_SHAPE_NOT_INDEPENDENT_MANUFACTURER_MAX_COURTYARD; no native placement/routing performed
C_ADC2,54.3491111,22.656800440000005,90,1,ADC,A,Existing actual native component-shape layer48; archive footprintUUID=e1806bcee69fe169,NATIVE_COMPONENT_SHAPE_NOT_INDEPENDENT_MANUFACTURER_MAX_COURTYARD; no native placement/routing performed
C_ADC3,54.3491111,26.15680106,90,1,ADC,A,Existing actual native component-shape layer48; archive footprintUUID=e1806bcee69fe169,NATIVE_COMPONENT_SHAPE_NOT_INDEPENDENT_MANUFACTURER_MAX_COURTYARD; no native placement/routing performed
C_ADCA1,57.349110180000004,38.15679992,90,1,ADC,A,Existing actual native component-shape layer48; archive footprintUUID=e1806bcee69fe169,NATIVE_COMPONENT_SHAPE_NOT_INDEPENDENT_MANUFACTURER_MAX_COURTYARD; no native placement/routing performed
C_ADCA2,30.349110839999994,38.156799920000005,180,1,ADC,A,Existing actual native component-shape layer48; archive footprintUUID=e1806bcee69fe169,NATIVE_COMPONENT_SHAPE_NOT_INDEPENDENT_MANUFACTURER_MAX_COURTYARD; no native placement/routing performed
C_ADCD,48.8491094,38.15679992,90,1,ADC,A,Existing actual native component-shape layer48; archive footprintUUID=e1806bcee69fe169,NATIVE_COMPONENT_SHAPE_NOT_INDEPENDENT_MANUFACTURER_MAX_COURTYARD; no native placement/routing performed
C_ADC_REFCAP,38.34911008,30.656799680000006,180,1,ADC,A,Existing actual native component-shape layer48; archive footprintUUID=b5b342032f55f019,NATIVE_COMPONENT_SHAPE_NOT_INDEPENDENT_MANUFACTURER_MAX_COURTYARD; no native placement/routing performed
C_ADC_REFIO,40.34911115999999,34.65679930000001,90,1,ADC,A,Existing actual native component-shape layer48; archive footprintUUID=79b7f68a57a08713,NATIVE_COMPONENT_SHAPE_NOT_INDEPENDENT_MANUFACTURER_MAX_COURTYARD; no native placement/routing performed
C_AVDD30A,57.34911018,31.156801220000006,90,1,ADC,A,Existing actual native component-shape layer48; archive footprintUUID=79b7f68a57a08713,NATIVE_COMPONENT_SHAPE_NOT_INDEPENDENT_MANUFACTURER_MAX_COURTYARD; no native placement/routing performed
C_AVDD30B,60.8491108,32.65680076,90,1,ADC,A,Existing actual native component-shape layer48; archive footprintUUID=79b7f68a57a08713,NATIVE_COMPONENT_SHAPE_NOT_INDEPENDENT_MANUFACTURER_MAX_COURTYARD; no native placement/routing performed
C_AVDD30_HF,51.849111019999995,29.656799139999997,270,1,ADC,A,Existing actual native component-shape layer48; archive footprintUUID=b5b342032f55f019,NATIVE_COMPONENT_SHAPE_NOT_INDEPENDENT_MANUFACTURER_MAX_COURTYARD; no native placement/routing performed
C_AVDD9A,32.84911092,30.15680068000001,180,1,ADC,A,Existing actual native component-shape layer48; archive footprintUUID=79b7f68a57a08713,NATIVE_COMPONENT_SHAPE_NOT_INDEPENDENT_MANUFACTURER_MAX_COURTYARD; no native placement/routing performed
C_AVDD9B,30.349110839999994,34.65679930000001,90,1,ADC,A,Existing actual native component-shape layer48; archive footprintUUID=79b7f68a57a08713,NATIVE_COMPONENT_SHAPE_NOT_INDEPENDENT_MANUFACTURER_MAX_COURTYARD; no native placement/routing performed
C_AVDD9_HF,40.849110159999995,26.65680006000001,270,1,ADC,A,Existing actual native component-shape layer48; archive footprintUUID=b5b342032f55f019,NATIVE_COMPONENT_SHAPE_NOT_INDEPENDENT_MANUFACTURER_MAX_COURTYARD; no native placement/routing performed
C_BUF,36.119339520000004,68.93105926,90,1,BIAS,A,Existing actual native component-shape layer48; archive footprintUUID=e1806bcee69fe169,NATIVE_COMPONENT_SHAPE_NOT_INDEPENDENT_MANUFACTURER_MAX_COURTYARD; no native placement/routing performed
C_DIV,43.61933976000001,73.43106042,0,1,BIAS,A,Existing actual native component-shape layer48; archive footprintUUID=e1806bcee69fe169,NATIVE_COMPONENT_SHAPE_NOT_INDEPENDENT_MANUFACTURER_MAX_COURTYARD; no native placement/routing performed
C_DVDD34A,52.34911002,35.156800839999995,90,1,ADC,A,Existing actual native component-shape layer48; archive footprintUUID=79b7f68a57a08713,NATIVE_COMPONENT_SHAPE_NOT_INDEPENDENT_MANUFACTURER_MAX_COURTYARD; no native placement/routing performed
C_DVDD34B,52.349110020000005,39.65679946,180,1,ADC,A,Existing actual native component-shape layer48; archive footprintUUID=79b7f68a57a08713,NATIVE_COMPONENT_SHAPE_NOT_INDEPENDENT_MANUFACTURER_MAX_COURTYARD; no native placement/routing performed
C_LDO_IN,38.86254081999999,6.334930559999989,90,1,POWER,A,Existing actual native component-shape layer48; archive footprintUUID=b5b342032f55f019,NATIVE_COMPONENT_SHAPE_NOT_INDEPENDENT_MANUFACTURER_MAX_COURTYARD; no native placement/routing performed
C_LDO_OUT,45.86253951999999,6.334930559999989,90,1,POWER,A,Existing actual native component-shape layer48; archive footprintUUID=b5b342032f55f019,NATIVE_COMPONENT_SHAPE_NOT_INDEPENDENT_MANUFACTURER_MAX_COURTYARD; no native placement/routing performed
C_MCU1,60.08499110000001,4.450458839999996,0,1,DIGITAL,A,Existing actual native component-shape layer48; archive footprintUUID=e1806bcee69fe169,NATIVE_COMPONENT_SHAPE_NOT_INDEPENDENT_MANUFACTURER_MAX_COURTYARD; no native placement/routing performed
C_MCU_BULK,64,18,0,1,DIGITAL,C,Existing actual native component-shape layer48; archive footprintUUID=e1806bcee69fe169,NATIVE_COMPONENT_SHAPE_NOT_INDEPENDENT_MANUFACTURER_MAX_COURTYARD; no native placement/routing performed
C_MUX,34.2500062,44.44964096,0,1,BIAS,B,Existing actual native component-shape layer48; archive footprintUUID=e1806bcee69fe169,NATIVE_COMPONENT_SHAPE_NOT_INDEPENDENT_MANUFACTURER_MAX_COURTYARD; no native placement/routing performed
C_PWR,3,-1,0,1,POWER,C,Existing actual native component-shape layer48; archive footprintUUID=b5b342032f55f019,NATIVE_COMPONENT_SHAPE_NOT_INDEPENDENT_MANUFACTURER_MAX_COURTYARD; no native placement/routing performed
C_REF,46.61933884000001,60.43106102,0,1,BIAS,A,Existing actual native component-shape layer48; archive footprintUUID=e1806bcee69fe169,NATIVE_COMPONENT_SHAPE_NOT_INDEPENDENT_MANUFACTURER_MAX_COURTYARD; no native placement/routing performed
C_REFCAP_BULKA,35.349111,34.65679930000001,90,1,ADC,A,Existing actual native component-shape layer48; archive footprintUUID=79b7f68a57a08713,NATIVE_COMPONENT_SHAPE_NOT_INDEPENDENT_MANUFACTURER_MAX_COURTYARD; no native placement/routing performed
C_REFCAP_BULKB,35.34911100000001,39.15680046000001,180,1,ADC,A,Existing actual native component-shape layer48; archive footprintUUID=79b7f68a57a08713,NATIVE_COMPONENT_SHAPE_NOT_INDEPENDENT_MANUFACTURER_MAX_COURTYARD; no native placement/routing performed
C_REFIO_B,41.34910916000001,39.15680046,180,1,ADC,A,Existing actual native component-shape layer48; archive footprintUUID=79b7f68a57a08713,NATIVE_COMPONENT_SHAPE_NOT_INDEPENDENT_MANUFACTURER_MAX_COURTYARD; no native placement/routing performed
C_ROW_HF0,12.844339340000001,27.95786102,0,1,AFE,A,Existing actual native component-shape layer48; archive footprintUUID=e1806bcee69fe169,NATIVE_COMPONENT_SHAPE_NOT_INDEPENDENT_MANUFACTURER_MAX_COURTYARD; no native placement/routing performed
C_ROW_HF1,19.194339339999996,27.95786102,180,1,AFE,A,Existing actual native component-shape layer48; archive footprintUUID=e1806bcee69fe169,NATIVE_COMPONENT_SHAPE_NOT_INDEPENDENT_MANUFACTURER_MAX_COURTYARD; no native placement/routing performed
C_ROW_HF2,19.194339339999996,37.9578588,180,1,AFE,A,Existing actual native component-shape layer48; archive footprintUUID=e1806bcee69fe169,NATIVE_COMPONENT_SHAPE_NOT_INDEPENDENT_MANUFACTURER_MAX_COURTYARD; no native placement/routing performed
C_ROW_HF3,12.844339340000001,37.9578588,0,1,AFE,A,Existing actual native component-shape layer48; archive footprintUUID=e1806bcee69fe169,NATIVE_COMPONENT_SHAPE_NOT_INDEPENDENT_MANUFACTURER_MAX_COURTYARD; no native placement/routing performed
C_ROW_OP,16.01933934,27.657859079999998,0,1,AFE,A,Existing actual native component-shape layer48; archive footprintUUID=e1806bcee69fe169,NATIVE_COMPONENT_SHAPE_NOT_INDEPENDENT_MANUFACTURER_MAX_COURTYARD; no native placement/routing performed
C_RST,83,16,0,1,DIGITAL,C,Existing actual native component-shape layer48; archive footprintUUID=e1806bcee69fe169,NATIVE_COMPONENT_SHAPE_NOT_INDEPENDENT_MANUFACTURER_MAX_COURTYARD; no native placement/routing performed
C_TIA_HF0,12.84357988,53.099650520000004,0,1,AFE,A,Existing actual native component-shape layer48; archive footprintUUID=e1806bcee69fe169,NATIVE_COMPONENT_SHAPE_NOT_INDEPENDENT_MANUFACTURER_MAX_COURTYARD; no native placement/routing performed
C_TIA_HF1,19.193579879999998,53.099650520000004,180,1,AFE,A,Existing actual native component-shape layer48; archive footprintUUID=e1806bcee69fe169,NATIVE_COMPONENT_SHAPE_NOT_INDEPENDENT_MANUFACTURER_MAX_COURTYARD; no native placement/routing performed
C_TIA_HF2,19.193579879999998,63.099650839999995,180,1,AFE,A,Existing actual native component-shape layer48; archive footprintUUID=e1806bcee69fe169,NATIVE_COMPONENT_SHAPE_NOT_INDEPENDENT_MANUFACTURER_MAX_COURTYARD; no native placement/routing performed
C_TIA_HF3,12.84357988,63.099650839999995,0,1,AFE,A,Existing actual native component-shape layer48; archive footprintUUID=e1806bcee69fe169,NATIVE_COMPONENT_SHAPE_NOT_INDEPENDENT_MANUFACTURER_MAX_COURTYARD; no native placement/routing performed
C_TIA_OP,16.01857988,52.79965112,0,1,AFE,A,Existing actual native component-shape layer48; archive footprintUUID=e1806bcee69fe169,NATIVE_COMPONENT_SHAPE_NOT_INDEPENDENT_MANUFACTURER_MAX_COURTYARD; no native placement/routing performed
C_U13,69.10021116,12.149290280000002,0,1,DIGITAL,B,Existing actual native component-shape layer48; archive footprintUUID=e1806bcee69fe169,NATIVE_COMPONENT_SHAPE_NOT_INDEPENDENT_MANUFACTURER_MAX_COURTYARD; no native placement/routing performed
C_U14,83.49999462000001,12.149290280000002,0,1,DIGITAL,B,Existing actual native component-shape layer48; archive footprintUUID=e1806bcee69fe169,NATIVE_COMPONENT_SHAPE_NOT_INDEPENDENT_MANUFACTURER_MAX_COURTYARD; no native placement/routing performed
C_U15,78.85078877999999,20.450085079999994,0,1,DIGITAL,B,Existing actual native component-shape layer48; archive footprintUUID=e1806bcee69fe169,NATIVE_COMPONENT_SHAPE_NOT_INDEPENDENT_MANUFACTURER_MAX_COURTYARD; no native placement/routing performed
C_VCM_HF,38.34934014,59.43106048,0,1,BIAS,A,Existing actual native component-shape layer48; archive footprintUUID=e1806bcee69fe169,NATIVE_COMPONENT_SHAPE_NOT_INDEPENDENT_MANUFACTURER_MAX_COURTYARD; no native placement/routing performed
C_VEX_HF,39.619340140000006,69.4310608,0,1,BIAS,A,Existing actual native component-shape layer48; archive footprintUUID=e1806bcee69fe169,NATIVE_COMPONENT_SHAPE_NOT_INDEPENDENT_MANUFACTURER_MAX_COURTYARD; no native placement/routing performed
D_J3_1,78.7500102,25.270980440000002,90,1,EXTERNAL,C,Existing actual native component-shape layer48; archive footprintUUID=8ef6c020c23f0901,NATIVE_COMPONENT_SHAPE_NOT_INDEPENDENT_MANUFACTURER_MAX_COURTYARD; no native placement/routing performed
D_J3_3,78.7500102,30.35098044,90,1,EXTERNAL,C,Existing actual native component-shape layer48; archive footprintUUID=8ef6c020c23f0901,NATIVE_COMPONENT_SHAPE_NOT_INDEPENDENT_MANUFACTURER_MAX_COURTYARD; no native placement/routing performed
D_J3_4,78.7500102,32.89098044000001,90,1,EXTERNAL,C,Existing actual native component-shape layer48; archive footprintUUID=8ef6c020c23f0901,NATIVE_COMPONENT_SHAPE_NOT_INDEPENDENT_MANUFACTURER_MAX_COURTYARD; no native placement/routing performed
D_J3_5,78.7500102,35.43098044,90,1,EXTERNAL,C,Existing actual native component-shape layer48; archive footprintUUID=8ef6c020c23f0901,NATIVE_COMPONENT_SHAPE_NOT_INDEPENDENT_MANUFACTURER_MAX_COURTYARD; no native placement/routing performed
D_J4_1,78.7500102,57.26955042,90,1,EXTERNAL,C,Existing actual native component-shape layer48; archive footprintUUID=8ef6c020c23f0901,NATIVE_COMPONENT_SHAPE_NOT_INDEPENDENT_MANUFACTURER_MAX_COURTYARD; no native placement/routing performed
D_J4_3,78.7500102,62.34955042,90,1,EXTERNAL,C,Existing actual native component-shape layer48; archive footprintUUID=8ef6c020c23f0901,NATIVE_COMPONENT_SHAPE_NOT_INDEPENDENT_MANUFACTURER_MAX_COURTYARD; no native placement/routing performed
D_J4_4,78.7500102,64.88955042,90,1,EXTERNAL,C,Existing actual native component-shape layer48; archive footprintUUID=8ef6c020c23f0901,NATIVE_COMPONENT_SHAPE_NOT_INDEPENDENT_MANUFACTURER_MAX_COURTYARD; no native placement/routing performed
D_ROW0,8.619338899999999,27.95786102,0,1,AFE,A,Existing actual native component-shape layer48; archive footprintUUID=8ef6c020c23f0901,NATIVE_COMPONENT_SHAPE_NOT_INDEPENDENT_MANUFACTURER_MAX_COURTYARD; no native placement/routing performed
D_ROW1,23.419339779999994,27.95786102,0,1,AFE,A,Existing actual native component-shape layer48; archive footprintUUID=8ef6c020c23f0901,NATIVE_COMPONENT_SHAPE_NOT_INDEPENDENT_MANUFACTURER_MAX_COURTYARD; no native placement/routing performed
D_ROW2,23.419339779999994,37.9578588,0,1,AFE,A,Existing actual native component-shape layer48; archive footprintUUID=8ef6c020c23f0901,NATIVE_COMPONENT_SHAPE_NOT_INDEPENDENT_MANUFACTURER_MAX_COURTYARD; no native placement/routing performed
D_ROW3,8.619338899999999,37.9578588,0,1,AFE,A,Existing actual native component-shape layer48; archive footprintUUID=8ef6c020c23f0901,NATIVE_COMPONENT_SHAPE_NOT_INDEPENDENT_MANUFACTURER_MAX_COURTYARD; no native placement/routing performed
D_TIA0,8.618579439999998,53.099650520000004,0,1,AFE,A,Existing actual native component-shape layer48; archive footprintUUID=8ef6c020c23f0901,NATIVE_COMPONENT_SHAPE_NOT_INDEPENDENT_MANUFACTURER_MAX_COURTYARD; no native placement/routing performed
D_TIA1,23.418580320000004,53.099650520000004,0,1,AFE,A,Existing actual native component-shape layer48; archive footprintUUID=8ef6c020c23f0901,NATIVE_COMPONENT_SHAPE_NOT_INDEPENDENT_MANUFACTURER_MAX_COURTYARD; no native placement/routing performed
D_TIA2,23.418580320000004,63.099650839999995,0,1,AFE,A,Existing actual native component-shape layer48; archive footprintUUID=8ef6c020c23f0901,NATIVE_COMPONENT_SHAPE_NOT_INDEPENDENT_MANUFACTURER_MAX_COURTYARD; no native placement/routing performed
D_TIA3,8.618579439999998,63.099650839999995,0,1,AFE,A,Existing actual native component-shape layer48; archive footprintUUID=8ef6c020c23f0901,NATIVE_COMPONENT_SHAPE_NOT_INDEPENDENT_MANUFACTURER_MAX_COURTYARD; no native placement/routing performed
D_VCM,32.6193389,59.93105948,0,1,BIAS,A,Existing actual native component-shape layer48; archive footprintUUID=8ef6c020c23f0901,NATIVE_COMPONENT_SHAPE_NOT_INDEPENDENT_MANUFACTURER_MAX_COURTYARD; no native placement/routing performed
D_VEX,33.619339440000005,69.4310608,90,1,BIAS,A,Existing actual native component-shape layer48; archive footprintUUID=8ef6c020c23f0901,NATIVE_COMPONENT_SHAPE_NOT_INDEPENDENT_MANUFACTURER_MAX_COURTYARD; no native placement/routing performed
J1,3.2699999999999996,6.540000000000006,90,1,POWER,C,Existing actual native component-shape layer48; archive footprintUUID=389528125cb39182,NATIVE_COMPONENT_SHAPE_NOT_INDEPENDENT_MANUFACTURER_MAX_COURTYARD; no native placement/routing performed
J2,6.0,41.29953,90,1,AFE,A,"Molex2005291002PSD000revB sheets1/3,3/3; conservative width/depth/land-datum planning envelope",OFFICIAL_DIMENSION_CONSERVATIVE_2D_ENVELOPE_NOT_EXACT_BODY_TRACE; no native placement/routing performed
J3,86.2500102,31.62,90,1,EXTERNAL,C,Existing actual native component-shape layer48; archive footprintUUID=54b100f56e34bff6,NATIVE_COMPONENT_SHAPE_NOT_INDEPENDENT_MANUFACTURER_MAX_COURTYARD; no native placement/routing performed
J4,86.2500102,61.0799492,90,1,EXTERNAL,C,Existing actual native component-shape layer48; archive footprintUUID=805f84989d4eb67b,NATIVE_COMPONENT_SHAPE_NOT_INDEPENDENT_MANUFACTURER_MAX_COURTYARD; no native placement/routing performed
RD_B1,45.61934084,67.43105972000001,0,1,BIAS,A,Existing actual native component-shape layer48; archive footprintUUID=3e3bff9cd60aaa06,NATIVE_COMPONENT_SHAPE_NOT_INDEPENDENT_MANUFACTURER_MAX_COURTYARD; no native placement/routing performed
RD_B2,45.61934084,65.43106118,0,1,BIAS,A,Existing actual native component-shape layer48; archive footprintUUID=3e3bff9cd60aaa06,NATIVE_COMPONENT_SHAPE_NOT_INDEPENDENT_MANUFACTURER_MAX_COURTYARD; no native placement/routing performed
RD_B3,45.61934084,69.4310608,0,1,BIAS,A,Existing actual native component-shape layer48; archive footprintUUID=3e3bff9cd60aaa06,NATIVE_COMPONENT_SHAPE_NOT_INDEPENDENT_MANUFACTURER_MAX_COURTYARD; no native placement/routing performed
RD_B4,43.11934076000001,67.43105972000001,90,1,BIAS,A,Existing actual native component-shape layer48; archive footprintUUID=3e3bff9cd60aaa06,NATIVE_COMPONENT_SHAPE_NOT_INDEPENDENT_MANUFACTURER_MAX_COURTYARD; no native placement/routing performed
RD_B5,48.119340920000006,67.43105972000001,90,1,BIAS,A,Existing actual native component-shape layer48; archive footprintUUID=3e3bff9cd60aaa06,NATIVE_COMPONENT_SHAPE_NOT_INDEPENDENT_MANUFACTURER_MAX_COURTYARD; no native placement/routing performed
RD_B6,45.61934084,63.4310601,0,1,BIAS,A,Existing actual native component-shape layer48; archive footprintUUID=3e3bff9cd60aaa06,NATIVE_COMPONENT_SHAPE_NOT_INDEPENDENT_MANUFACTURER_MAX_COURTYARD; no native placement/routing performed
RD_B7,45.61934084,71.43105934,0,1,BIAS,A,Existing actual native component-shape layer48; archive footprintUUID=3e3bff9cd60aaa06,NATIVE_COMPONENT_SHAPE_NOT_INDEPENDENT_MANUFACTURER_MAX_COURTYARD; no native placement/routing performed
RD_B8,43.11934076000001,63.9310591,90,1,BIAS,A,Existing actual native component-shape layer48; archive footprintUUID=3e3bff9cd60aaa06,NATIVE_COMPONENT_SHAPE_NOT_INDEPENDENT_MANUFACTURER_MAX_COURTYARD; no native placement/routing performed
RD_B9,43.11934076000001,70.93106034,90,1,BIAS,A,Existing actual native component-shape layer48; archive footprintUUID=3e3bff9cd60aaa06,NATIVE_COMPONENT_SHAPE_NOT_INDEPENDENT_MANUFACTURER_MAX_COURTYARD; no native placement/routing performed
RD_TOP,48.119340920000006,63.9310591,90,1,BIAS,A,Existing actual native component-shape layer48; archive footprintUUID=3e3bff9cd60aaa06,NATIVE_COMPONENT_SHAPE_NOT_INDEPENDENT_MANUFACTURER_MAX_COURTYARD; no native placement/routing performed
RF0,11.21857932,47.599648820000006,0,1,AFE,A,Existing actual native component-shape layer48; archive footprintUUID=3e3bff9cd60aaa06,NATIVE_COMPONENT_SHAPE_NOT_INDEPENDENT_MANUFACTURER_MAX_COURTYARD; no native placement/routing performed
RF1,20.818580439999998,47.599648820000006,0,1,AFE,A,Existing actual native component-shape layer48; archive footprintUUID=3e3bff9cd60aaa06,NATIVE_COMPONENT_SHAPE_NOT_INDEPENDENT_MANUFACTURER_MAX_COURTYARD; no native placement/routing performed
RF2,20.818580439999998,68.59965,0,1,AFE,A,Existing actual native component-shape layer48; archive footprintUUID=3e3bff9cd60aaa06,NATIVE_COMPONENT_SHAPE_NOT_INDEPENDENT_MANUFACTURER_MAX_COURTYARD; no native placement/routing performed
RF3,11.21857932,68.59965,0,1,AFE,A,Existing actual native component-shape layer48; archive footprintUUID=3e3bff9cd60aaa06,NATIVE_COMPONENT_SHAPE_NOT_INDEPENDENT_MANUFACTURER_MAX_COURTYARD; no native placement/routing performed
R_ADC0,35.349111,22.656800440000012,90,1,ADC,A,Existing actual native component-shape layer48; archive footprintUUID=3e3bff9cd60aaa06,NATIVE_COMPONENT_SHAPE_NOT_INDEPENDENT_MANUFACTURER_MAX_COURTYARD; no native placement/routing performed
R_ADC1,38.34911008,19.15679982000001,90,1,ADC,A,Existing actual native component-shape layer48; archive footprintUUID=3e3bff9cd60aaa06,NATIVE_COMPONENT_SHAPE_NOT_INDEPENDENT_MANUFACTURER_MAX_COURTYARD; no native placement/routing performed
R_ADC2,54.3491111,19.156799820000003,90,1,ADC,A,Existing actual native component-shape layer48; archive footprintUUID=3e3bff9cd60aaa06,NATIVE_COMPONENT_SHAPE_NOT_INDEPENDENT_MANUFACTURER_MAX_COURTYARD; no native placement/routing performed
R_ADC3,57.34911018,22.656800440000005,90,1,ADC,A,Existing actual native component-shape layer48; archive footprintUUID=3e3bff9cd60aaa06,NATIVE_COMPONENT_SHAPE_NOT_INDEPENDENT_MANUFACTURER_MAX_COURTYARD; no native placement/routing performed
R_ADC_RESET_PD,64,27,0,1,ADC,C,Existing actual native component-shape layer48; archive footprintUUID=3e3bff9cd60aaa06,NATIVE_COMPONENT_SHAPE_NOT_INDEPENDENT_MANUFACTURER_MAX_COURTYARD; no native placement/routing performed
R_COL_SENSE0,14.618580139999995,50.29965104,0,1,AFE,A,Existing actual native component-shape layer48; archive footprintUUID=3e3bff9cd60aaa06,NATIVE_COMPONENT_SHAPE_NOT_INDEPENDENT_MANUFACTURER_MAX_COURTYARD; no native placement/routing performed
R_COL_SENSE1,17.41857962,50.29965104,90,1,AFE,A,Existing actual native component-shape layer48; archive footprintUUID=3e3bff9cd60aaa06,NATIVE_COMPONENT_SHAPE_NOT_INDEPENDENT_MANUFACTURER_MAX_COURTYARD; no native placement/routing performed
R_COL_SENSE2,17.41857962,65.89965032,0,1,AFE,A,Existing actual native component-shape layer48; archive footprintUUID=3e3bff9cd60aaa06,NATIVE_COMPONENT_SHAPE_NOT_INDEPENDENT_MANUFACTURER_MAX_COURTYARD; no native placement/routing performed
R_COL_SENSE3,14.618580139999995,65.89965032,90,1,AFE,A,Existing actual native component-shape layer48; archive footprintUUID=3e3bff9cd60aaa06,NATIVE_COMPONENT_SHAPE_NOT_INDEPENDENT_MANUFACTURER_MAX_COURTYARD; no native placement/routing performed
R_CS_PU,64,24,0,1,DIGITAL,C,Existing actual native component-shape layer48; archive footprintUUID=3e3bff9cd60aaa06,NATIVE_COMPONENT_SHAPE_NOT_INDEPENDENT_MANUFACTURER_MAX_COURTYARD; no native placement/routing performed
R_ENABLE_PD,69,18,0,1,DIGITAL,C,Existing actual native component-shape layer48; archive footprintUUID=3e3bff9cd60aaa06,NATIVE_COMPONENT_SHAPE_NOT_INDEPENDENT_MANUFACTURER_MAX_COURTYARD; no native placement/routing performed
R_HW_PD,72,18,0,1,DIGITAL,C,Existing actual native component-shape layer48; archive footprintUUID=3e3bff9cd60aaa06,NATIVE_COMPONENT_SHAPE_NOT_INDEPENDENT_MANUFACTURER_MAX_COURTYARD; no native placement/routing performed
R_ISO0,11.219338780000001,25.157859,0,1,AFE,A,Existing actual native component-shape layer48; archive footprintUUID=3e3bff9cd60aaa06,NATIVE_COMPONENT_SHAPE_NOT_INDEPENDENT_MANUFACTURER_MAX_COURTYARD; no native placement/routing performed
R_ISO1,20.819339899999996,25.157859,0,1,AFE,A,Existing actual native component-shape layer48; archive footprintUUID=3e3bff9cd60aaa06,NATIVE_COMPONENT_SHAPE_NOT_INDEPENDENT_MANUFACTURER_MAX_COURTYARD; no native placement/routing performed
R_ISO2,20.819339899999996,40.757860820000005,0,1,AFE,A,Existing actual native component-shape layer48; archive footprintUUID=3e3bff9cd60aaa06,NATIVE_COMPONENT_SHAPE_NOT_INDEPENDENT_MANUFACTURER_MAX_COURTYARD; no native placement/routing performed
R_ISO3,11.219338780000001,40.757860820000005,0,1,AFE,A,Existing actual native component-shape layer48; archive footprintUUID=3e3bff9cd60aaa06,NATIVE_COMPONENT_SHAPE_NOT_INDEPENDENT_MANUFACTURER_MAX_COURTYARD; no native placement/routing performed
R_J3_1,82.7500102,25.270980440000002,0,1,EXTERNAL,C,Existing actual native component-shape layer48; archive footprintUUID=3e3bff9cd60aaa06,NATIVE_COMPONENT_SHAPE_NOT_INDEPENDENT_MANUFACTURER_MAX_COURTYARD; no native placement/routing performed
R_J3_3,82.7500102,30.35098044,0,1,EXTERNAL,C,Existing actual native component-shape layer48; archive footprintUUID=3e3bff9cd60aaa06,NATIVE_COMPONENT_SHAPE_NOT_INDEPENDENT_MANUFACTURER_MAX_COURTYARD; no native placement/routing performed
R_J3_4,82.7500102,32.89098044000001,0,1,EXTERNAL,C,Existing actual native component-shape layer48; archive footprintUUID=3e3bff9cd60aaa06,NATIVE_COMPONENT_SHAPE_NOT_INDEPENDENT_MANUFACTURER_MAX_COURTYARD; no native placement/routing performed
R_J3_5,82.7500102,35.43098044,0,1,EXTERNAL,C,Existing actual native component-shape layer48; archive footprintUUID=3e3bff9cd60aaa06,NATIVE_COMPONENT_SHAPE_NOT_INDEPENDENT_MANUFACTURER_MAX_COURTYARD; no native placement/routing performed
R_J4_1,82.7500102,57.26955042,0,1,EXTERNAL,C,Existing actual native component-shape layer48; archive footprintUUID=3e3bff9cd60aaa06,NATIVE_COMPONENT_SHAPE_NOT_INDEPENDENT_MANUFACTURER_MAX_COURTYARD; no native placement/routing performed
R_J4_3,82.7500102,62.34955042,0,1,EXTERNAL,C,Existing actual native component-shape layer48; archive footprintUUID=3e3bff9cd60aaa06,NATIVE_COMPONENT_SHAPE_NOT_INDEPENDENT_MANUFACTURER_MAX_COURTYARD; no native placement/routing performed
R_J4_4,82.7500102,64.88955042,0,1,EXTERNAL,C,Existing actual native component-shape layer48; archive footprintUUID=3e3bff9cd60aaa06,NATIVE_COMPONENT_SHAPE_NOT_INDEPENDENT_MANUFACTURER_MAX_COURTYARD; no native placement/routing performed
R_ROW_FB0,14.6193396,25.157859,0,1,AFE,A,Existing actual native component-shape layer48; archive footprintUUID=3e3bff9cd60aaa06,NATIVE_COMPONENT_SHAPE_NOT_INDEPENDENT_MANUFACTURER_MAX_COURTYARD; no native placement/routing performed
R_ROW_FB1,17.41933908,25.157859,90,1,AFE,A,Existing actual native component-shape layer48; archive footprintUUID=3e3bff9cd60aaa06,NATIVE_COMPONENT_SHAPE_NOT_INDEPENDENT_MANUFACTURER_MAX_COURTYARD; no native placement/routing performed
R_ROW_FB2,17.41933908,40.757860820000005,0,1,AFE,A,Existing actual native component-shape layer48; archive footprintUUID=3e3bff9cd60aaa06,NATIVE_COMPONENT_SHAPE_NOT_INDEPENDENT_MANUFACTURER_MAX_COURTYARD; no native placement/routing performed
R_ROW_FB3,14.6193396,40.757860820000005,90,1,AFE,A,Existing actual native component-shape layer48; archive footprintUUID=3e3bff9cd60aaa06,NATIVE_COMPONENT_SHAPE_NOT_INDEPENDENT_MANUFACTURER_MAX_COURTYARD; no native placement/routing performed
R_RST,83,19,0,1,DIGITAL,C,Existing actual native component-shape layer48; archive footprintUUID=3e3bff9cd60aaa06,NATIVE_COMPONENT_SHAPE_NOT_INDEPENDENT_MANUFACTURER_MAX_COURTYARD; no native placement/routing performed
R_SEL_PD0,40,46,0,1,BIAS,C,Existing actual native component-shape layer48; archive footprintUUID=3e3bff9cd60aaa06,NATIVE_COMPONENT_SHAPE_NOT_INDEPENDENT_MANUFACTURER_MAX_COURTYARD; no native placement/routing performed
R_SEL_PD1,43,46,0,1,BIAS,C,Existing actual native component-shape layer48; archive footprintUUID=3e3bff9cd60aaa06,NATIVE_COMPONENT_SHAPE_NOT_INDEPENDENT_MANUFACTURER_MAX_COURTYARD; no native placement/routing performed
R_SEL_PD2,40,49,0,1,BIAS,C,Existing actual native component-shape layer48; archive footprintUUID=3e3bff9cd60aaa06,NATIVE_COMPONENT_SHAPE_NOT_INDEPENDENT_MANUFACTURER_MAX_COURTYARD; no native placement/routing performed
R_SEL_PD3,43,49,0,1,BIAS,C,Existing actual native component-shape layer48; archive footprintUUID=3e3bff9cd60aaa06,NATIVE_COMPONENT_SHAPE_NOT_INDEPENDENT_MANUFACTURER_MAX_COURTYARD; no native placement/routing performed
R_TIA_ISO0,11.21857932,50.29965104,0,1,AFE,A,Existing actual native component-shape layer48; archive footprintUUID=3e3bff9cd60aaa06,NATIVE_COMPONENT_SHAPE_NOT_INDEPENDENT_MANUFACTURER_MAX_COURTYARD; no native placement/routing performed
R_TIA_ISO1,20.818580439999998,50.29965104,0,1,AFE,A,Existing actual native component-shape layer48; archive footprintUUID=3e3bff9cd60aaa06,NATIVE_COMPONENT_SHAPE_NOT_INDEPENDENT_MANUFACTURER_MAX_COURTYARD; no native placement/routing performed
R_TIA_ISO2,20.818580439999998,65.89965032,0,1,AFE,A,Existing actual native component-shape layer48; archive footprintUUID=3e3bff9cd60aaa06,NATIVE_COMPONENT_SHAPE_NOT_INDEPENDENT_MANUFACTURER_MAX_COURTYARD; no native placement/routing performed
R_TIA_ISO3,11.21857932,65.89965032,0,1,AFE,A,Existing actual native component-shape layer48; archive footprintUUID=3e3bff9cd60aaa06,NATIVE_COMPONENT_SHAPE_NOT_INDEPENDENT_MANUFACTURER_MAX_COURTYARD; no native placement/routing performed
R_VCM_FB,38.11934060000001,55.43106086,0,1,BIAS,A,Existing actual native component-shape layer48; archive footprintUUID=3e3bff9cd60aaa06,NATIVE_COMPONENT_SHAPE_NOT_INDEPENDENT_MANUFACTURER_MAX_COURTYARD; no native placement/routing performed
R_VCM_ISO,35.11933898000001,57.4310594,0,1,BIAS,A,Existing actual native component-shape layer48; archive footprintUUID=3e3bff9cd60aaa06,NATIVE_COMPONENT_SHAPE_NOT_INDEPENDENT_MANUFACTURER_MAX_COURTYARD; no native placement/routing performed
R_VEX_FB,39.619340140000006,73.43106042,0,1,BIAS,A,Existing actual native component-shape layer48; archive footprintUUID=3e3bff9cd60aaa06,NATIVE_COMPONENT_SHAPE_NOT_INDEPENDENT_MANUFACTURER_MAX_COURTYARD; no native placement/routing performed
R_VEX_ISO,35.61934052000001,72.43105988,0,1,BIAS,A,Existing actual native component-shape layer48; archive footprintUUID=3e3bff9cd60aaa06,NATIVE_COMPONENT_SHAPE_NOT_INDEPENDENT_MANUFACTURER_MAX_COURTYARD; no native placement/routing performed
U1,16.01933934,32.957861179999995,0,1,AFE,A,Existing actual native component-shape layer48; archive footprintUUID=b6beb3a5f30c65ef,NATIVE_COMPONENT_SHAPE_NOT_INDEPENDENT_MANUFACTURER_MAX_COURTYARD; no native placement/routing performed
U10,28.33437084,5.199997600000003,0,1,POWER,A,Existing actual native component-shape layer48; archive footprintUUID=9c03f5c4cb2f3661,NATIVE_COMPONENT_SHAPE_NOT_INDEPENDENT_MANUFACTURER_MAX_COURTYARD; no native placement/routing performed
U10_BLEED,30,12,0,1,POWER,C,Existing actual native component-shape layer48; archive footprintUUID=fcf73cc6c69536a8,NATIVE_COMPONENT_SHAPE_NOT_INDEPENDENT_MANUFACTURER_MAX_COURTYARD; no native placement/routing performed
U10_EN_G,24.0,-1.0,0,1,POWER,C,Existing actual native component-shape layer48; archive footprintUUID=3e3bff9cd60aaa06,NATIVE_COMPONENT_SHAPE_NOT_INDEPENDENT_MANUFACTURER_MAX_COURTYARD; no native placement/routing performed
U10_EN_R,27.0,-1.0,0,1,POWER,C,Existing actual native component-shape layer48; archive footprintUUID=3e3bff9cd60aaa06,NATIVE_COMPONENT_SHAPE_NOT_INDEPENDENT_MANUFACTURER_MAX_COURTYARD; no native placement/routing performed
U10_IN_CAP,25.334369220000006,8.199996679999998,0,1,POWER,A,Existing actual native component-shape layer48; archive footprintUUID=b5b342032f55f019,NATIVE_COMPONENT_SHAPE_NOT_INDEPENDENT_MANUFACTURER_MAX_COURTYARD; no native placement/routing performed
U10_OUT_CAP,32.33437046,8.199996679999998,0,1,POWER,A,Existing actual native component-shape layer48; archive footprintUUID=b5b342032f55f019,NATIVE_COMPONENT_SHAPE_NOT_INDEPENDENT_MANUFACTURER_MAX_COURTYARD; no native placement/routing performed
U10_OV_B1,30.0,-1.0,0,1,POWER,C,Existing actual native component-shape layer48; archive footprintUUID=3e3bff9cd60aaa06,NATIVE_COMPONENT_SHAPE_NOT_INDEPENDENT_MANUFACTURER_MAX_COURTYARD; no native placement/routing performed
U10_OV_B2,33.0,-1.0,0,1,POWER,C,Existing actual native component-shape layer48; archive footprintUUID=3e3bff9cd60aaa06,NATIVE_COMPONENT_SHAPE_NOT_INDEPENDENT_MANUFACTURER_MAX_COURTYARD; no native placement/routing performed
U10_OV_T,24.0,-4.0,0,1,POWER,C,Existing actual native component-shape layer48; archive footprintUUID=3e3bff9cd60aaa06,NATIVE_COMPONENT_SHAPE_NOT_INDEPENDENT_MANUFACTURER_MAX_COURTYARD; no native placement/routing performed
U10_PG_B,27.0,-4.0,0,1,POWER,C,Existing actual native component-shape layer48; archive footprintUUID=3e3bff9cd60aaa06,NATIVE_COMPONENT_SHAPE_NOT_INDEPENDENT_MANUFACTURER_MAX_COURTYARD; no native placement/routing performed
U10_PG_T,30.0,-4.0,0,1,POWER,C,Existing actual native component-shape layer48; archive footprintUUID=3e3bff9cd60aaa06,NATIVE_COMPONENT_SHAPE_NOT_INDEPENDENT_MANUFACTURER_MAX_COURTYARD; no native placement/routing performed
U11,57.94857932000001,57.59958893999999,0,1,EXTERNAL,B,Existing actual native component-shape layer48; archive footprintUUID=6e95b9266e8dd13f,NATIVE_COMPONENT_SHAPE_NOT_INDEPENDENT_MANUFACTURER_MAX_COURTYARD; no native placement/routing performed
U11_BOT,54,72,0,1,EXTERNAL,C,Existing actual native component-shape layer48; archive footprintUUID=3e3bff9cd60aaa06,NATIVE_COMPONENT_SHAPE_NOT_INDEPENDENT_MANUFACTURER_MAX_COURTYARD; no native placement/routing performed
U11_CT_C,58.94857986000001,55.09958886,90,1,EXTERNAL,B,Existing actual native component-shape layer48; archive footprintUUID=e1806bcee69fe169,NATIVE_COMPONENT_SHAPE_NOT_INDEPENDENT_MANUFACTURER_MAX_COURTYARD; no native placement/routing performed
U11_SENSE_C,55.44857924,60.599590559999996,90,1,EXTERNAL,B,Existing actual native component-shape layer48; archive footprintUUID=e1806bcee69fe169,NATIVE_COMPONENT_SHAPE_NOT_INDEPENDENT_MANUFACTURER_MAX_COURTYARD; no native placement/routing performed
U11_TOP0,57,72,0,1,EXTERNAL,C,Existing actual native component-shape layer48; archive footprintUUID=3e3bff9cd60aaa06,NATIVE_COMPONENT_SHAPE_NOT_INDEPENDENT_MANUFACTURER_MAX_COURTYARD; no native placement/routing performed
U11_TOP1,60,72,0,1,EXTERNAL,C,Existing actual native component-shape layer48; archive footprintUUID=3e3bff9cd60aaa06,NATIVE_COMPONENT_SHAPE_NOT_INDEPENDENT_MANUFACTURER_MAX_COURTYARD; no native placement/routing performed
U11_TOP2,54,75,0,1,EXTERNAL,C,Existing actual native component-shape layer48; archive footprintUUID=3e3bff9cd60aaa06,NATIVE_COMPONENT_SHAPE_NOT_INDEPENDENT_MANUFACTURER_MAX_COURTYARD; no native placement/routing performed
U11_TOP3,57,75,0,1,EXTERNAL,C,Existing actual native component-shape layer48; archive footprintUUID=3e3bff9cd60aaa06,NATIVE_COMPONENT_SHAPE_NOT_INDEPENDENT_MANUFACTURER_MAX_COURTYARD; no native placement/routing performed
U11_TOP4,60,75,0,1,EXTERNAL,C,Existing actual native component-shape layer48; archive footprintUUID=3e3bff9cd60aaa06,NATIVE_COMPONENT_SHAPE_NOT_INDEPENDENT_MANUFACTURER_MAX_COURTYARD; no native placement/routing performed
U11_VDD_C,57.94857932000001,64.59959017999998,0,1,EXTERNAL,B,Existing actual native component-shape layer48; archive footprintUUID=e1806bcee69fe169,NATIVE_COMPONENT_SHAPE_NOT_INDEPENDENT_MANUFACTURER_MAX_COURTYARD; no native placement/routing performed
U12,64.94859964,57.09970894,0,1,EXTERNAL,B,Existing actual native component-shape layer48; archive footprintUUID=6e95b9266e8dd13f,NATIVE_COMPONENT_SHAPE_NOT_INDEPENDENT_MANUFACTURER_MAX_COURTYARD; no native placement/routing performed
U12_BOT,64,72,0,1,EXTERNAL,C,Existing actual native component-shape layer48; archive footprintUUID=3e3bff9cd60aaa06,NATIVE_COMPONENT_SHAPE_NOT_INDEPENDENT_MANUFACTURER_MAX_COURTYARD; no native placement/routing performed
U12_CT_C,62.948601100000005,51.099710779999995,90,1,EXTERNAL,B,Existing actual native component-shape layer48; archive footprintUUID=e1806bcee69fe169,NATIVE_COMPONENT_SHAPE_NOT_INDEPENDENT_MANUFACTURER_MAX_COURTYARD; no native placement/routing performed
U12_SENSE_C,62.44859955999999,60.099710560000005,90,1,EXTERNAL,B,Existing actual native component-shape layer48; archive footprintUUID=e1806bcee69fe169,NATIVE_COMPONENT_SHAPE_NOT_INDEPENDENT_MANUFACTURER_MAX_COURTYARD; no native placement/routing performed
U12_TOP0,67,72,0,1,EXTERNAL,C,Existing actual native component-shape layer48; archive footprintUUID=3e3bff9cd60aaa06,NATIVE_COMPONENT_SHAPE_NOT_INDEPENDENT_MANUFACTURER_MAX_COURTYARD; no native placement/routing performed
U12_TOP1,70,72,0,1,EXTERNAL,C,Existing actual native component-shape layer48; archive footprintUUID=3e3bff9cd60aaa06,NATIVE_COMPONENT_SHAPE_NOT_INDEPENDENT_MANUFACTURER_MAX_COURTYARD; no native placement/routing performed
U12_TOP2,64,75,0,1,EXTERNAL,C,Existing actual native component-shape layer48; archive footprintUUID=3e3bff9cd60aaa06,NATIVE_COMPONENT_SHAPE_NOT_INDEPENDENT_MANUFACTURER_MAX_COURTYARD; no native placement/routing performed
U12_TOP3,67,75,0,1,EXTERNAL,C,Existing actual native component-shape layer48; archive footprintUUID=3e3bff9cd60aaa06,NATIVE_COMPONENT_SHAPE_NOT_INDEPENDENT_MANUFACTURER_MAX_COURTYARD; no native placement/routing performed
U12_VDD_C,64.94859964,64.09971017999999,0,1,EXTERNAL,B,Existing actual native component-shape layer48; archive footprintUUID=e1806bcee69fe169,NATIVE_COMPONENT_SHAPE_NOT_INDEPENDENT_MANUFACTURER_MAX_COURTYARD; no native placement/routing performed
U13,72.10021024,7.649289119999999,0,1,DIGITAL,B,Existing actual native component-shape layer48; archive footprintUUID=8d653659d6851f0a,NATIVE_COMPONENT_SHAPE_NOT_INDEPENDENT_MANUFACTURER_MAX_COURTYARD; no native placement/routing performed
U14,79.499995,7.649289119999999,0,1,DIGITAL,B,Existing actual native component-shape layer48; archive footprintUUID=8d653659d6851f0a,NATIVE_COMPONENT_SHAPE_NOT_INDEPENDENT_MANUFACTURER_MAX_COURTYARD; no native placement/routing performed
U15,78.85078877999999,17.450086,0,1,DIGITAL,B,Existing actual native component-shape layer48; archive footprintUUID=18b8d917d8ac632d,NATIVE_COMPONENT_SHAPE_NOT_INDEPENDENT_MANUFACTURER_MAX_COURTYARD; no native placement/routing performed
U2,16.01857988,58.09965068,0,1,AFE,A,Existing actual native component-shape layer48; archive footprintUUID=b6beb3a5f30c65ef,NATIVE_COMPONENT_SHAPE_NOT_INDEPENDENT_MANUFACTURER_MAX_COURTYARD; no native placement/routing performed
U3,39.619340140000006,64.43106064,0,1,BIAS,A,Existing actual native component-shape layer48; archive footprintUUID=30a78edf30be82ba,NATIVE_COMPONENT_SHAPE_NOT_INDEPENDENT_MANUFACTURER_MAX_COURTYARD; no native placement/routing performed
U4,34.2500062,49.44964112000001,0,1,BIAS,B,Existing actual native component-shape layer48; archive footprintUUID=d995893935488a99,NATIVE_COMPONENT_SHAPE_NOT_INDEPENDENT_MANUFACTURER_MAX_COURTYARD; no native placement/routing performed
U5,46.34910932,29.15680014,270,1,ADC,A,Existing actual native component-shape layer48; archive footprintUUID=8a281445258384ed,NATIVE_COMPONENT_SHAPE_NOT_INDEPENDENT_MANUFACTURER_MAX_COURTYARD; no native placement/routing performed
U6,46.61933884000001,57.4310594,0,1,BIAS,A,Existing actual native component-shape layer48; archive footprintUUID=86c2210f191537f2,NATIVE_COMPONENT_SHAPE_NOT_INDEPENDENT_MANUFACTURER_MAX_COURTYARD; no native placement/routing performed
U7,60.08499110000001,11.150460680000002,0,1,DIGITAL,A,Existing actual native component-shape layer48; archive footprintUUID=e13794d22038af93,NATIVE_COMPONENT_SHAPE_NOT_INDEPENDENT_MANUFACTURER_MAX_COURTYARD; no native placement/routing performed
U8,42.36253889999999,6.334930559999989,0,1,POWER,A,Existing actual native component-shape layer48; archive footprintUUID=2578b68e24d8fda8,NATIVE_COMPONENT_SHAPE_NOT_INDEPENDENT_MANUFACTURER_MAX_COURTYARD; no native placement/routing performed
U9,13.335311179999998,5.199997600000003,0,1,POWER,A,Existing actual native component-shape layer48; archive footprintUUID=9c03f5c4cb2f3661,NATIVE_COMPONENT_SHAPE_NOT_INDEPENDENT_MANUFACTURER_MAX_COURTYARD; no native placement/routing performed
U9_BLEED,14,12,0,1,POWER,C,Existing actual native component-shape layer48; archive footprintUUID=8f6590523b82983d,NATIVE_COMPONENT_SHAPE_NOT_INDEPENDENT_MANUFACTURER_MAX_COURTYARD; no native placement/routing performed
U9_EN_G,8.0,-1.0,0,1,POWER,C,Existing actual native component-shape layer48; archive footprintUUID=3e3bff9cd60aaa06,NATIVE_COMPONENT_SHAPE_NOT_INDEPENDENT_MANUFACTURER_MAX_COURTYARD; no native placement/routing performed
U9_EN_R,11.0,-1.0,0,1,POWER,C,Existing actual native component-shape layer48; archive footprintUUID=3e3bff9cd60aaa06,NATIVE_COMPONENT_SHAPE_NOT_INDEPENDENT_MANUFACTURER_MAX_COURTYARD; no native placement/routing performed
U9_IN_CAP,9.335309019999997,8.199996679999998,0,1,POWER,A,Existing actual native component-shape layer48; archive footprintUUID=b5b342032f55f019,NATIVE_COMPONENT_SHAPE_NOT_INDEPENDENT_MANUFACTURER_MAX_COURTYARD; no native placement/routing performed
U9_OUT_CAP,17.3353108,8.199996679999998,0,1,POWER,A,Existing actual native component-shape layer48; archive footprintUUID=b5b342032f55f019,NATIVE_COMPONENT_SHAPE_NOT_INDEPENDENT_MANUFACTURER_MAX_COURTYARD; no native placement/routing performed
U9_OV_B1,14.0,-1.0,0,1,POWER,C,Existing actual native component-shape layer48; archive footprintUUID=3e3bff9cd60aaa06,NATIVE_COMPONENT_SHAPE_NOT_INDEPENDENT_MANUFACTURER_MAX_COURTYARD; no native placement/routing performed
U9_OV_B2,17.0,-1.0,0,1,POWER,C,Existing actual native component-shape layer48; archive footprintUUID=3e3bff9cd60aaa06,NATIVE_COMPONENT_SHAPE_NOT_INDEPENDENT_MANUFACTURER_MAX_COURTYARD; no native placement/routing performed
U9_OV_T,8.0,-4.0,0,1,POWER,C,Existing actual native component-shape layer48; archive footprintUUID=3e3bff9cd60aaa06,NATIVE_COMPONENT_SHAPE_NOT_INDEPENDENT_MANUFACTURER_MAX_COURTYARD; no native placement/routing performed
U9_PG_B,11.0,-4.0,0,1,POWER,C,Existing actual native component-shape layer48; archive footprintUUID=3e3bff9cd60aaa06,NATIVE_COMPONENT_SHAPE_NOT_INDEPENDENT_MANUFACTURER_MAX_COURTYARD; no native placement/routing performed
U9_PG_T,14.0,-4.0,0,1,POWER,C,Existing actual native component-shape layer48; archive footprintUUID=3e3bff9cd60aaa06,NATIVE_COMPONENT_SHAPE_NOT_INDEPENDENT_MANUFACTURER_MAX_COURTYARD; no native placement/routing performed
