node,voltage_V
v(ain0),2.499750816698645
v(cmd0),2.500000014516344
v(cmd1),2.500000014516338
v(cmd2),2.50000001451746
v(cmd3),2.50000001451746
v(cmdrv),2.525000161029462
v(cmfb),2.500000168489086
v(col0),2.500001331048816
v(col1),2.500000014668331
v(col2),2.500000014668331
v(col3),2.500000014668331
v(drv0),2.500002025466026
v(drv1),2.500002025438088
v(drv2),2.500002025582685
v(drv3),2.500002025671129
v(exdrv),2.249999747790922
v(exfb),2.249999940459399
v(fb0),2.500001639243699
v(fb1),2.500001639243699
v(fb2),2.500001639360114
v(fb3),2.500001639418322
v(minus0),2.500001639323057
v(ns0),1.0
v(ns1),1.0
v(ns2),1.0
v(ns3),1.0
v(ref),2.5
v(row0),2.500001485445961
v(row1),2.50000148542953
v(row2),2.500001485528288
v(row3),2.500001485587162
v(sel0),0.0
v(sel1),0.0
v(sel2),0.0
v(sel3),0.0
v(tap0),2.500000791780315
v(tdrv0),2.502500434527172
v(v5),5.0
v(vcm),2.500000014668331
v(vcm_cmd),2.499999969831409
v(vexc),2.249999780872499
v(vexcmd),2.249999755485022
v(xcm.cl_clamp),2.525003165047647
v(xcm.clamp),2.525008708355017
v(xcm.claw_clamp),2.525003165047885
v(xcm.esdn),2.500000168489394
v(xcm.esdp),2.499999969831108
v(xcm.mid),2.499998749999496
v(xcm.n2991553),2.499998749999618
v(xcm.n2991555),2.499999669629108
v(xcm.n2991563),2.499999669439308
v(xcm.n2991573),2.499999969831108
v(xcm.n2991579),2.499998499872028
v(xcm.n2991581),2.499999000056633
v(xcm.n2991583),2.499999669439308
v(xcm.n2991587),2.500000169623913
v(xcm.n2991619),2.500000168489394
v(xcm.n2991623),5.099997499998895
v(xcm.n2991635),-0.09999750000115196
v(xcm.n2991643),2.500000169624057
v(xcm.n2991657),2.500000169624057
v(xcm.n2991667),2.499998849565442
v(xcm.n2991729),2.499998749999496
v(xcm.n2991741),2.499998749999496
v(xcm.n2991763),2.499998749999496
v(xcm.n2991765),2.499998749999496
v(xcm.n2991807),62.4999987499995
v(xcm.n2991809),2.49999874999964
v(xcm.n2991811),2.49999874999964
v(xcm.n2991831),2.49999874999964
v(xcm.n2991837),2.49999874999964
v(xcm.n2991849),-57.5000012500005
v(xcm.n2991901),152.4999987499995
v(xcm.n2991905),2.49999874999964
v(xcm.n2991907),2.49999874999964
v(xcm.n2991925),2.49999874999964
v(xcm.n2991931),2.49999874999964
v(xcm.n2991943),-147.5000012500005
v(xcm.n2991969),2.525008708414726
v(xcm.n2991997),4.984888922045697
v(xcm.n2992001),0.02308224934084937
v(xcm.n2992029),0.02308224934084937
v(xcm.n2992033),4.984888922045697
v(xcm.n2992093),2.499998694889493
v(xcm.n2992099),2.499998694889499
v(xcm.n2992105),2.499998749999496
v(xcm.n2992151),2.524998896460628
v(xcm.n2992163),2.525000161029462
v(xcm.n2992235),2.525000161029463
v(xcm.n2992267),-52.47499677984234
v(xcm.n2992287),57.52500310993766
v(xcm.n2992295),-52.47499683495234
v(xcm.n2992299),-52.47499677984234
v(xcm.n2992323),57.52500310993766
v(xcm.n2992331),57.52500316504766
v(xcm.n2992375),2.499998749999496
v(xcm.n2992397),4.999997497498896
v(xcm.n2992413),2.502498844290287e-06
v(xcm.n3201092),3.213265547482809
v(xcm.n3294524),2.525003165047884
v(xcm.n3294618),2.525003165047647
v(xcm.n3294626),3.21326550638506
v(xcm.n3294630),2.839649605943931
v(xcm.n3294682),3.212516834368671
v(xcm.n3294772),2.499998750042422
v(xcm.n3294776),2.499998749999618
v(xcm.n3827259),3.213126166932199
v(xcm.n3828449),2.500568795896325
v(xcm.n3850714),2.500252249870213
v(xcm.n3850724),2.499999000028001
v(xcm.n4031911),2.525008708414726
v(xcm.n4243633),2.094999361549382
v(xcm.n4736080),2.546540128913852
v(xcm.n4745674),3.213265547482805
v(xcm.n47456861),3.213265547482805
v(xcm.n4747399),3.213265547482805
v(xcm.n4749239),3.213265547482805
v(xcm.n47492651),3.213265547482805
v(xcm.n4796554),3.213265547482805
v(xcm.n4796572),3.213265547482815
v(xcm.n47965841),3.213265547482815
v(xcm.n4797748),3.213213143780112
v(xcm.n4797760),2.689176116755413
v(xcm.n4798545),3.213197422669303
v(xcm.n4800105),3.213197422669303
v(xcm.n48001371),3.213197422669303
v(xcm.n4809008),2.49999875004255
v(xcm.n4817896),2.500252278900462
v(xcm.sw_ol_opax388),2.499998749999496
v(xcm.v11),2.499998694889493
v(xcm.v12),2.499998694889499
v(xcm.vcc_b),4.999997499998895
v(xcm.vcc_clp),4.984888919560807
v(xcm.vclp),2.525003165047657
v(xcm.vee_b),2.499998848042786e-06
v(xcm.vee_clp),0.02308225181776585
v(xcm.vimon),2.524998896460628
v(xcm.vout_s),2.525000161029462
v(xcm.vsense),2.525008708414726
v(xcm.x_u10.gvo+_int1),0.0
v(xcm.x_u10.gvo-_int1),0.0
v(xcm.x_u11.gvo+_int1),0.0
v(xcm.x_u11.gvo-_int1),0.0
v(xcm.x_u12.gvo+_int1),0.0
v(xcm.x_u12.gvo-_int1),0.0
v(xcm.x_u16.gsw+_int1),0.0
v(xcm.x_u18.g1_int1),1.510857807107466e-05
v(xcm.x_u18.g1_int2),0.02500014646113247
v(xcm.x_u19.g1_int1),2.30797493414555e-05
v(xcm.x_u19.g1_int2),-0.02500014646113247
v(xcm.x_u22.g1_int1),0.0
v(xcm.x_u23.g1_int1),0.0
v(xcm.x_u26.g1_int1),2.5000146461133e-05
v(xcm.x_u27.g1_int1),0.0
v(xcm.x_u30.g1_int1),1.134663109997325e-13
v(xcm.x_u31.g1_int1),2.500996987286896e-08
v(xcm.x_u32.g1_int1),0.7125573710363824
v(xcm.x_u35.g1_int1),0.0
v(xcm.x_u38.3),0.0
v(xcm.x_u38.5),0.0
v(xcm.x_u39.3),0.0
v(xcm.x_u39.5),0.0
v(xcm.x_u4.e1_int1),-3.00202e-07
v(xcm.x_u40.5),0.0
v(xcm.x_u6.g1_int1),1.419624417131615e-06
v(xex.cl_clamp),2.249988153709788
v(xex.clamp),2.249932727427222
v(xex.claw_clamp),2.249988153709788
v(xex.esdn),2.249999940459719
v(xex.esdp),2.249999755484736
v(xex.mid),2.499998749999496
v(xex.n2991553),2.499998724998849
v(xex.n2991555),2.249999455282736
v(xex.n2991563),2.249999430335295
v(xex.n2991573),2.249999755484736
v(xex.n2991579),2.499998499872027
v(xex.n2991581),2.499999000056633
v(xex.n2991583),2.249999430335295
v(xex.n2991587),2.2499999305199
v(xex.n2991619),2.249999940459719
v(xex.n2991623),5.099997499998896
v(xex.n2991635),-0.09999750000115196
v(xex.n2991643),2.24999993052003
v(xex.n2991657),2.24999993052003
v(xex.n2991667),2.499997754473664
v(xex.n2991729),2.499998749999496
v(xex.n2991741),2.499998749999496
v(xex.n2991763),2.499998749999496
v(xex.n2991765),2.499998749999496
v(xex.n2991807),62.4999987499995
v(xex.n2991809),2.499998749999496
v(xex.n2991811),2.499998749999496
v(xex.n2991831),2.499998749999496
v(xex.n2991837),2.499998749999496
v(xex.n2991849),-57.5000012500005
v(xex.n2991901),152.4999987499995
v(xex.n2991905),2.499998749999496
v(xex.n2991907),2.499998749999496
v(xex.n2991925),2.499998749999496
v(xex.n2991931),2.499998749999496
v(xex.n2991943),-147.5000012500005
v(xex.n2991969),2.249932727480425
v(xex.n2991997),4.985064250352844
v(xex.n2992001),0.02344125049443728
v(xex.n2992029),0.02344125049443728
v(xex.n2992033),4.985064250352844
v(xex.n2992093),2.499998694889554
v(xex.n2992099),2.499998694889437
v(xex.n2992105),2.499998749999496
v(xex.n2992151),2.499998715917918
v(xex.n2992163),2.249999747790922
v(xex.n2992235),2.249999747790922
v(xex.n2992267),-52.75001179118026
v(xex.n2992287),57.24998809859974
v(xex.n2992295),-52.75001184629021
v(xex.n2992299),-52.75001179118026
v(xex.n2992323),57.24998809859974
v(xex.n2992331),57.24998815370979
v(xex.n2992375),2.499998749999496
v(xex.n2992397),4.999997497498897
v(xex.n2992413),2.502498844298776e-06
v(xex.n3201092),-0.2528717759925385
v(xex.n3294524),2.249988153710024
v(xex.n3294618),2.249988153709788
v(xex.n3294626),-0.252871617374776
v(xex.n3294630),1.189108023336622
v(xex.n3294682),-0.2499908707836767
v(xex.n3294772),2.499989952534967
v(xex.n3294776),2.499998724997976
v(xex.n3827259),-0.2523338333726907
v(xex.n3828449),2.497798644017584
v(xex.n3850714),2.500252249870213
v(xex.n3850724),2.499999000028
v(xex.n4031911),2.249932727480425
v(xex.n4243633),2.094999361549382
v(xex.n4736080),2.034647416165261
v(xex.n4745674),-0.252871775992539
v(xex.n47456861),-0.252871775992539
v(xex.n4747399),-0.2528717759925389
v(xex.n4749239),-0.2528717759925389
v(xex.n47492651),-0.2528717759925389
v(xex.n4796554),-0.2528717759925389
v(xex.n4796572),-0.2528717759925397
v(xex.n47965841),-0.2528717759925397
v(xex.n4797748),-0.2526695226293781
v(xex.n4797760),1.769864108986253
v(xex.n4798545),-0.2526088466204284
v(xex.n4800105),-0.2526088466204297
v(xex.n48001371),-0.2526088466204297
v(xex.n4809008),2.499989952842043
v(xex.n4817896),2.500252278900462
v(xex.sw_ol_opax388),2.499998749999496
v(xex.v11),2.499998694889554
v(xex.v12),2.499998694889437
v(xex.vcc_b),4.999997499998896
v(xex.vcc_clp),4.985064247867778
v(xex.vclp),2.249988153709793
v(xex.vee_b),2.499998848051275e-06
v(xex.vee_clp),0.02344125297099477
v(xex.vimon),2.499998715917918
v(xex.vout_s),2.249999747790922
v(xex.vsense),2.249932727480425
v(xex.x_u10.gvo+_int1),0.0
v(xex.x_u10.gvo-_int1),0.0
v(xex.x_u11.gvo+_int1),0.0
v(xex.x_u11.gvo-_int1),0.0
v(xex.x_u12.gvo+_int1),0.0
v(xex.x_u12.gvo-_int1),0.0
v(xex.x_u16.gsw+_int1),0.0
v(xex.x_u18.g1_int1),1.493324976393396e-05
v(xex.x_u18.g1_int2),-3.408157756012997e-08
v(xex.x_u19.g1_int1),2.343875049503492e-05
v(xex.x_u19.g1_int2),3.408157756012997e-08
v(xex.x_u22.g1_int1),0.0
v(xex.x_u23.g1_int1),0.0
v(xex.x_u26.g1_int1),0.0
v(xex.x_u27.g1_int1),3.408157740400486e-11
v(xex.x_u30.g1_int1),-9.939689316843664e-13
v(xex.x_u31.g1_int1),-2.500661335780308e-07
v(xex.x_u32.g1_int1),-2.750132477390252
v(xex.x_u35.g1_int1),0.0
v(xex.x_u38.3),0.0
v(xex.x_u38.5),0.0
v(xex.x_u39.3),0.0
v(xex.x_u39.5),0.0
v(xex.x_u4.e1_int1),-3.00202e-07
v(xex.x_u40.5),0.0
v(xex.x_u6.g1_int1),-0.2499988194795955
v(xr0.cl_clamp),2.500002025657774
v(xr0.clamp),2.500002026325092
v(xr0.claw_clamp),2.500002025657774
v(xr0.esdn),2.500001639244007
v(xr0.esdp),2.500000014516043
v(xr0.mid),2.499998749999496
v(xr0.n2991553),2.499998749999622
v(xr0.n2991555),2.499995344516043
v(xr0.n2991563),2.499995344326248
v(xr0.n2991573),2.500000014516043
v(xr0.n2991579),2.499995602981784
v(xr0.n2991581),2.500001897971614
v(xr0.n2991583),2.499995344326247
v(xr0.n2991587),2.500001639316077
v(xr0.n2991619),2.500001639244007
v(xr0.n2991623),5.099997499998895
v(xr0.n2991635),-0.09999750000115196
v(xr0.n2991643),2.500001639316221
v(xr0.n2991657),2.500001639316221
v(xr0.n2991667),2.499998750012539
v(xr0.n2991729),2.499998749999496
v(xr0.n2991741),2.499998749999496
v(xr0.n2991763),2.499998749999496
v(xr0.n2991765),2.499998749999496
v(xr0.n2991807),62.4999987499995
v(xr0.n2991809),2.49999874999964
v(xr0.n2991811),2.49999874999964
v(xr0.n2991831),2.49999874999964
v(xr0.n2991837),2.49999874999964
v(xr0.n2991849),-57.5000012500005
v(xr0.n2991901),152.4999987499995
v(xr0.n2991905),2.49999874999964
v(xr0.n2991907),2.49999874999964
v(xr0.n2991925),2.49999874999964
v(xr0.n2991931),2.49999874999964
v(xr0.n2991943),-147.5000012500005
v(xr0.n2991969),2.500002026384209
v(xr0.n2991997),4.985064246376327
v(xr0.n2992001),0.02344124215561247
v(xr0.n2992029),0.02344124215561247
v(xr0.n2992033),4.985064246376327
v(xr0.n2992093),2.499998694889491
v(xr0.n2992099),2.4999986948895
v(xr0.n2992105),2.499998749999496
v(xr0.n2992151),2.499999290019568
v(xr0.n2992163),2.500002025466026
v(xr0.n2992235),2.500002025466026
v(xr0.n2992267),-52.49999791923221
v(xr0.n2992287),57.50000197054779
v(xr0.n2992295),-52.49999797434222
v(xr0.n2992299),-52.49999791923221
v(xr0.n2992323),57.50000197054779
v(xr0.n2992331),57.50000202565778
v(xr0.n2992375),2.499998749999496
v(xr0.n2992397),4.999997497498896
v(xr0.n2992413),2.502498844298777e-06
v(xr0.n3201092),2.500044278171838
v(xr0.n3294524),2.50000202565801
v(xr0.n3294618),2.500002025657774
v(xr0.n3294626),2.500044278169216
v(xr0.n3294630),2.500020430081564
v(xr0.n3294682),2.500044230477215
v(xr0.n3294772),2.499998750043994
v(xr0.n3294776),2.499998749999622
v(xr0.n3827259),2.500044269275114
v(xr0.n3828449),2.499998786385807
v(xr0.n3850714),2.501037249469892
v(xr0.n3850724),2.500001897469577
v(xr0.n4031911),2.500002026384209
v(xr0.n4243633),1.186000734139104
v(xr0.n4736080),2.500004847069305
v(xr0.n4745674),2.500044278171836
v(xr0.n47456861),2.500044278171836
v(xr0.n4747399),2.500044278171836
v(xr0.n4749239),2.500044278171836
v(xr0.n47492651),2.500044278171836
v(xr0.n4796554),2.500044278171836
v(xr0.n4796572),2.500044278171844
v(xr0.n47965841),2.500044278171844
v(xr0.n4797748),2.50004427482689
v(xr0.n4797760),2.500010825284352
v(xr0.n4798545),2.500044273823404
v(xr0.n4800105),2.500044273823403
v(xr0.n48001371),2.500044273823403
v(xr0.n4809008),2.499998750044028
v(xr0.n4817896),2.501037415115775
v(xr0.sw_ol_opa4388),2.499998749999496
v(xr0.v11),2.499998694889491
v(xr0.v12),2.4999986948895
v(xr0.vcc_b),4.999997499998895
v(xr0.vcc_clp),4.985064243891261
v(xr0.vclp),2.500002025657778
v(xr0.vee_b),2.499998848051276e-06
v(xr0.vee_clp),0.02344124463216996
v(xr0.vimon),2.499999290019568
v(xr0.vout_s),2.500002025466026
v(xr0.vsense),2.500002026384209
v(xr0.x_u10.gvo+_int1),0.0
v(xr0.x_u10.gvo-_int1),0.0
v(xr0.x_u11.gvo+_int1),0.0
v(xr0.x_u11.gvo-_int1),0.0
v(xr0.x_u12.gvo+_int1),0.0
v(xr0.x_u12.gvo-_int1),0.0
v(xr0.x_u16.gsw+_int1),0.0
v(xr0.x_u18.g1_int1),1.49332537404499e-05
v(xr0.x_u18.g1_int2),5.400200726590754e-07
v(xr0.x_u19.g1_int1),2.34387421562101e-05
v(xr0.x_u19.g1_int2),-5.400200726590754e-07
v(xr0.x_u22.g1_int1),0.0
v(xr0.x_u23.g1_int1),0.0
v(xr0.x_u26.g1_int1),5.400200729296922e-10
v(xr0.x_u27.g1_int1),0.0
v(xr0.x_u30.g1_int1),7.221491200165575e-15
v(xr0.x_u31.g1_int1),3.276379167971299e-12
v(xr0.x_u32.g1_int1),4.548288961814251e-05
v(xr0.x_u35.g1_int1),0.0
v(xr0.x_u38.3),0.0
v(xr0.x_u38.5),0.0
v(xr0.x_u39.3),0.0
v(xr0.x_u39.5),0.0
v(xr0.x_u4.e1_int1),-4.669999999999999e-06
v(xr0.x_u40.5),0.0
v(xr0.x_u6.g1_int1),2.889316581544676e-06
v(xr1.cl_clamp),2.500002025629834
v(xr1.clamp),2.500002026441507
v(xr1.claw_clamp),2.500002025629834
v(xr1.esdn),2.500001639244007
v(xr1.esdp),2.500000014516036
v(xr1.mid),2.499998749999496
v(xr1.n2991553),2.499998749999622
v(xr1.n2991555),2.499995344516036
v(xr1.n2991563),2.499995344326242
v(xr1.n2991573),2.500000014516036
v(xr1.n2991579),2.499995602981784
v(xr1.n2991581),2.500001897971614
v(xr1.n2991583),2.499995344326242
v(xr1.n2991587),2.500001639316072
v(xr1.n2991619),2.500001639244007
v(xr1.n2991623),5.099997499998895
v(xr1.n2991635),-0.09999750000115196
v(xr1.n2991643),2.500001639316216
v(xr1.n2991657),2.500001639316216
v(xr1.n2991667),2.499998750011966
v(xr1.n2991729),2.49999874999964
v(xr1.n2991741),2.49999874999964
v(xr1.n2991763),2.499998749999496
v(xr1.n2991765),2.499998749999496
v(xr1.n2991807),62.4999987499995
v(xr1.n2991809),2.499998749999496
v(xr1.n2991811),2.499998749999496
v(xr1.n2991831),2.499998749999496
v(xr1.n2991837),2.499998749999496
v(xr1.n2991849),-57.5000012500005
v(xr1.n2991901),152.4999987499995
v(xr1.n2991905),2.499998749999496
v(xr1.n2991907),2.499998749999496
v(xr1.n2991925),2.49999874999964
v(xr1.n2991931),2.49999874999964
v(xr1.n2991943),-147.5000012500005
v(xr1.n2991969),2.500002026500624
v(xr1.n2991997),4.985064246376406
v(xr1.n2992001),0.02344124215577961
v(xr1.n2992029),0.02344124215577961
v(xr1.n2992033),4.985064246376406
v(xr1.n2992093),2.49999869488949
v(xr1.n2992099),2.499998694889501
v(xr1.n2992105),2.499998749999496
v(xr1.n2992151),2.499999290008061
v(xr1.n2992163),2.500002025438088
v(xr1.n2992235),2.500002025438088
v(xr1.n2992267),-52.49999791926015
v(xr1.n2992287),57.50000197051985
v(xr1.n2992295),-52.49999797437016
v(xr1.n2992299),-52.49999791926015
v(xr1.n2992323),57.50000197051985
v(xr1.n2992331),57.50000202562984
v(xr1.n2992375),2.499998749999496
v(xr1.n2992397),4.999997497498896
v(xr1.n2992413),2.502498844298777e-06
v(xr1.n3201092),2.500044277589761
v(xr1.n3294524),2.500002025774399
v(xr1.n3294618),2.500002025629834
v(xr1.n3294626),2.50004427758714
v(xr1.n3294630),2.500020429804384
v(xr1.n3294682),2.500044229896048
v(xr1.n3294772),2.499998750043994
v(xr1.n3294776),2.499998749999622
v(xr1.n3827259),2.500044268693156
v(xr1.n3828449),2.499998786385342
v(xr1.n3850714),2.501037249469892
v(xr1.n3850724),2.500001897469577
v(xr1.n4031911),2.500002026500624
v(xr1.n4243633),1.186000734139104
v(xr1.n4736080),2.500004847285946
v(xr1.n4745674),2.500044277589761
v(xr1.n47456861),2.500044277589761
v(xr1.n4747399),2.50004427758976
v(xr1.n4749239),2.500044277589763
v(xr1.n47492651),2.500044277589763
v(xr1.n4796554),2.500044277589763
v(xr1.n4796572),2.500044277589771
v(xr1.n47965841),2.500044277589771
v(xr1.n4797748),2.50004427424486
v(xr1.n4797760),2.500010825129971
v(xr1.n4798545),2.500044273241386
v(xr1.n4800105),2.500044273241386
v(xr1.n48001371),2.500044273241386
v(xr1.n4809008),2.499998750044028
v(xr1.n4817896),2.501037415115775
v(xr1.sw_ol_opa4388),2.499998749999496
v(xr1.v11),2.49999869488949
v(xr1.v12),2.499998694889501
v(xr1.vcc_b),4.999997499998895
v(xr1.vcc_clp),4.98506424389134
v(xr1.vclp),2.50000202562984
v(xr1.vee_b),2.499998848051276e-06
v(xr1.vee_clp),0.0234412446323371
v(xr1.vimon),2.499999290008061
v(xr1.vout_s),2.500002025438088
v(xr1.vsense),2.500002026500624
v(xr1.x_u10.gvo+_int1),0.0
v(xr1.x_u10.gvo-_int1),0.0
v(xr1.x_u11.gvo+_int1),0.0
v(xr1.x_u11.gvo-_int1),0.0
v(xr1.x_u12.gvo+_int1),0.0
v(xr1.x_u12.gvo-_int1),0.0
v(xr1.x_u16.gsw+_int1),0.0
v(xr1.x_u18.g1_int1),1.49332537403702e-05
v(xr1.x_u18.g1_int2),5.400085654194697e-07
v(xr1.x_u19.g1_int1),2.343874215637725e-05
v(xr1.x_u19.g1_int2),-5.400085654194697e-07
v(xr1.x_u22.g1_int1),0.0
v(xr1.x_u23.g1_int1),-1.443289932012704e-13
v(xr1.x_u26.g1_int1),5.400085656415143e-10
v(xr1.x_u27.g1_int1),0.0
v(xr1.x_u30.g1_int1),7.220949099079332e-15
v(xr1.x_u31.g1_int1),3.132272219374954e-12
v(xr1.x_u32.g1_int1),4.548230799628072e-05
v(xr1.x_u35.g1_int1),1.443289932012704e-13
v(xr1.x_u38.3),0.0
v(xr1.x_u38.5),0.0
v(xr1.x_u39.3),0.0
v(xr1.x_u39.5),0.0
v(xr1.x_u4.e1_int1),-4.669999999999999e-06
v(xr1.x_u40.5),0.0
v(xr1.x_u6.g1_int1),2.889316576215606e-06
v(xr2.cl_clamp),2.500002025774441
v(xr2.clamp),2.500002026441507
v(xr2.claw_clamp),2.500002025774441
v(xr2.esdn),2.500001639360423
v(xr2.esdp),2.500000014517161
v(xr2.mid),2.499998749999496
v(xr2.n2991553),2.499998749999622
v(xr2.n2991555),2.499995344517161
v(xr2.n2991563),2.499995344576404
v(xr2.n2991573),2.500000014517161
v(xr2.n2991579),2.499995602981784
v(xr2.n2991581),2.500001897971614
v(xr2.n2991583),2.499995344576404
v(xr2.n2991587),2.500001639566234
v(xr2.n2991619),2.500001639360423
v(xr2.n2991623),5.099997499998895
v(xr2.n2991635),-0.09999750000115196
v(xr2.n2991643),2.500001639566379
v(xr2.n2991657),2.500001639566379
v(xr2.n2991667),2.499998750012541
v(xr2.n2991729),2.499998749999496
v(xr2.n2991741),2.499998749999496
v(xr2.n2991763),2.499998749999496
v(xr2.n2991765),2.499998749999496
v(xr2.n2991807),62.4999987499995
v(xr2.n2991809),2.49999874999964
v(xr2.n2991811),2.49999874999964
v(xr2.n2991831),2.49999874999964
v(xr2.n2991837),2.49999874999964
v(xr2.n2991849),-57.5000012500005
v(xr2.n2991901),152.4999987499995
v(xr2.n2991905),2.49999874999964
v(xr2.n2991907),2.49999874999964
v(xr2.n2991925),2.49999874999964
v(xr2.n2991931),2.49999874999964
v(xr2.n2991943),-147.5000012500005
v(xr2.n2991969),2.500002026500624
v(xr2.n2991997),4.985064246376089
v(xr2.n2992001),0.02344124215511378
v(xr2.n2992029),0.02344124215511378
v(xr2.n2992033),4.985064246376089
v(xr2.n2992093),2.499998694889494
v(xr2.n2992099),2.499998694889497
v(xr2.n2992105),2.499998749999496
v(xr2.n2992151),2.4999992900539
v(xr2.n2992163),2.500002025582685
v(xr2.n2992235),2.500002025582685
v(xr2.n2992267),-52.49999791911555
v(xr2.n2992287),57.50000197066445
v(xr2.n2992295),-52.49999797422555
v(xr2.n2992299),-52.49999791911555
v(xr2.n2992323),57.50000197066445
v(xr2.n2992331),57.50000202577445
v(xr2.n2992375),2.499998749999496
v(xr2.n2992397),4.999997497498896
v(xr2.n2992413),2.502498844298773e-06
v(xr2.n3201092),2.500044280034484
v(xr2.n3294524),2.500002025774399
v(xr2.n3294618),2.500002025774441
v(xr2.n3294626),2.500044280031862
v(xr2.n3294630),2.500020430968538
v(xr2.n3294682),2.500044232338041
v(xr2.n3294772),2.499998750043994
v(xr2.n3294776),2.499998749999622
v(xr2.n3827259),2.500044271137402
v(xr2.n3828449),2.499998786387296
v(xr2.n3850714),2.501037249469892
v(xr2.n3850724),2.500001897469577
v(xr2.n4031911),2.500002026500624
v(xr2.n4243633),1.186000734139104
v(xr2.n4736080),2.500004847285946
v(xr2.n4745674),2.500044280034484
v(xr2.n47456861),2.500044280034484
v(xr2.n4747399),2.500044280034483
v(xr2.n4749239),2.500044280034484
v(xr2.n47492651),2.500044280034484
v(xr2.n4796554),2.500044280034484
v(xr2.n4796572),2.500044280034494
v(xr2.n47965841),2.500044280034494
v(xr2.n4797748),2.500044276689403
v(xr2.n4797760),2.500010825778376
v(xr2.n4798545),2.500044275685877
v(xr2.n4800105),2.500044275685877
v(xr2.n48001371),2.500044275685877
v(xr2.n4809008),2.499998750044028
v(xr2.n4817896),2.501037415115775
v(xr2.sw_ol_opa4388),2.499998749999496
v(xr2.v11),2.499998694889494
v(xr2.v12),2.499998694889497
v(xr2.vcc_b),4.999997499998895
v(xr2.vcc_clp),4.985064243891023
v(xr2.vclp),2.50000202577445
v(xr2.vee_b),2.499998848051272e-06
v(xr2.vee_clp),0.02344124463167128
v(xr2.vimon),2.4999992900539
v(xr2.vout_s),2.500002025582685
v(xr2.vsense),2.500002026500624
v(xr2.x_u10.gvo+_int1),0.0
v(xr2.x_u10.gvo-_int1),0.0
v(xr2.x_u11.gvo+_int1),0.0
v(xr2.x_u11.gvo-_int1),0.0
v(xr2.x_u12.gvo+_int1),0.0
v(xr2.x_u12.gvo-_int1),0.0
v(xr2.x_u16.gsw+_int1),0.0
v(xr2.x_u18.g1_int1),1.49332537406877e-05
v(xr2.x_u18.g1_int2),5.400544047517997e-07
v(xr2.x_u19.g1_int1),2.343874215571142e-05
v(xr2.x_u19.g1_int2),-5.400544047517997e-07
v(xr2.x_u22.g1_int1),0.0
v(xr2.x_u23.g1_int1),0.0
v(xr2.x_u26.g1_int1),5.400544048420053e-10
v(xr2.x_u27.g1_int1),0.0
v(xr2.x_u30.g1_int1),2.059561288875189e-14
v(xr2.x_u31.g1_int1),3.27682325718115e-12
v(xr2.x_u32.g1_int1),4.548475044430234e-05
v(xr2.x_u35.g1_int1),0.0
v(xr2.x_u38.3),0.0
v(xr2.x_u38.5),0.0
v(xr2.x_u39.3),0.0
v(xr2.x_u39.5),0.0
v(xr2.x_u4.e1_int1),-4.669999999999999e-06
v(xr2.x_u40.5),0.0
v(xr2.x_u6.g1_int1),2.889566738772942e-06
v(xr3.cl_clamp),2.500002025862891
v(xr3.clamp),2.500002026674338
v(xr3.claw_clamp),2.500002025862559
v(xr3.esdn),2.50000163941863
v(xr3.esdp),2.500000014517161
v(xr3.mid),2.499998749999496
v(xr3.n2991553),2.499998749999622
v(xr3.n2991555),2.499995344517161
v(xr3.n2991563),2.499995344576404
v(xr3.n2991573),2.500000014517161
v(xr3.n2991579),2.499995602981784
v(xr3.n2991581),2.500001897971614
v(xr3.n2991583),2.499995344576404
v(xr3.n2991587),2.500001639566234
v(xr3.n2991619),2.50000163941863
v(xr3.n2991623),5.099997499998895
v(xr3.n2991635),-0.09999750000115196
v(xr3.n2991643),2.500001639566379
v(xr3.n2991657),2.500001639566379
v(xr3.n2991667),2.499998750012541
v(xr3.n2991729),2.49999874999964
v(xr3.n2991741),2.49999874999964
v(xr3.n2991763),2.499998749999496
v(xr3.n2991765),2.499998749999496
v(xr3.n2991807),62.4999987499995
v(xr3.n2991809),2.49999874999964
v(xr3.n2991811),2.49999874999964
v(xr3.n2991831),2.49999874999964
v(xr3.n2991837),2.49999874999964
v(xr3.n2991849),-57.5000012500005
v(xr3.n2991901),152.4999987499995
v(xr3.n2991905),2.49999874999964
v(xr3.n2991907),2.49999874999964
v(xr3.n2991925),2.49999874999964
v(xr3.n2991931),2.49999874999964
v(xr3.n2991943),-147.5000012500005
v(xr3.n2991969),2.500002026733455
v(xr3.n2991997),4.985064246375884
v(xr3.n2992001),0.02344124215468428
v(xr3.n2992029),0.02344124215468428
v(xr3.n2992033),4.985064246375884
v(xr3.n2992093),2.499998694889495
v(xr3.n2992099),2.499998694889495
v(xr3.n2992105),2.499998749999496
v(xr3.n2992151),2.499999290083471
v(xr3.n2992163),2.500002025671129
v(xr3.n2992235),2.500002025671129
v(xr3.n2992267),-52.4999979190271
v(xr3.n2992287),57.5000019707529
v(xr3.n2992295),-52.4999979741371
v(xr3.n2992299),-52.4999979190271
v(xr3.n2992323),57.5000019707529
v(xr3.n2992331),57.5000020258629
v(xr3.n2992375),2.499998749999496
v(xr3.n2992397),4.999997497498896
v(xr3.n2992413),2.502498844298777e-06
v(xr3.n3201092),2.500044281547883
v(xr3.n3294524),2.500002026007178
v(xr3.n3294618),2.500002025862891
v(xr3.n3294626),2.500044281545261
v(xr3.n3294630),2.500020431689204
v(xr3.n3294682),2.500044233849621
v(xr3.n3294772),2.499998750043994
v(xr3.n3294776),2.499998749999622
v(xr3.n3827259),2.500044272650503
v(xr3.n3828449),2.499998786388505
v(xr3.n3850714),2.501037249469892
v(xr3.n3850724),2.500001897469577
v(xr3.n4031911),2.500002026733455
v(xr3.n4243633),1.186000734139104
v(xr3.n4736080),2.500004847719223
v(xr3.n4745674),2.500044281547882
v(xr3.n47456861),2.500044281547882
v(xr3.n4747399),2.500044281547881
v(xr3.n4749239),2.500044281547882
v(xr3.n47492651),2.500044281547882
v(xr3.n4796554),2.500044281547882
v(xr3.n4796572),2.500044281547892
v(xr3.n47965841),2.500044281547892
v(xr3.n4797748),2.50004427820269
v(xr3.n4797760),2.50001082617977
v(xr3.n4798545),2.500044277199129
v(xr3.n4800105),2.500044277199129
v(xr3.n48001371),2.500044277199129
v(xr3.n4809008),2.499998750044028
v(xr3.n4817896),2.501037415115775
v(xr3.sw_ol_opa4388),2.499998749999496
v(xr3.v11),2.499998694889495
v(xr3.v12),2.499998694889495
v(xr3.vcc_b),4.999997499998895
v(xr3.vcc_clp),4.985064243890818
v(xr3.vclp),2.500002025862898
v(xr3.vee_b),2.499998848051276e-06
v(xr3.vee_clp),0.02344124463124178
v(xr3.vimon),2.499999290083471
v(xr3.vout_s),2.500002025671129
v(xr3.vsense),2.500002026733455
v(xr3.x_u10.gvo+_int1),0.0
v(xr3.x_u10.gvo-_int1),0.0
v(xr3.x_u11.gvo+_int1),0.0
v(xr3.x_u11.gvo-_int1),0.0
v(xr3.x_u12.gvo+_int1),0.0
v(xr3.x_u12.gvo-_int1),0.0
v(xr3.x_u16.gsw+_int1),0.0
v(xr3.x_u18.g1_int1),1.493325374089252e-05
v(xr3.x_u18.g1_int2),5.40083975320016e-07
v(xr3.x_u19.g1_int1),2.343874215528192e-05
v(xr3.x_u19.g1_int2),-5.40083975320016e-07
v(xr3.x_u22.g1_int1),0.0
v(xr3.x_u23.g1_int1),0.0
v(xr3.x_u26.g1_int1),5.400839753720577e-10
v(xr3.x_u27.g1_int1),0.0
v(xr3.x_u30.g1_int1),1.477480247522034e-14
v(xr3.x_u31.g1_int1),3.276712234878687e-12
v(xr3.x_u32.g1_int1),4.548626247924403e-05
v(xr3.x_u35.g1_int1),1.443289932012704e-13
v(xr3.x_u38.3),0.0
v(xr3.x_u38.5),0.0
v(xr3.x_u39.3),0.0
v(xr3.x_u39.5),0.0
v(xr3.x_u4.e1_int1),-4.669999999999999e-06
v(xr3.x_u40.5),0.0
v(xr3.x_u6.g1_int1),2.889566738772942e-06
v(xt0.cl_clamp),2.502500734973131
v(xt0.clamp),2.502501289593056
v(xt0.claw_clamp),2.502500734973131
v(xt0.esdn),2.500001639323365
v(xt0.esdp),2.500000014668029
v(xt0.mid),2.499998749999496
v(xt0.n2991553),2.499998749999623
v(xt0.n2991555),2.499995344668029
v(xt0.n2991563),2.499995344478234
v(xt0.n2991573),2.500000014668029
v(xt0.n2991579),2.499995602981785
v(xt0.n2991581),2.500001897971615
v(xt0.n2991583),2.499995344478234
v(xt0.n2991587),2.500001639468064
v(xt0.n2991619),2.500001639323365
v(xt0.n2991623),5.099997499998896
v(xt0.n2991635),-0.09999750000115196
v(xt0.n2991643),2.500001639468208
v(xt0.n2991657),2.500001639468208
v(xt0.n2991667),2.499998759962239
v(xt0.n2991729),2.499998749999641
v(xt0.n2991741),2.499998749999641
v(xt0.n2991763),2.499998749999641
v(xt0.n2991765),2.499998749999641
v(xt0.n2991807),62.4999987499995
v(xt0.n2991809),2.499998749999641
v(xt0.n2991811),2.499998749999641
v(xt0.n2991831),2.499998749999641
v(xt0.n2991837),2.499998749999641
v(xt0.n2991849),-57.5000012500005
v(xt0.n2991901),152.4999987499995
v(xt0.n2991905),2.499998749999641
v(xt0.n2991907),2.499998749999641
v(xt0.n2991925),2.499998749999641
v(xt0.n2991931),2.499998749999641
v(xt0.n2991943),-147.5000012500005
v(xt0.n2991969),2.502501289652232
v(xt0.n2991997),4.985046914702096
v(xt0.n2992001),0.0234049839407672
v(xt0.n2992029),0.0234049839407672
v(xt0.n2992033),4.985046914702096
v(xt0.n2992093),2.499998694889495
v(xt0.n2992099),2.499998694889498
v(xt0.n2992105),2.499998749999496
v(xt0.n2992151),2.502498392756356
v(xt0.n2992163),2.502500434527172
v(xt0.n2992235),2.502500434527173
v(xt0.n2992267),-52.49749920991686
v(xt0.n2992287),57.50250067986314
v(xt0.n2992295),-52.49749926502686
v(xt0.n2992299),-52.49749920991686
v(xt0.n2992323),57.50250067986314
v(xt0.n2992331),57.50250073497314
v(xt0.n2992375),2.499998749999496
v(xt0.n2992397),4.999997497498897
v(xt0.n2992413),2.50249884429792e-06
v(xt0.n3201092),2.571335910224044
v(xt0.n3294524),2.502500734973367
v(xt0.n3294618),2.502500734973131
v(xt0.n3294626),2.571335906113664
v(xt0.n3294630),2.5339688262969
v(xt0.n3294682),2.571261027978835
v(xt0.n3294772),2.499998750044
v(xt0.n3294776),2.499998749999623
v(xt0.n3827259),2.571321970120985
v(xt0.n3828449),2.500055762965221
v(xt0.n3850714),2.501037249469893
v(xt0.n3850724),2.500001897469577
v(xt0.n4031911),2.502501289652232
v(xt0.n4243633),1.186000734139104
v(xt0.n4736080),2.504655760790655
v(xt0.n4745674),2.571335910224042
v(xt0.n47456861),2.571335910224042
v(xt0.n4747399),2.571335910224042
v(xt0.n4749239),2.571335910224042
v(xt0.n47492651),2.571335910224042
v(xt0.n4796554),2.571335910224042
v(xt0.n4796572),2.57133591022405
v(xt0.n47965841),2.57133591022405
v(xt0.n4797748),2.57133066908378
v(xt0.n4797760),2.518919266376739
v(xt0.n4798545),2.5713290967417
v(xt0.n4800105),2.5713290967417
v(xt0.n48001371),2.5713290967417
v(xt0.n4809008),2.499998750044142
v(xt0.n4817896),2.501037415115775
v(xt0.sw_ol_opa4388),2.499998749999496
v(xt0.v11),2.499998694889495
v(xt0.v12),2.499998694889498
v(xt0.vcc_b),4.999997499998896
v(xt0.vcc_clp),4.985046912217047
v(xt0.vclp),2.50250073497314
v(xt0.vee_b),2.499998848050419e-06
v(xt0.vee_clp),0.02340498641736095
v(xt0.vimon),2.502498392756356
v(xt0.vout_s),2.502500434527172
v(xt0.vsense),2.502501289652232
v(xt0.x_u10.gvo+_int1),0.0
v(xt0.x_u10.gvo-_int1),0.0
v(xt0.x_u11.gvo+_int1),0.0
v(xt0.x_u11.gvo-_int1),0.0
v(xt0.x_u12.gvo+_int1),0.0
v(xt0.x_u12.gvo-_int1),0.0
v(xt0.x_u16.gsw+_int1),0.0
v(xt0.x_u18.g1_int1),1.495058541468053e-05
v(xt0.x_u18.g1_int2),0.002499642756859544
v(xt0.x_u19.g1_int1),2.340248394136569e-05
v(xt0.x_u19.g1_int2),-0.002499642756859544
v(xt0.x_u22.g1_int1),0.0
v(xt0.x_u23.g1_int1),0.0
v(xt0.x_u26.g1_int1),2.499642756860314e-06
v(xt0.x_u27.g1_int1),0.0
v(xt0.x_u30.g1_int1),1.448434471321147e-14
v(xt0.x_u31.g1_int1),2.502541174287387e-09
v(xt0.x_u32.g1_int1),0.0712662071559862
v(xt0.x_u35.g1_int1),0.0
v(xt0.x_u38.3),0.0
v(xt0.x_u38.5),0.0
v(xt0.x_u39.3),0.0
v(xt0.x_u39.5),0.0
v(xt0.x_u4.e1_int1),-4.669999999999999e-06
v(xt0.x_u40.5),0.0
v(xt0.x_u6.g1_int1),2.889468567524034e-06
