frequencyHz,output,nativeReal,nativeImag,descriptorReal,descriptorImag,absoluteError,relativeComplexError,belowAbsoluteFloor
0.01,cmminus,4.025965855136704e-08,1.019401553449754e-09,4.416770186170322e-08,1.0195523666146377e-09,3.908043313246158e-09,0.09703984737017303,False
0.01,cmfb,-0.9999999597403415,1.019401553449754e-09,-0.9999999558322982,1.0195523666146377e-09,3.908043336299318e-09,3.908043493635815e-09,False
0.01,cmdrv,-1.010999958550048,-6.161241136460625e-08,-1.0109999594024581,-6.161226167461979e-08,8.524101556145464e-10,8.43135697885736e-10,False
0.01,vcm,-0.9999999597383347,1.364336503251684e-09,-0.9999999558300612,1.3644874878946151e-09,3.908273485538772e-09,3.9082736428923775e-09,False
0.01,exdrv,-0.9009000210021875,-5.360940154062028e-08,-0.9008999987156145,-5.36095534230463e-08,2.2286572920988852e-08,2.4738120103712042e-08,False
0.01,vexc,-0.9000000216972721,3.18488779975122e-09,-0.8999999946913737,3.184734162174794e-09,2.7005898406866222e-08,3.000655306200653e-08,False
0.1,cmminus,4.025965269494058e-08,1.019401533866064e-08,4.928269504572371e-08,1.019381451561036e-08,9.02304235301796e-09,0.2172645969728587,False
0.1,cmfb,-0.9999999597403473,1.019401533866064e-08,-0.999999950717305,1.019381451561036e-08,9.023042315551238e-09,9.023042678815801e-09,False
0.1,cmdrv,-1.010999958550299,-6.161241138460759e-07,-1.0109999543430153,-6.161243126411684e-07,4.20728363729226e-09,4.1615072302519384e-09,False
0.1,vcm,-0.9999999597385352,1.364336483674631e-08,-0.9999999507154943,1.3643165834540483e-08,9.023040872220964e-09,9.023041235501822e-09,False
0.1,exdrv,-0.9009000210025598,-5.36094015654354e-07,-0.9009000034820244,-5.360939834087702e-07,1.7520535466915817e-08,1.9447813362702687e-08,False
0.1,vexc,-0.9000000216975964,3.184887774980235e-08,-0.899999999452879,3.184889384959635e-08,2.224471740142647e-08,2.4716352072378917e-08,False
1,cmminus,4.025903911630824e-08,1.019401278264461e-07,4.7950895766315366e-08,1.0194784882225838e-07,7.691860525128833e-09,0.07017998259112804,False
1,cmfb,-0.9999999597409609,1.019401278264461e-07,-0.9999999520491042,1.0194784882225838e-07,7.691860582247697e-09,7.691860891914585e-09,False
1,cmdrv,-1.010999958575351,-6.161241164330761e-06,-1.0109999556943614,-6.16123354120439e-06,2.880999754467006e-09,2.849653681957873e-09,False
1,vcm,-0.9999999597586099,1.364336228821629e-07,-0.9999999520666992,1.3644136168093623e-07,7.691914556950384e-09,7.691914866483659e-09,False
1,exdrv,-0.9009000210399203,-5.360940201958216e-06,-0.9009000000997356,-5.360953526819917e-06,2.0940188936840103e-08,2.3243632420274374e-08,False
1,vexc,-0.9000000217301343,3.184887323222825e-07,-0.899999996069212,3.184752383713551e-07,2.566092582389827e-08,2.8512139115915614e-08,False
10,cmminus,4.019667299015595e-08,1.019401233597725e-06,3.553774452711412e-08,1.0197230037421697e-06,4.670026814655068e-09,0.004577589551393686,False
10,cmfb,-0.999999959803327,1.019401233597725e-06,-0.9999999644622555,1.0197230037421697e-06,4.670026816847862e-09,4.670027004564983e-09,False
10,cmdrv,-1.01099996108159,-6.161241172246524e-05,-1.0109999705890929,-6.161208813143517e-05,9.513007955561705e-09,9.409503762709486e-09,False
10,vcm,-0.9999999617671002,1.364336260647724e-06,-0.9999999664262309,1.364658199024854e-06,4.67024021271527e-09,4.6702403912677565e-09,False
10,exdrv,-0.9009000253911059,-5.360940216850774e-05,-0.9009000070212567,-5.360933975213941e-05,1.836995523500558e-08,2.039067009073116e-08,False
10,vexc,-0.9000000254962338,3.184887395593684e-06,-0.9000000025055194,3.1849480975233843e-06,2.2990794578252298e-08,2.5545326585331914e-08,False
100,cmminus,3.395974565445492e-08,1.019400985010861e-05,3.4902974912298315e-08,1.0192567614579188e-05,1.7232889354886508e-09,0.0001690482350427412,False
100,cmfb,-0.9999999660402543,1.019400985010861e-05,-0.999999965097025,1.0192567614579188e-05,1.7232889434918811e-09,1.7232890019247972e-09,False
100,cmdrv,-1.011000211705864,-0.0006161241537175384,-1.0110002156193216,-0.0006161256087480538,4.17519626595838e-09,4.129767177391559e-09,False
100,vcm,-1.000000162616435,1.3643436618459e-05,-1.0000001616731522,1.3641996071535908e-05,1.7219052966151995e-09,1.721905016444884e-09,False
100,exdrv,-0.9009004480123616,-0.0005360940945356566,-0.900900419382071,-0.0005360949178996877,2.864212749047346e-08,3.179277186791206e-08,False
100,vexc,-0.9000003917039401,3.184901668295292e-05,-0.9000003586295987,3.1848171314018266e-05,3.308514328431399e-08,3.676125429341073e-08,False
1000.0,cmminus,-5.907711272679084e-07,0.0001019380908486641,-5.908134970500562e-07,0.00010193817616804796,9.526067238355965e-11,9.344796620343169e-07,False
1000.0,cmfb,-1.000000590771127,0.0001019380908486641,-1.000000590813497,0.00010193817616804796,9.526081705881434e-11,9.526076028656282e-11,False
1000.0,cmdrv,-1.011025275781374,-0.006161277554150612,-1.0110252806571935,-0.006161277443779601,4.8770685672103355e-09,4.8237943446903885e-09,False
1000.0,vcm,-1.000020248694275,0.0001365088560916793,-1.0000202487365732,0.0001365089591359803,1.1138789310637726e-10,1.1138563665487783e-10,False
1000.0,exdrv,-0.9009427131189423,-0.00536101295490866,-0.9009426930138364,-0.005361012482689696,2.011065066268827e-08,2.232139107406126e-08,False
1000.0,vexc,-0.9000370145263132,0.0003186337463435911,-0.9000369897238729,0.00031863404098810433,2.480419040007625e-08,2.7559076399483862e-08,False
10000.0,cmminus,-6.425082563173146e-05,0.001019552567023026,-6.425082528034024e-05,0.0010195525717659017,4.7558749572521946e-12,4.6554336907983215e-09,False
10000.0,cmfb,-1.000064250825632,0.001019552567023026,-1.0000642508252804,0.0010195525717659017,4.7558991617934e-12,4.7555911396071285e-12,False
10000.0,cmdrv,-1.013539018413246,-0.06164650024165046,-1.0135390232609662,-0.06164649998910816,4.854293872316182e-09,4.780614794418235e-09,False
10000.0,vcm,-1.002031106509144,0.001441948243238722,-1.0020311065026755,0.0014419484260539267,1.8292960903721745e-10,1.825586236239831e-10,False
10000.0,exdrv,-0.9051870057222122,-0.05367800248803747,-0.9051869857625262,-0.05367799980675219,2.0138976055362422e-08,2.220939899338501e-08,False
10000.0,vexc,-0.9037068406388752,0.003334430632897447,-0.90370681589403,0.0033344315419043258,2.4761535819421742e-08,2.7399778506597964e-08,False
100000.0,cmminus,-0.007410800673670323,0.01264872472771779,-0.0074108010420367455,0.012648725252266046,6.409716792126897e-10,4.3723037256299937e-08,False
100000.0,cmfb,-1.00741080067367,0.01264872472771779,-1.0074108010420368,0.012648725252266046,6.409719493850566e-10,6.362066318019147e-10,False
100000.0,cmdrv,-1.33341892195602,-0.6250934187877046,-1.333418928573314,-0.6250934142152507,8.043377139541512e-09,5.461776271157055e-09,False
100000.0,vcm,-1.207620899764564,0.1147120631256614,-1.2076208990622033,0.11471206592234018,2.8835261275752365e-09,2.377074048460572e-09,False
100000.0,exdrv,-1.514810347830936,-0.5333254585535628,-1.5148103112574844,-0.5333254232743817,5.08157257482745e-08,3.1642091637405063e-08,False
100000.0,vexc,-1.305232564477945,0.2629336047304643,-1.3052325212298286,0.2629336105250676,4.3634584922660495e-08,3.277216452882146e-08,False
1000000.0,cmminus,0.05987174206356122,0.1232370981983669,0.059871662100615314,0.12323715264789387,9.674101356147039e-08,7.060822099571589e-07,False
1000000.0,cmfb,-0.9401282579364387,0.1232370981983669,-0.9401283378993847,0.12323715264789387,9.674101358441223e-08,1.0202906290125622e-07,False
1000000.0,cmdrv,-0.9571626555467937,0.4431221485350582,-0.957162727485918,0.44312223543898754,1.1281635759775142e-07,1.0695931950897568e-07,False
1000000.0,vcm,0.03774945326478338,0.1889478770381003,0.03774946553324921,0.1889478934543097,2.0494076842268595e-08,1.063622215980539e-07,False
1000000.0,exdrv,0.1432634467412766,0.1192183411080887,0.14326347845020815,0.1192183478116896,3.2409791796985595e-08,1.7389112256626503e-07,False
1000000.0,vexc,0.02714916954971863,-0.02047390398680114,0.02714917205740878,-0.02047390929693812,5.872483684540147e-09,1.727008261356326e-07,False
10000000.0,cmminus,0.5811065193991418,0.4140441968416446,0.5811074466787397,0.4140492694796795,5.156695073954026e-06,7.227073778507747e-06,False
10000000.0,cmfb,-0.4188934806008582,0.4140441968416446,-0.4188925533212603,0.4140492694796795,5.156695073954026e-06,8.755210288003506e-06,False
10000000.0,cmdrv,-0.3677692746935622,0.4529675983460085,-0.36776811425627026,0.4529729674287559,5.493056003436504e-06,9.414508169071779e-06,False
10000000.0,vcm,0.008374255290265241,0.007358886758166773,0.00837435726824261,0.007358867448196588,1.0379009016575404e-07,9.310068583199165e-06,False
10000000.0,exdrv,0.0001790051995611769,-0.0019174361818953,0.00017898025575098264,-0.0019174604759711823,3.481947429214715e-08,1.808077146014836e-05,False
10000000.0,vexc,-3.626329729264004e-05,-4.39735119826442e-06,-3.62637696132672e-05,-4.396890723330009e-06,6.596392499419206e-10,1.805799065660901e-05,False
100000000.0,cmminus,0.7515589832244703,-0.1260143540246084,0.7515595387023946,-0.12601387272549677,7.349860945185099e-07,9.644851281382935e-07,False
100000000.0,cmfb,-0.2484410167755297,-0.1260143540246084,-0.24844046129760544,-0.12601387272549677,7.349860945604634e-07,2.6384028595882613e-06,False
100000000.0,cmdrv,-0.2045357910680335,-0.1337521667144254,-0.204535200481388,-0.13375165956174784,7.784577215160446e-07,3.185360962571789e-06,False
100000000.0,vcm,-0.0002539014285461,0.0004042410457345964,-0.0002539004655707803,0.00040423993059502143,1.473383092728849e-09,3.0864956231378596e-06,False
100000000.0,exdrv,8.553609757671127e-07,-5.183215002370848e-08,8.558399978366054e-07,-5.181111529240515e-08,4.794836837495471e-10,0.0005595366032975538,False
100000000.0,vexc,-5.485181745250673e-11,-1.67759640175185e-09,-5.480995956956198e-11,-1.6785028178531759e-09,9.073820755929499e-13,0.0005405933362052138,False
300000000.0,cmminus,0.6244869890173551,-0.0768480176939789,0.624490448671809,-0.07684718301402095,3.558918314984883e-06,5.656280835365516e-06,False
300000000.0,cmfb,-0.3755130109826449,-0.0768480176939789,-0.37550955132819097,-0.07684718301402095,3.558918314984883e-06,9.285044843041698e-06,False
300000000.0,cmdrv,-0.3388597758255298,-0.08128984946601289,-0.33885611111847697,-0.08128897114441588,3.7684912910549596e-06,1.08142744788774e-05,False
300000000.0,vcm,-5.144740373972577e-05,0.0002196580902135829,-5.1446847443715735e-05,0.00021965577859251942,2.3776158629874133e-09,1.053895813998155e-05,False
300000000.0,exdrv,1.768168983830714e-07,5.834656858164627e-08,1.7696355660042846e-07,5.8113616281328266e-08,2.7527333133051424e-10,0.0014784150581113222,False
300000000.0,vexc,3.778368550916779e-11,-1.15119071517664e-10,3.763677559064253e-11,-1.1521168235322297e-10,1.7366430555536965e-13,0.00017366430555536963,True
