frequency,loop_real,loop_imag
1.0,3384919.68,-8570980.6
1.02329299,3252321.4,-8427056.98
1.04712855,3124169.59,-8283567.52
1.07151931,3000373.42,-8140638.69
1.0964782,2880839.13,-7998389.63
1.12201845,2765470.69,-7856932.19
1.14815362,2654170.09,-7716371.14
1.17489755,2546837.74,-7576804.26
1.20226443,2443372.98,-7438322.58
1.23026877,2343674.3,-7301010.51
1.25892541,2247639.79,-7164946.05
1.28824955,2155167.4,-7030200.99
1.31825674,2066155.21,-6896841.17
1.34896288,1980501.8,-6764926.62
1.38038426,1898106.31,-6634511.87
1.41253754,1818868.8,-6505646.19
1.44543977,1742690.37,-6378373.73
1.47910839,1669473.49,-6252733.78
1.51356125,1599121.87,-6128761.12
1.54881662,1531540.86,-6006486.08
1.58489319,1466637.49,-5885934.87
1.6218101,1404320.46,-5767129.78
1.65958691,1344500.46,-5650089.37
1.69824365,1287090.01,-5534828.73
1.73780083,1232003.67,-5421359.66
1.77827941,1179158.08,-5309690.84
1.81970086,1128471.87,-5199828.11
1.86208714,1079865.91,-5091774.55
1.90546072,1033263.1,-4985530.75
1.9498446,988588.564,-4881094.91
1.99526231,945769.529,-4778463.08
2.04173794,904735.368,-4677629.26
2.08929613,865417.638,-4578585.56
2.13796209,827749.939,-4481322.41
2.18776162,791668.055,-4385828.57
2.23872114,757109.774,-4292091.39
2.29086765,724014.976,-4200096.86
2.34422882,692325.533,-4109829.74
2.39883292,661985.296,-4021273.71
2.45470892,632940.071,-3934411.4
2.51188643,605137.53,-3849224.56
2.57039578,578527.223,-3765694.12
2.63026799,553060.533,-3683800.29
2.6915348,528690.574,-3603522.62
2.7542287,505372.209,-3524840.11
2.81838293,483061.966,-3447731.25
2.8840315,461718.014,-3372174.12
2.95120923,441300.101,-3298146.42
3.01995172,421769.512,-3225625.56
3.09029543,403089.027,-3154588.7
3.16227766,385222.866,-3085012.79
3.23593657,368136.657,-3016874.64
3.31131121,351797.38,-2950150.95
3.38844156,336173.305,-2884818.36
3.4673685,321233.999,-2820853.48
3.54813389,306950.225,-2758232.91
3.63078055,293293.938,-2696933.32
3.71535229,280238.228,-2636931.42
3.80189396,267757.28,-2578204.03
3.89045145,255826.336,-2520728.1
3.98107171,244421.664,-2464480.71
4.07380278,233520.501,-2409439.09
4.16869383,223101.035,-2355580.69
4.26579519,213142.366,-2302883.12
4.36515832,203624.462,-2251324.22
4.46683592,194528.129,-2200882.08
4.5708819,185834.989,-2151535.0
4.67735141,177527.437,-2103261.53
4.78630092,169588.607,-2056040.52
4.89778819,162002.359,-2009851.04
5.01187234,154753.236,-1964672.48
5.12861384,147826.44,-1920484.48
5.2480746,141207.804,-1877266.99
5.37031796,134883.779,-1835000.25
5.49540874,128841.388,-1793664.79
5.62341325,123068.216,-1753241.45
5.75439937,117552.386,-1713711.36
5.88843655,112282.533,-1675055.97
6.02559586,107247.787,-1637257.04
6.16595002,102437.745,-1600296.61
6.30957344,97842.4615,-1564157.04
6.45654229,93452.4221,-1528821.01
6.60693448,89258.5257,-1494271.49
6.76082975,85252.0722,-1460491.76
6.91830971,81424.7408,-1427465.39
7.07945784,77768.5722,-1395176.27
7.2443596,74275.9606,-1363608.59
7.41310241,70939.6323,-1332746.81
7.58577575,67752.6315,-1302575.71
7.76247117,64708.3121,-1273080.36
7.94328235,61800.3177,-1244246.09
8.12830516,59022.5735,-1216058.56
8.31763771,56369.2728,-1188503.67
8.51138038,53834.8646,-1161567.62
8.7096359,51414.0447,-1135236.89
8.91250938,49101.743,-1109498.2
9.12010839,46893.1125,-1084338.58
9.33254301,44783.5237,-1059745.3
9.54992586,42768.5492,-1035705.88
9.77237221,40843.9621,-1012208.11
10.0,39005.7185,-989240.043
10.2329299,37249.9582,-966789.953
10.4712855,35572.9899,-944846.376
10.7151931,33971.2882,-923398.081
10.964782,32441.4839,-902434.076
11.2201845,30980.3576,-881943.598
11.4815362,29584.8334,-861916.113
11.7489755,28251.9735,-842341.31
12.0226443,26978.9692,-823209.099
12.3026877,25763.1397,-804509.602
12.5892541,24601.9208,-786233.156
12.8824955,23492.865,-768370.304
13.1825674,22433.6333,-750911.794
13.4896288,21421.9912,-733848.572
13.8038426,20455.8046,-717171.782
14.1253754,19533.0337,-700872.76
14.4543977,18651.731,-684943.027
14.7910839,17810.0357,-669374.295
15.1356125,17006.1701,-654158.451
15.4881662,16238.4361,-639287.563
15.8489319,15505.212,-624753.872
16.218101,14804.9484,-610549.79
16.5958691,14136.1652,-596667.895
16.9824365,13497.4493,-583100.929
17.3780083,12887.4497,-569841.795
17.7827941,12304.8771,-556883.55
18.1970086,11748.4992,-544219.408
18.6208714,11217.1393,-531842.731
19.0546072,10709.6735,-519747.031
19.498446,10225.0283,-507925.96
19.9526231,9762.17837,-496373.315
20.4173794,9320.1439,-485083.029
20.8929613,8897.9899,-474049.171
21.3796209,8494.82271,-463265.942
21.8776162,8109.78886,-452727.672
22.3872114,7742.0734,-442428.819
22.9086765,7390.8977,-432363.963
23.4422882,7055.51845,-422527.808
23.9883292,6735.22534,-412915.174
24.5470892,6429.34006,-403520.998
25.1188643,6137.21503,-394340.332
25.7039578,5858.23135,-385368.336
26.3026799,5591.79826,-376600.282
26.915348,5337.35141,-368031.547
27.542287,5094.35165,-359657.61
28.1838293,4862.2843,-351474.055
28.840315,4640.65775,-343476.564
29.5120923,4429.00236,-335660.915
30.1995172,4226.86964,-328022.983
30.9029543,4033.83138,-320558.735
31.6227766,3849.47849,-313264.229
32.3593657,3673.42034,-306135.613
33.1131121,3505.28382,-299169.121
33.8844156,3344.71257,-292361.072
34.673685,3191.36623,-285707.868
35.4813389,3044.91992,-279205.993
36.3078055,2905.0632,-272852.009
37.1535229,2771.49963,-266642.559
38.0189396,2643.94602,-260574.358
38.9045145,2522.13207,-254644.198
39.8107171,2405.79957,-248848.942
40.7380278,2294.70185,-243185.525
41.6869383,2188.60348,-237650.952
42.6579519,2087.27946,-232242.293
43.6515832,1990.51501,-226956.689
44.6683592,1898.10496,-221791.34
45.708819,1809.85342,-216743.515
46.7735141,1725.5733,-211810.542
47.8630092,1645.08585,-206989.809
48.9778819,1568.22046,-202278.765
50.1187234,1494.81416,-197674.917
51.2861384,1424.71128,-193175.826
52.480746,1357.76315,-188779.11
53.7031796,1293.82786,-184482.443
54.9540874,1232.76984,-180283.548
56.2341325,1174.45962,-176180.203
57.5439937,1118.7735,-172170.234
58.8843655,1065.59345,-168251.517
60.2559586,1014.80668,-164421.977
61.6595002,966.305505,-160679.586
63.0957344,919.987066,-157022.362
64.5654229,875.753124,-153448.367
66.0693448,833.509912,-149955.708
67.6082975,793.167815,-146542.534
69.1830971,754.641287,-143207.038
70.7945784,717.84861,-139947.453
72.443596,682.711789,-136762.051
74.1310241,649.156287,-133649.145
75.8577575,617.110945,-130607.085
77.6247117,586.507812,-127634.26
79.4328235,557.281963,-124729.095
81.2830516,529.371422,-121890.049
83.1763771,502.717012,-119115.619
85.1138038,477.262184,-116404.334
87.096359,452.952963,-113754.757
89.1250938,429.737795,-111165.485
91.2010839,407.56743,-108635.145
93.3254301,386.394857,-106162.396
95.4992586,366.175169,-103745.928
97.7237221,346.865485,-101384.46
100.0,328.424843,-99076.7398
102.329299,310.814135,-96821.5452
104.712855,293.996013,-94617.6804
107.151931,277.934808,-92463.9776
109.64782,262.59645,-90359.295
112.201845,247.948406,-88302.5171
114.815362,233.959609,-86292.5538
117.489755,220.600393,-84328.3395
120.226443,207.842418,-82408.8333
123.026877,195.658628,-80533.0175
125.892541,184.023182,-78699.8979
128.824955,172.911396,-76908.5027
131.825674,162.299711,-75157.8823
134.896288,152.165607,-73447.1088
138.038426,142.487598,-71775.2752
141.253754,133.245154,-70141.4954
144.543977,124.418675,-68544.9031
147.910839,115.989434,-66984.6522
151.356125,107.939556,-65459.9153
154.881662,100.251964,-63969.8842
158.489319,92.9103551,-62513.7691
162.18101,85.8991573,-61090.798
165.958691,79.2034981,-59700.2164
169.824365,72.809176,-58341.2873
173.780083,66.702629,-57013.2902
177.827941,60.870902,-55715.521
181.970086,55.3016281,-54447.2917
186.208714,49.9829941,-53207.93
190.546072,44.903719,-51996.7789
194.98446,40.0530289,-50813.1962
199.526231,35.4206343,-49656.5544
204.173794,30.9967104,-48526.2404
208.929613,26.7718749,-47421.6548
213.796209,22.7371643,-46342.2121
218.776162,18.8840223,-45287.34
223.872114,15.204275,-44256.4793
229.086765,11.6901171,-43249.0833
234.422882,8.3340962,-42264.618
239.883292,5.12909327,-41302.5614
245.470892,2.06830926,-40362.4035
251.188643,-0.854746349,-39443.6459
257.039578,-3.64627477,-38545.8014
263.026799,-6.31219606,-37668.3939
269.15348,-8.85816544,-36810.9584
275.42287,-11.2895841,-35973.0403
281.838293,-13.6116076,-35154.1951
288.40315,-15.8291615,-34353.989
295.120923,-17.9469509,-33571.9974
301.995172,-19.969465,-32807.8059
309.029543,-21.9009962,-32061.0093
316.227766,-23.7456401,-31331.2117
323.593657,-25.5073094,-30618.0261
331.131121,-27.1897405,-29921.0743
338.844156,-28.7965022,-29239.9869
346.73685,-30.3310024,-28574.4028
354.813389,-31.7964952,-27923.969
363.078055,-33.19609,-27288.3407
371.535229,-34.5327542,-26667.1809
380.189396,-35.8093234,-26060.1603
389.045145,-37.0285046,-25466.9569
398.107171,-38.1928835,-24887.2564
407.380278,-39.3049297,-24320.7513
416.869383,-40.3670019,-23767.1413
426.579519,-41.381352,-23226.1328
436.515832,-42.3501316,-22697.439
446.683592,-43.2753944,-22180.7796
457.08819,-44.1591028,-21675.8806
467.735141,-45.003131,-21182.4744
478.630092,-45.8092685,-20700.2994
489.778819,-46.5792242,-20229.0998
501.187234,-47.3146308,-19768.6259
512.861384,-48.0170473,-19318.6335
524.80746,-48.6879627,-18878.884
537.031796,-49.3287993,-18449.1443
549.540874,-49.9409152,-18029.1865
562.341325,-50.5256076,-17618.7879
575.439937,-51.0841159,-17217.731
588.843655,-51.6176231,-16825.8031
602.559586,-52.1272596,-16442.7963
616.595002,-52.6141043,-16068.5077
630.957344,-53.079189,-15702.7387
645.654229,-53.5234981,-15345.2955
660.693448,-53.9479719,-14995.9885
676.082975,-54.353509,-14654.6324
691.830971,-54.7409674,-14321.0464
707.945784,-55.1111663,-13995.0535
724.43596,-55.4648884,-13676.4809
741.310241,-55.8028814,-13365.1596
758.577575,-56.1258591,-13060.9246
776.247117,-56.4345033,-12763.6147
794.328235,-56.7294655,-12473.072
812.830516,-57.0113674,-12189.1427
831.763771,-57.2808033,-11911.6761
851.138038,-57.5383405,-11640.5252
870.96359,-57.7845207,-11375.5461
891.250938,-58.0198613,-11116.5984
912.010839,-58.2448565,-10863.5447
933.254301,-58.4599781,-10616.2509
954.992586,-58.6656767,-10374.5858
977.237221,-58.8623827,-10138.4214
1000.0,-59.0505067,-9907.63234
1023.29299,-59.2304409,-9682.09632
1047.12855,-59.4025599,-9461.69374
1071.51931,-59.5672212,-9246.30773
1096.4782,-59.724766,-9035.82408
1122.01845,-59.8755199,-8830.13119
1148.15362,-60.0197942,-8629.11999
1174.89755,-60.1578853,-8432.6839
1202.26443,-60.2900765,-8240.71876
1230.26877,-60.416638,-8053.12278
1258.92541,-60.5378276,-7869.79648
1288.24955,-60.6538913,-7690.64267
1318.25674,-60.7650638,-7515.56634
1348.96288,-60.8715689,-7344.47467
1380.38426,-60.97362,-7177.27693
1412.53754,-61.0714208,-7013.88447
1445.43977,-61.1651654,-6854.21064
1479.10839,-61.255039,-6698.17079
1513.56125,-61.341218,-6545.68217
1548.81662,-61.4238707,-6396.66393
1584.89319,-61.5031575,-6251.03705
1621.8101,-61.5792315,-6108.72432
1659.58691,-61.6522383,-5969.65027
1698.24365,-61.722317,-5833.74116
1737.80083,-61.7896,-5700.92493
1778.27941,-61.8542136,-5571.13115
1819.70086,-61.9162783,-5444.291
1862.08714,-61.9759088,-5320.33723
1905.46072,-62.0332147,-5199.20411
1949.8446,-62.0883005,-5080.82741
1995.26231,-62.1412655,-4965.14438
2041.73794,-62.1922051,-4852.09366
2089.29613,-62.24121,-4741.61532
2137.96209,-62.2883667,-4633.65078
2187.76162,-62.333758,-4528.1428
2238.72114,-62.3774631,-4425.03542
2290.86765,-62.4195576,-4324.27399
2344.22882,-62.4601138,-4225.80509
2398.83292,-62.4992009,-4129.57649
2454.70892,-62.5368853,-4035.53718
2511.88643,-62.5732306,-3943.6373
2570.39578,-62.6082977,-3853.82813
2630.26799,-62.6421451,-3766.06204
2691.5348,-62.674829,-3680.2925
2754.2287,-62.7064035,-3596.47405
2818.38293,-62.7369205,-3514.56223
2884.0315,-62.76643,-3434.51363
2951.20923,-62.7949804,-3356.28579
3019.95172,-62.8226182,-3279.83724
3090.29543,-62.8493882,-3205.12746
3162.27766,-62.8753339,-3132.11682
3235.93657,-62.9004973,-3060.76662
3311.31121,-62.924919,-2991.03903
3388.44156,-62.9486384,-2922.89708
3467.3685,-62.9716936,-2856.30463
3548.13389,-62.9941217,-2791.22639
3630.78055,-63.0159586,-2727.62784
3715.35229,-63.0372392,-2665.47526
3801.89396,-63.0579975,-2604.7357
3890.45145,-63.0782664,-2545.37694
3981.07171,-63.0980782,-2487.36753
4073.80278,-63.117464,-2430.67669
4168.69383,-63.1364542,-2375.27436
4265.79519,-63.1550787,-2321.13117
4365.15832,-63.173366,-2268.21839
4466.83592,-63.1913445,-2216.50798
4570.8819,-63.2090413,-2165.97251
4677.35141,-63.2264831,-2116.58517
4786.30092,-63.2436958,-2068.31978
4897.78819,-63.2607045,-2021.15072
5011.87234,-63.2775336,-1975.05299
5128.61384,-63.2942067,-1930.00213
5248.0746,-63.3107468,-1885.97425
5370.31796,-63.3271759,-1842.94598
5495.40874,-63.3435152,-1800.8945
5623.41325,-63.3597854,-1759.7975
5754.39937,-63.376006,-1719.63317
5888.43655,-63.3921958,-1680.3802
6025.59586,-63.4083724,-1642.01776
6165.95002,-63.4245526,-1604.52549
6309.57344,-63.4407522,-1567.8835
6456.54229,-63.4569858,-1532.07232
6606.93448,-63.4732667,-1497.07296
6760.82975,-63.4896072,-1462.86682
6918.30971,-63.506018,-1429.43576
7079.45784,-63.5225085,-1396.762
7244.3596,-63.5390866,-1364.82822
7413.10241,-63.5557584,-1333.61743
7585.77575,-63.5725285,-1303.11307
7762.47117,-63.5893995,-1273.29893
7943.28235,-63.606372,-1244.15916
8128.30516,-63.6234445,-1215.67829
8317.63771,-63.6406133,-1187.84117
8511.38038,-63.6578721,-1160.633
8709.6359,-63.6752124,-1134.03933
8912.50938,-63.6926227,-1108.04602
9120.10839,-63.7100887,-1082.63923
9332.54301,-63.7275929,-1057.80546
9549.92586,-63.7451149,-1033.53151
9772.37221,-63.7626305,-1009.80444
10000.0,-63.7801123,-986.611647
10232.9299,-63.7975287,-963.940781
10471.2855,-63.8148445,-941.779778
10715.1931,-63.8320201,-920.116842
10964.782,-63.8490116,-898.940441
11220.1845,-63.8657705,-878.239303
11481.5362,-63.8822438,-858.002405
11748.9755,-63.8983734,-838.218974
12022.6443,-63.9140959,-818.878475
12302.6877,-63.9293431,-799.97061
12589.2541,-63.9440409,-781.485312
12882.4955,-63.9581098,-763.41274
13182.5674,-63.9714646,-745.743273
13489.6288,-63.9840141,-728.467504
13803.8426,-63.995661,-711.576239
14125.3754,-64.006302,-695.060491
14454.3977,-64.0158274,-678.911473
14791.0839,-64.0241213,-663.120598
15135.6125,-64.0310611,-647.679471
15488.1662,-64.036518,-632.579887
15848.9319,-64.0403563,-617.813825
16218.101,-64.0424341,-603.373448
16595.8691,-64.0426024,-589.251095
16982.4365,-64.040706,-575.439279
17378.0083,-64.0365826,-561.930684
17782.7941,-64.0300637,-548.71816
18197.0086,-64.0209738,-535.794721
18620.8714,-64.009131,-523.153541
19054.6072,-63.9943467,-510.787949
19498.446,-63.9764258,-498.691429
19952.6231,-63.9551667,-486.857615
20417.3794,-63.9303614,-475.280288
20892.9613,-63.9017953,-463.953373
21379.6209,-63.8692476,-452.870936
21877.6162,-63.832491,-442.027181
22387.2114,-63.7912919,-431.416448
22908.6765,-63.7454104,-421.03321
23442.2882,-63.6946003,-410.872069
23988.3292,-63.638609,-400.927756
24547.0892,-63.5771779,-391.195125
25118.8643,-63.5100417,-381.669153
25703.9578,-63.4369289,-372.344939
26302.6799,-63.3575615,-363.217696
26915.348,-63.2716552,-354.282755
27542.287,-63.178919,-345.53556
28183.8293,-63.0790552,-336.971666
28840.315,-62.9717597,-328.586736
29512.0923,-62.8567214,-320.376543
30199.5172,-62.7336222,-312.336963
30902.9543,-62.6021372,-304.463976
31622.7766,-62.4619344,-296.753665
32359.3657,-62.3126745,-289.202212
33113.1121,-62.1540111,-281.8059
33884.4156,-61.9855903,-274.561108
34673.685,-61.8070511,-267.464312
35481.3389,-61.618025,-260.512082
36307.8055,-61.4181359,-253.701085
37153.5229,-61.2070009,-247.028077
38018.9396,-60.9842293,-240.489909
38904.5145,-60.7494238,-234.083523
39810.7171,-60.5021801,-227.80595
40738.0278,-60.242087,-221.654314
41686.9383,-59.9687275,-215.625825
42657.9519,-59.6816785,-209.717785
43651.5832,-59.3805116,-203.927584
44668.3592,-59.0647936,-198.2527
45708.819,-58.7340876,-192.690698
46773.5141,-58.3879532,-187.239234
47863.0092,-58.0259482,-181.896051
48977.8819,-57.6476288,-176.658978
50118.7234,-57.252552,-171.525936
51286.1384,-56.8402758,-166.49493
52480.746,-56.4103617,-161.564056
53703.1796,-55.9623759,-156.731497
54954.0874,-55.4958916,-151.995526
56234.1325,-55.0104908,-147.354501
57543.9937,-54.5057667,-142.806873
58884.3655,-53.9813262,-138.351178
60255.9586,-53.4367931,-133.98604
61659.5002,-52.87181,-129.710173
63095.7344,-52.2860426,-125.522377
64565.4229,-51.6791821,-121.421539
66069.3448,-51.0509495,-117.406632
67608.2975,-50.4010988,-113.476716
69183.0971,-49.7294213,-109.630931
70794.5784,-49.0357498,-105.868503
72443.596,-48.3199623,-102.188736
74131.0241,-47.5819872,-98.5910139
75857.7575,-46.8218073,-95.0747941
77624.7117,-46.0394648,-91.6396079
79432.8235,-45.2350655,-88.285055
81283.0516,-44.4087837,-85.0108
83176.3771,-43.560867,-81.8165678
85113.8038,-42.6916404,-78.7021384
87096.359,-41.8015106,-75.6673416
89125.0938,-40.8909705,-72.7120502
91201.0839,-39.9606025,-69.8361737
93325.4301,-39.0110819,-67.0396507
95499.2586,-38.04318,-64.3224408
97723.7221,-37.057766,-61.6845165
100000.0,-36.0558093,-59.1258536
102329.299,-35.0383795,-56.6464226
104712.855,-34.0066475,-54.246178
107151.931,-32.9618837,-51.9250487
109647.82,-31.9054571,-49.6829272
112201.845,-30.8388317,-47.5196597
114815.362,-29.7635631,-45.435035
117489.755,-28.6812933,-43.4287744
120226.443,-27.5937444,-41.5005215
123026.877,-26.502711,-39.6498328
125892.541,-25.4100522,-37.8761681
128824.955,-24.3176814,-36.1788826
131825.674,-23.2275559,-34.5572193
134896.288,-22.1416651,-33.0103024
138038.426,-21.0620181,-31.5371322
141253.754,-19.9906302,-30.1365812
144543.977,-18.9295096,-28.8073916
147910.839,-17.8806425,-27.5481745
151356.125,-16.8459795,-26.3574103
154881.662,-15.8274207,-25.2334512
158489.319,-14.8268021,-24.174525
162181.01,-13.8458813,-23.1787411
165958.691,-12.8863253,-22.244097
169824.365,-11.9496977,-21.3684875
173780.083,-11.0374482,-20.5497143
177827.941,-10.1509026,-19.7854976
181970.086,-9.29125436,-19.0734879
186208.714,-8.45955796,-18.4112797
190546.072,-7.65672354,-17.7964243
194984.46,-6.88351341,-17.2264452
199526.231,-6.14054015,-16.698851
204173.794,-5.42826648,-16.2111509
208929.613,-4.74700677,-15.760868
213796.209,-4.09693008,-15.3455528
218776.162,-3.47806471,-14.9627965
223872.114,-2.89030409,-14.6102425
229086.765,-2.3334138,-14.285598
234422.882,-1.80703977,-13.9866432
239883.292,-1.31071713,-13.7112406
245470.892,-0.843879886,-13.4573423
251188.643,-0.405871046,-13.222996
257039.578,0.00404699979,-13.00635
263026.799,0.386681898,-12.805657
269153.48,0.742900811,-12.6192759
275422.87,1.07362006,-12.4456734
281838.293,1.37979508,-12.2834238
288403.15,1.66241078,-12.1312083
295120.923,1.92247245,-11.9878126
301995.172,2.16099724,-11.8521249
309029.543,2.37900632,-11.7231317
316227.766,2.57751768,-11.5999146
323593.657,2.75753974,-11.4816452
331131.121,2.92006565,-11.3675806
338844.156,3.0660683,-11.2570582
346736.85,3.19649609,-11.1494903
354813.389,3.31226939,-11.0443592
363078.055,3.4142776,-10.9412109
371535.229,3.50337696,-10.8396507
380189.396,3.58038878,-10.7393375
389045.145,3.64609831,-10.6399788
398107.171,3.70125404,-10.5413257
407380.278,3.74656747,-10.4431686
416869.383,3.78271319,-10.3453327
426579.519,3.81032934,-10.2476739
436515.832,3.83001835,-10.1500748
446683.592,3.84234789,-10.0524417
457088.19,3.847852,-9.95470104
467735.141,3.84703243,-9.85679646
478630.092,3.84036006,-9.75868647
489778.819,3.82827636,-9.66034189
501187.234,3.811195,-9.56174389
512861.384,3.7895034,-9.46288214
524807.46,3.76356434,-9.36375322
537031.796,3.73371749,-9.26435927
549540.874,3.70028103,-9.16470683
562341.325,3.66355306,-9.06480586
575439.937,3.62381311,-8.96466892
588843.655,3.58132344,-8.86431053
602559.586,3.53633039,-8.76374666
616595.002,3.48906558,-8.66299426
630957.344,3.43974704,-8.56207104
645654.229,3.38858026,-8.4609952
660693.448,3.33575917,-8.35978528
676082.975,3.28146699,-8.25846013
691830.971,3.22587707,-8.15703885
707945.784,3.16915358,-8.05554081
724435.96,3.11145217,-7.95398568
741310.241,3.05292054,-7.85239352
758577.575,2.99369894,-7.75078482
776247.117,2.93392063,-7.64918063
794328.235,2.87371221,-7.54760261
812830.516,2.81319405,-7.44607312
831763.771,2.75248047,-7.34461532
851138.038,2.69168006,-7.24325321
870963.59,2.63089587,-7.14201167
891250.938,2.57022555,-7.04091653
912010.839,2.50976154,-6.93999456
933254.301,2.4495912,-6.83927348
954992.586,2.38979689,-6.73878195
977237.221,2.33045611,-6.63854953
1000000.0,2.27164152,-6.53860663
1023292.99,2.21342112,-6.43898444
1047128.55,2.15585823,-6.33971487
1071519.31,2.09901164,-6.24083044
1096478.2,2.04293564,-6.14236417
1122018.45,1.98768013,-6.04434949
1148153.62,1.9332907,-5.94682011
1174897.55,1.87980871,-5.8498099
1202264.43,1.82727142,-5.75335276
1230268.77,1.77571205,-5.65748246
1258925.41,1.72515993,-5.56223257
1288249.55,1.67564058,-5.46763628
1318256.74,1.62717591,-5.3737263
1348962.88,1.57978425,-5.28053472
1380384.26,1.53348059,-5.18809292
1412537.54,1.48827665,-5.09643143
1445439.77,1.44418106,-5.00557985
1479108.39,1.40119952,-4.91556675
1513561.25,1.35933493,-4.82641958
1548816.62,1.31858759,-4.7381646
1584893.19,1.27895531,-4.65082679
1621810.1,1.24043359,-4.56442983
1659586.91,1.20301578,-4.47899602
1698243.65,1.16669325,-4.39454627
1737800.83,1.13145553,-4.31110002
1778279.41,1.09729043,-4.22867527
1819700.86,1.06418427,-4.14728854
1862087.14,1.03212193,-4.06695487
1905460.72,1.00108707,-3.98768782
1949844.6,0.971062212,-3.90949946
1995262.31,0.942028882,-3.83240045
2041737.94,0.913967752,-3.75639996
2089296.13,0.886858736,-3.68150579
2137962.09,0.860681114,-3.60772434
2187761.62,0.83541363,-3.53506068
2238721.14,0.811034597,-3.46351857
2290867.65,0.787521987,-3.39310051
2344228.82,0.764853517,-3.32380777
2398832.92,0.743006735,-3.25564046
2454708.92,0.721959088,-3.18859758
2511886.43,0.701687995,-3.12267702
2570395.78,0.682170911,-3.05787568
2630267.99,0.663385382,-2.99418947
2691534.8,0.645309099,-2.93161339
2754228.7,0.627919947,-2.87014157
2818382.93,0.611196044,-2.80976731
2884031.5,0.595115784,-2.75048317
2951209.23,0.579657867,-2.69228097
3019951.72,0.564801331,-2.63515186
3090295.43,0.550525575,-2.57908637
3162277.66,0.536810386,-2.52407449
3235936.57,0.523635955,-2.47010563
3311311.21,0.510982892,-2.41716874
3388441.56,0.498832243,-2.36525232
3467368.5,0.487165497,-2.31434448
3548133.89,0.475964594,-2.26443295
3630780.55,0.465211933,-2.21550513
3715352.29,0.454890374,-2.16754814
3801893.96,0.44498324,-2.12054884
3890451.45,0.435474318,-2.07449385
3981071.71,0.426347857,-2.02936961
4073802.78,0.417588565,-1.98516238
4168693.83,0.409181607,-1.94185828
4265795.19,0.401112595,-1.89944331
4365158.32,0.393367589,-1.85790341
4466835.92,0.385933085,-1.8172244
4570881.9,0.378796011,-1.77739209
4677351.41,0.371943714,-1.73839225
4786300.92,0.365363959,-1.70021062
4897788.19,0.359044911,-1.66283296
5011872.34,0.352975135,-1.62624506
5128613.84,0.347143578,-1.59043273
5248074.6,0.341539564,-1.55538181
5370317.96,0.336152785,-1.52107824
5495408.74,0.330973285,-1.48750799
5623413.25,0.325991458,-1.45465713
5754399.37,0.321198032,-1.42251181
5888436.55,0.316584061,-1.39105827
6025595.86,0.312140915,-1.36028286
6165950.02,0.307860272,-1.33017203
6309573.44,0.303734106,-1.30071233
6456542.29,0.29975468,-1.27189046
6606934.48,0.295914536,-1.24369321
6760829.75,0.292206485,-1.2161075
6918309.71,0.288623601,-1.18912038
7079457.84,0.285159212,-1.16271903
7244359.6,0.281806891,-1.13689073
7413102.41,0.278560453,-1.11162294
7585775.75,0.27541394,-1.08690319
7762471.17,0.272361623,-1.06271919
7943282.35,0.269397992,-1.03905874
8128305.16,0.266517747,-1.0159098
8317637.71,0.263715799,-0.993260425
8511380.38,0.260987261,-0.971098819
8709635.9,0.258327445,-0.949413298
8912509.38,0.255731855,-0.928192302
9120108.39,0.253196189,-0.90742439
9332543.01,0.250716331,-0.88709824
9549925.86,0.248288351,-0.867202645
9772372.21,0.2459085,-0.847726511
10000000.0,0.243573211,-0.828658857
10232929.9,0.241279096,-0.809988808
10471285.5,0.239022945,-0.791705601
10715193.1,0.236801729,-0.773798575
10964782.0,0.234612592,-0.756257175
11220184.5,0.232452859,-0.739070948
11481536.2,0.230320033,-0.722229544
11748975.5,0.228211795,-0.705722711
12022644.3,0.226126009,-0.689540301
12302687.7,0.224060719,-0.673672261
12589254.1,0.222014152,-0.658108643
12882495.5,0.219984725,-0.642839598
13182567.4,0.217971037,-0.627855377
13489628.8,0.215971881,-0.613146337
13803842.6,0.21398624,-0.59870294
14125375.4,0.212013293,-0.584515754
14454397.7,0.210052415,-0.57057546
14791083.9,0.208103181,-0.556872853
15135612.5,0.206165364,-0.543398845
15488166.2,0.204238945,-0.530144473
15848931.9,0.202324105,-0.517100901
16218101.0,0.200421234,-0.504259426
16595869.1,0.198530929,-0.491611486
16982436.5,0.196653992,-0.479148665
17378008.3,0.194791436,-0.466862698
17782794.1,0.192944481,-0.454745484
18197008.6,0.191114554,-0.442789086
18620871.4,0.189303286,-0.430985745
19054607.2,0.187512513,-0.419327884
19498446.0,0.185744271,-0.407808121
19952623.1,0.184000795,-0.396419272
20417379.4,0.182284511,-0.385154363
20892961.3,0.180598038,-0.374006636
21379620.9,0.178944175,-0.362969562
21877616.2,0.1773259,-0.352036843
22387211.4,0.175746361,-0.341202424
22908676.5,0.174208873,-0.330460502
23442288.2,0.172716903,-0.319805529
23988329.2,0.171274066,-0.309232224
24547089.2,0.169884117,-0.298735574
25118864.3,0.168550937,-0.288310849
25703957.8,0.167278527,-0.277953597
26302679.9,0.166070995,-0.267659659
26915348.0,0.164932548,-0.257425169
27542287.0,0.163867475,-0.247246556
28183829.3,0.162880143,-0.237120555
28840315.0,0.161974979,-0.227044202
29512092.3,0.161156463,-0.217014842
30199517.2,0.160429112,-0.207030127
30902954.3,0.15979747,-0.19708802
31622776.6,0.159266095,-0.187186796
32359365.7,0.158839548,-0.177325041
33113112.1,0.15852238,-0.16750165
33884415.6,0.158319119,-0.15771583
34673685.0,0.15823426,-0.147967096
35481338.9,0.158272251,-0.138255271
36307805.5,0.158437482,-0.128580485
37153522.9,0.158734272,-0.118943167
38018939.6,0.159166858,-0.10934405
38904514.5,0.159739386,-0.0997841627
39810717.1,0.160455891,-0.0902648269
40738027.8,0.161320295,-0.0807876552
41686938.3,0.162336387,-0.0713545457
42657951.9,0.163507818,-0.0619676777
43651583.2,0.164838082,-0.052629507
44668359.2,0.16633051,-0.0433427607
45708819.0,0.167988255,-0.0341104315
46773514.1,0.169814279,-0.0249357715
47863009.2,0.171811342,-0.0158222857
48977881.9,0.173981991,-0.00677372473
50118723.4,0.176328542,0.00220592278
51286138.4,0.178853074,0.0111124389
52480746.0,0.18155741,0.0199413855
53703179.6,0.184443108,0.0286881142
54954087.4,0.187511449,0.0373477776
56234132.5,0.190763418,0.0459153409
57543993.7,0.194199698,0.0543855946
58884365.5,0.197820654,0.0627531692
60255958.6,0.201626323,0.0710125494
61659500.2,0.205616398,0.0791580911
63095734.4,0.209790221,0.0871840387
64565422.9,0.214146771,0.0950845436
66069344.8,0.218684653,0.102853684
67608297.5,0.223402094,0.110485488
69183097.1,0.228296926,0.117973953
70794578.4,0.233366589,0.125313071
72443596.0,0.238608123,0.132496853
74131024.1,0.244018161,0.139519356
75857757.5,0.249592932,0.146374706
77624711.7,0.255328261,0.15305713
79432823.5,0.261219568,0.159560981
81283051.6,0.267261877,0.165880765
83176377.1,0.273449817,0.172011173
85113803.8,0.279777638,0.177947107
87096359.0,0.286239218,0.183683711
89125093.8,0.292828078,0.189216395
91201083.9,0.299537399,0.194540865
93325430.1,0.306360041,0.199653149
95499258.6,0.313288563,0.20454962
97723722.1,0.320315249,0.209227021
100000000.0,0.327432129,0.213682487
