time,v(inp),v(out)
0.0,2.5,2.50000163
5e-10,2.5,2.50000163
1e-09,2.5,2.50000163
2e-09,2.5,2.50000163
4e-09,2.5,2.50000163
8e-09,2.5,2.50000163
1.6e-08,2.5,2.50000163
3.2e-08,2.5,2.50000162
6.4e-08,2.5,2.50000162
1.14e-07,2.5,2.50000163
1.64e-07,2.5,2.50000163
2.14e-07,2.5,2.50000163
2.64e-07,2.5,2.50000163
3.14e-07,2.5,2.50000163
3.64e-07,2.5,2.50000163
4.14e-07,2.5,2.50000163
4.64e-07,2.5,2.50000163
4.7025e-07,2.5,2.50000163
4.8275e-07,2.5,2.50000163
5.0775e-07,2.5,2.50000162
5.5775e-07,2.5,2.50000163
6.0775e-07,2.5,2.50000163
6.5775e-07,2.5,2.50000163
6.64e-07,2.5,2.50000163
6.765e-07,2.5,2.50000163
7.015e-07,2.5,2.50000162
7.515e-07,2.5,2.50000163
8.015e-07,2.5,2.50000163
8.515e-07,2.5,2.50000163
9.015e-07,2.5,2.50000163
9.515e-07,2.5,2.50000163
1.0015e-06,2.5,2.50000163
1.0515e-06,2.5,2.50000163
1.1015e-06,2.5,2.50000163
1.1515e-06,2.5,2.50000163
1.2015e-06,2.5,2.50000163
1.2515e-06,2.5,2.50000163
1.3015e-06,2.5,2.50000163
1.3515e-06,2.5,2.50000163
1.4015e-06,2.5,2.50000163
1.4515e-06,2.5,2.50000163
1.5015e-06,2.5,2.50000163
1.50775e-06,2.5,2.50000163
1.52025e-06,2.5,2.50000163
1.54525e-06,2.5,2.50000162
1.54603125e-06,2.5,2.50000162
1.54759375e-06,2.5,2.50000163
1.55071875e-06,2.5,2.50000163
1.55696875e-06,2.5,2.50000162
1.56946875e-06,2.5,2.50000162
1.59446875e-06,2.5,2.50000162
1.64446875e-06,2.5,2.50000163
1.69446875e-06,2.5,2.50000163
1.74446875e-06,2.5,2.50000163
1.79446875e-06,2.5,2.50000163
1.84446875e-06,2.5,2.50000163
1.89446875e-06,2.5,2.50000163
1.94446875e-06,2.5,2.50000163
1.99446875e-06,2.5,2.50000163
2.00071875e-06,2.5,2.50000163
2.01321875e-06,2.5,2.50000163
2.03821875e-06,2.5,2.50000162
2.08821875e-06,2.5,2.50000163
2.13821875e-06,2.5,2.50000163
2.18821875e-06,2.5,2.50000163
2.23821875e-06,2.5,2.50000163
2.28821875e-06,2.5,2.50000163
2.33821875e-06,2.5,2.50000163
2.38821875e-06,2.5,2.50000163
2.43821875e-06,2.5,2.50000163
2.48821875e-06,2.5,2.50000163
2.53821875e-06,2.5,2.50000163
2.58821875e-06,2.5,2.50000163
2.63821875e-06,2.5,2.50000163
2.68821875e-06,2.5,2.50000163
2.73821875e-06,2.5,2.50000163
2.78821875e-06,2.5,2.50000163
2.83821875e-06,2.5,2.50000163
2.88821875e-06,2.5,2.50000163
2.93821875e-06,2.5,2.50000163
2.94446875e-06,2.5,2.50000163
2.95696875e-06,2.5,2.50000163
2.98196875e-06,2.5,2.50000162
3.03196875e-06,2.5,2.50000163
3.08196875e-06,2.5,2.50000163
3.13196875e-06,2.5,2.50000163
3.18196875e-06,2.5,2.50000163
3.23196875e-06,2.5,2.50000163
3.28196875e-06,2.5,2.50000163
3.33196875e-06,2.5,2.50000163
3.38196875e-06,2.5,2.50000163
3.43196875e-06,2.5,2.50000163
3.48196875e-06,2.5,2.50000163
3.53196875e-06,2.5,2.50000163
3.58196875e-06,2.5,2.50000163
3.63196875e-06,2.5,2.50000163
3.68196875e-06,2.5,2.50000163
3.68821875e-06,2.5,2.50000163
3.70071875e-06,2.5,2.50000163
3.72571875e-06,2.5,2.50000162
3.77571875e-06,2.5,2.50000163
3.82571875e-06,2.5,2.50000163
3.87571875e-06,2.5,2.50000163
3.92571875e-06,2.5,2.50000163
3.97571875e-06,2.5,2.50000163
4.02571875e-06,2.5,2.50000163
4.07571875e-06,2.5,2.50000163
4.08196875e-06,2.5,2.50000163
4.09446875e-06,2.5,2.50000163
4.11946875e-06,2.5,2.50000162
4.16946875e-06,2.5,2.50000163
4.21946875e-06,2.5,2.50000163
4.22571875e-06,2.5,2.50000163
4.23821875e-06,2.5,2.50000163
4.26321875e-06,2.5,2.50000162
4.31321875e-06,2.5,2.50000163
4.36321875e-06,2.5,2.50000163
4.36946875e-06,2.5,2.50000163
4.37103125e-06,2.5,2.50000163
4.37415625e-06,2.5,2.50000163
4.38040625e-06,2.5,2.50000162
4.39290625e-06,2.5,2.50000162
4.39603125e-06,2.5,2.50000162
4.40228125e-06,2.5,2.50000162
4.41478125e-06,2.5,2.50000162
4.43978125e-06,2.5,2.50000162
4.48978125e-06,2.5,2.50000163
4.53978125e-06,2.5,2.50000163
4.54603125e-06,2.5,2.50000163
4.55853125e-06,2.5,2.50000163
4.58353125e-06,2.5,2.50000162
4.63353125e-06,2.5,2.50000163
4.63978125e-06,2.5,2.50000163
4.65228125e-06,2.5,2.50000163
4.67728125e-06,2.5,2.50000162
4.72728125e-06,2.5,2.50000163
4.73353125e-06,2.5,2.50000163
4.74603125e-06,2.5,2.50000163
4.77103125e-06,2.5,2.50000162
4.82103125e-06,2.5,2.50000163
4.87103125e-06,2.5,2.50000163
4.92103125e-06,2.5,2.50000163
4.97103125e-06,2.5,2.50000163
4.97728125e-06,2.5,2.50000163
4.98978125e-06,2.5,2.50000163
4.99290625e-06,2.5,2.50000162
4.99915625e-06,2.5,2.50000162
5.01165625e-06,2.5,2.50000162
5.03665625e-06,2.5,2.50000162
5.08665625e-06,2.5,2.50000163
5.13665625e-06,2.5,2.50000163
5.18665625e-06,2.5,2.50000163
5.23665625e-06,2.5,2.50000163
5.28665625e-06,2.5,2.50000163
5.29290625e-06,2.5,2.50000163
5.30540625e-06,2.5,2.50000163
5.33040625e-06,2.5,2.50000162
5.38040625e-06,2.5,2.50000163
5.43040625e-06,2.5,2.50000163
5.48040625e-06,2.5,2.50000163
5.53040625e-06,2.5,2.50000163
5.58040625e-06,2.5,2.50000163
5.63040625e-06,2.5,2.50000163
5.68040625e-06,2.5,2.50000163
5.73040625e-06,2.5,2.50000163
5.78040625e-06,2.5,2.50000163
5.83040625e-06,2.5,2.50000163
5.88040625e-06,2.5,2.50000163
5.93040625e-06,2.5,2.50000163
5.98040625e-06,2.5,2.50000163
6.03040625e-06,2.5,2.50000163
6.08040625e-06,2.5,2.50000163
6.13040625e-06,2.5,2.50000163
6.18040625e-06,2.5,2.50000163
6.23040625e-06,2.5,2.50000163
6.28040625e-06,2.5,2.50000163
6.33040625e-06,2.5,2.50000163
6.38040625e-06,2.5,2.50000163
6.43040625e-06,2.5,2.50000163
6.48040625e-06,2.5,2.50000163
6.53040625e-06,2.5,2.50000163
6.53665625e-06,2.5,2.50000163
6.54915625e-06,2.5,2.50000163
6.57415625e-06,2.5,2.50000162
6.62415625e-06,2.5,2.50000163
6.67415625e-06,2.5,2.50000163
6.72415625e-06,2.5,2.50000163
6.77415625e-06,2.5,2.50000163
6.82415625e-06,2.5,2.50000163
6.83040625e-06,2.5,2.50000163
6.84290625e-06,2.5,2.50000163
6.84603125e-06,2.5,2.50000162
6.8468125e-06,2.5,2.50000162
6.848375e-06,2.5,2.50000162
6.8515e-06,2.5,2.50000163
6.85775e-06,2.5,2.50000162
6.87025e-06,2.5,2.50000162
6.89525e-06,2.5,2.50000162
6.94525e-06,2.5,2.50000163
6.99525e-06,2.5,2.50000163
7.04525e-06,2.5,2.50000163
7.09525e-06,2.5,2.50000163
7.14525e-06,2.5,2.50000163
7.19525e-06,2.5,2.50000163
7.24525e-06,2.5,2.50000163
7.2515e-06,2.5,2.50000163
7.264e-06,2.5,2.50000163
7.289e-06,2.5,2.50000162
7.339e-06,2.5,2.50000163
7.389e-06,2.5,2.50000163
7.439e-06,2.5,2.50000163
7.44525e-06,2.5,2.50000163
7.45775e-06,2.5,2.50000163
7.48275e-06,2.5,2.50000162
7.53275e-06,2.5,2.50000163
7.58275e-06,2.5,2.50000163
7.63275e-06,2.5,2.50000163
7.68275e-06,2.5,2.50000163
7.73275e-06,2.5,2.50000163
7.78275e-06,2.5,2.50000163
7.83275e-06,2.5,2.50000163
7.88275e-06,2.5,2.50000163
7.93275e-06,2.5,2.50000163
7.98275e-06,2.5,2.50000163
8.03275e-06,2.5,2.50000163
8.08275e-06,2.5,2.50000163
8.13275e-06,2.5,2.50000163
8.18275e-06,2.5,2.50000163
8.23275e-06,2.5,2.50000163
8.28275e-06,2.5,2.50000163
8.33275e-06,2.5,2.50000163
8.38275e-06,2.5,2.50000163
8.43275e-06,2.5,2.50000163
8.48275e-06,2.5,2.50000163
8.53275e-06,2.5,2.50000163
8.58275e-06,2.5,2.50000163
8.63275e-06,2.5,2.50000163
8.68275e-06,2.5,2.50000163
8.73275e-06,2.5,2.50000163
8.78275e-06,2.5,2.50000163
8.83275e-06,2.5,2.50000163
8.88275e-06,2.5,2.50000163
8.93275e-06,2.5,2.50000163
8.98275e-06,2.5,2.50000163
9.03275e-06,2.5,2.50000163
9.08275e-06,2.5,2.50000163
9.13275e-06,2.5,2.50000163
9.18275e-06,2.5,2.50000163
9.23275e-06,2.5,2.50000163
9.28275e-06,2.5,2.50000163
9.33275e-06,2.5,2.50000163
9.38275e-06,2.5,2.50000163
9.43275e-06,2.5,2.50000163
9.48275e-06,2.5,2.50000163
9.53275e-06,2.5,2.50000163
9.58275e-06,2.5,2.50000163
9.63275e-06,2.5,2.50000163
9.68275e-06,2.5,2.50000163
9.73275e-06,2.5,2.50000163
9.78275e-06,2.5,2.50000163
9.83275e-06,2.5,2.50000163
9.88275e-06,2.5,2.50000163
9.93275e-06,2.5,2.50000163
9.98275e-06,2.5,2.50000163
1.003275e-05,2.5,2.50000163
1.008275e-05,2.5,2.50000163
1.013275e-05,2.5,2.50000163
1.018275e-05,2.5,2.50000163
1.023275e-05,2.5,2.50000163
1.028275e-05,2.5,2.50000163
1.033275e-05,2.5,2.50000163
1.038275e-05,2.5,2.50000163
1.043275e-05,2.5,2.50000163
1.048275e-05,2.5,2.50000163
1.053275e-05,2.5,2.50000163
1.058275e-05,2.5,2.50000163
1.063275e-05,2.5,2.50000163
1.068275e-05,2.5,2.50000163
1.073275e-05,2.5,2.50000163
1.078275e-05,2.5,2.50000163
1.083275e-05,2.5,2.50000163
1.088275e-05,2.5,2.50000163
1.093275e-05,2.5,2.50000163
1.098275e-05,2.5,2.50000163
1.103275e-05,2.5,2.50000163
1.108275e-05,2.5,2.50000163
1.113275e-05,2.5,2.50000163
1.118275e-05,2.5,2.50000163
1.123275e-05,2.5,2.50000163
1.128275e-05,2.5,2.50000163
1.133275e-05,2.5,2.50000163
1.138275e-05,2.5,2.50000163
1.143275e-05,2.5,2.50000163
1.148275e-05,2.5,2.50000163
1.153275e-05,2.5,2.50000163
1.158275e-05,2.5,2.50000163
1.163275e-05,2.5,2.50000163
1.168275e-05,2.5,2.50000163
1.173275e-05,2.5,2.50000163
1.178275e-05,2.5,2.50000163
1.183275e-05,2.5,2.50000163
1.188275e-05,2.5,2.50000163
1.193275e-05,2.5,2.50000163
1.198275e-05,2.5,2.50000163
1.203275e-05,2.5,2.50000163
1.208275e-05,2.5,2.50000163
1.213275e-05,2.5,2.50000163
1.218275e-05,2.5,2.50000163
1.223275e-05,2.5,2.50000163
1.228275e-05,2.5,2.50000163
1.233275e-05,2.5,2.50000163
1.238275e-05,2.5,2.50000163
1.243275e-05,2.5,2.50000163
1.248275e-05,2.5,2.50000163
1.253275e-05,2.5,2.50000163
1.258275e-05,2.5,2.50000163
1.263275e-05,2.5,2.50000163
1.268275e-05,2.5,2.50000163
1.273275e-05,2.5,2.50000163
1.278275e-05,2.5,2.50000163
1.283275e-05,2.5,2.50000163
1.288275e-05,2.5,2.50000163
1.293275e-05,2.5,2.50000163
1.298275e-05,2.5,2.50000163
1.303275e-05,2.5,2.50000163
1.308275e-05,2.5,2.50000163
1.313275e-05,2.5,2.50000163
1.318275e-05,2.5,2.50000163
1.323275e-05,2.5,2.50000163
1.328275e-05,2.5,2.50000163
1.3289e-05,2.5,2.50000163
1.33015e-05,2.5,2.50000163
1.33265e-05,2.5,2.50000162
1.33765e-05,2.5,2.50000163
1.34265e-05,2.5,2.50000163
1.34765e-05,2.5,2.50000163
1.35265e-05,2.5,2.50000163
1.353275e-05,2.5,2.50000163
1.35343125e-05,2.5,2.50000163
1.35374375e-05,2.5,2.50000163
1.35436875e-05,2.5,2.50000162
1.35561875e-05,2.5,2.50000162
1.35593125e-05,2.5,2.50000162
1.35655625e-05,2.5,2.50000162
1.35780625e-05,2.5,2.50000162
1.35811875e-05,2.5,2.50000162
1.35874375e-05,2.5,2.50000162
1.35999375e-05,2.5,2.50000162
1.36030625e-05,2.5,2.50000162
1.36093125e-05,2.5,2.50000162
1.36218125e-05,2.5,2.50000162
1.36468125e-05,2.5,2.50000162
1.36968125e-05,2.5,2.50000163
1.37468125e-05,2.5,2.50000163
1.37530625e-05,2.5,2.50000163
1.37655625e-05,2.5,2.50000163
1.37905625e-05,2.5,2.50000162
1.38405625e-05,2.5,2.50000163
1.38468125e-05,2.5,2.50000163
1.38593125e-05,2.5,2.50000163
1.38624375e-05,2.5,2.50000162
1.38686875e-05,2.5,2.50000162
1.387025e-05,2.5,2.50000162
1.3873375e-05,2.5,2.50000162
1.3879625e-05,2.5,2.50000162
1.3892125e-05,2.5,2.50000162
1.3917125e-05,2.5,2.50000162
1.3967125e-05,2.5,2.50000163
1.4017125e-05,2.5,2.50000163
1.4067125e-05,2.5,2.50000163
1.4117125e-05,2.5,2.50000163
1.4167125e-05,2.5,2.50000163
1.4217125e-05,2.5,2.50000163
1.4267125e-05,2.5,2.50000163
1.4317125e-05,2.5,2.50000163
1.4367125e-05,2.5,2.50000163
1.4373375e-05,2.5,2.50000163
1.4385875e-05,2.5,2.50000163
1.4410875e-05,2.5,2.50000162
1.4460875e-05,2.5,2.50000163
1.4510875e-05,2.5,2.50000163
1.4560875e-05,2.5,2.50000163
1.4610875e-05,2.5,2.50000163
1.4660875e-05,2.5,2.50000163
1.4710875e-05,2.5,2.50000163
1.4760875e-05,2.5,2.50000163
1.4810875e-05,2.5,2.50000163
1.4860875e-05,2.5,2.50000163
1.4910875e-05,2.5,2.50000163
1.4960875e-05,2.5,2.50000163
1.5010875e-05,2.5,2.50000163
1.5060875e-05,2.5,2.50000163
1.5110875e-05,2.5,2.50000163
1.5160875e-05,2.5,2.50000163
1.5210875e-05,2.5,2.50000163
1.5260875e-05,2.5,2.50000163
1.5310875e-05,2.5,2.50000163
1.5360875e-05,2.5,2.50000163
1.5410875e-05,2.5,2.50000163
1.5460875e-05,2.5,2.50000163
1.5510875e-05,2.5,2.50000163
1.5560875e-05,2.5,2.50000163
1.5610875e-05,2.5,2.50000163
1.5660875e-05,2.5,2.50000163
1.5710875e-05,2.5,2.50000163
1.5760875e-05,2.5,2.50000163
1.5810875e-05,2.5,2.50000163
1.5860875e-05,2.5,2.50000163
1.5910875e-05,2.5,2.50000163
1.5960875e-05,2.5,2.50000163
1.6010875e-05,2.5,2.50000163
1.6060875e-05,2.5,2.50000163
1.6067125e-05,2.5,2.50000163
1.6079625e-05,2.5,2.50000163
1.6104625e-05,2.5,2.50000162
1.6154625e-05,2.5,2.50000163
1.6160875e-05,2.5,2.50000163
1.6173375e-05,2.5,2.50000163
1.6198375e-05,2.5,2.50000162
1.61991562e-05,2.5,2.50000162
1.62007187e-05,2.5,2.50000163
1.62038437e-05,2.5,2.50000163
1.62100937e-05,2.5,2.50000162
1.62116562e-05,2.5,2.50000163
1.62120469e-05,2.5,2.50000162
1.62128281e-05,2.5,2.50000162
1.62143906e-05,2.5,2.50000162
1.62175156e-05,2.5,2.50000163
1.62237656e-05,2.5,2.50000162
1.62362656e-05,2.5,2.50000162
1.62612656e-05,2.5,2.50000162
1.63112656e-05,2.5,2.50000163
1.63612656e-05,2.5,2.50000163
1.63675156e-05,2.5,2.50000163
1.63800156e-05,2.5,2.50000163
1.63831406e-05,2.5,2.50000162
1.63893906e-05,2.5,2.50000162
1.64018906e-05,2.5,2.50000162
1.64268906e-05,2.5,2.50000162
1.64768906e-05,2.5,2.50000163
1.65268906e-05,2.5,2.50000163
1.65768906e-05,2.5,2.50000163
1.65831406e-05,2.5,2.50000163
1.65956406e-05,2.5,2.50000163
1.66206406e-05,2.5,2.50000162
1.66706406e-05,2.5,2.50000163
1.67206406e-05,2.5,2.50000163
1.67706406e-05,2.5,2.50000163
1.68206406e-05,2.5,2.50000163
1.68706406e-05,2.5,2.50000163
1.69206406e-05,2.5,2.50000163
1.69706406e-05,2.5,2.50000163
1.70206406e-05,2.5,2.50000163
1.70706406e-05,2.5,2.50000163
1.70768906e-05,2.5,2.50000163
1.70893906e-05,2.5,2.50000163
1.71143906e-05,2.5,2.50000162
1.71643906e-05,2.5,2.50000163
1.72143906e-05,2.5,2.50000163
1.72206406e-05,2.5,2.50000163
1.72331406e-05,2.5,2.50000163
1.72581406e-05,2.5,2.50000162
1.73081406e-05,2.5,2.50000163
1.73581406e-05,2.5,2.50000163
1.74081406e-05,2.5,2.50000163
1.74143906e-05,2.5,2.50000163
1.74159531e-05,2.5,2.50000163
1.74190781e-05,2.5,2.50000163
1.74253281e-05,2.5,2.50000162
1.74378281e-05,2.5,2.50000162
1.74628281e-05,2.5,2.50000162
1.74690781e-05,2.5,2.50000162
1.74815781e-05,2.5,2.50000162
1.74847031e-05,2.5,2.50000162
1.74909531e-05,2.5,2.50000162
1.75034531e-05,2.5,2.50000162
1.75284531e-05,2.5,2.50000162
1.75784531e-05,2.5,2.50000163
1.76284531e-05,2.5,2.50000163
1.76784531e-05,2.5,2.50000163
1.76792344e-05,2.5,2.50000163
1.76807969e-05,2.5,2.50000163
1.76839219e-05,2.5,2.50000163
1.76901719e-05,2.5,2.50000163
1.77026719e-05,2.5,2.50000162
1.77276719e-05,2.5,2.50000162
1.77776719e-05,2.5,2.50000163
1.78276719e-05,2.5,2.50000163
1.78776719e-05,2.5,2.50000163
1.79276719e-05,2.5,2.50000163
1.79776719e-05,2.5,2.50000163
1.79839219e-05,2.5,2.50000163
1.79964219e-05,2.5,2.50000163
1.80214219e-05,2.5,2.50000162
1.80714219e-05,2.5,2.50000163
1.81214219e-05,2.5,2.50000163
1.81714219e-05,2.5,2.50000163
1.82214219e-05,2.5,2.50000163
1.82714219e-05,2.5,2.50000163
1.82776719e-05,2.5,2.50000163
1.82901719e-05,2.5,2.50000163
1.83151719e-05,2.5,2.50000162
1.83651719e-05,2.5,2.50000163
1.84151719e-05,2.5,2.50000163
1.84214219e-05,2.5,2.50000163
1.84339219e-05,2.5,2.50000163
1.84589219e-05,2.5,2.50000162
1.85089219e-05,2.5,2.50000163
1.85589219e-05,2.5,2.50000163
1.86089219e-05,2.5,2.50000163
1.86151719e-05,2.5,2.50000163
1.86276719e-05,2.5,2.50000163
1.86526719e-05,2.5,2.50000162
1.87026719e-05,2.5,2.50000163
1.87526719e-05,2.5,2.50000163
1.88026719e-05,2.5,2.50000163
1.88089219e-05,2.5,2.50000163
1.88214219e-05,2.5,2.50000163
1.88464219e-05,2.5,2.50000162
1.88472031e-05,2.5,2.50000162
1.88487656e-05,2.5,2.50000163
1.88518906e-05,2.5,2.50000163
1.88526719e-05,2.5,2.50000163
1.88542344e-05,2.5,2.50000163
1.88573594e-05,2.5,2.50000163
1.88636094e-05,2.5,2.50000162
1.88761094e-05,2.5,2.50000162
1.89011094e-05,2.5,2.50000162
1.89511094e-05,2.5,2.50000163
1.90011094e-05,2.5,2.50000163
1.90511094e-05,2.5,2.50000163
1.91011094e-05,2.5,2.50000163
1.91511094e-05,2.5,2.50000163
1.92011094e-05,2.5,2.50000163
1.92511094e-05,2.5,2.50000163
1.93011094e-05,2.5,2.50000163
1.93511094e-05,2.5,2.50000163
1.94011094e-05,2.5,2.50000163
1.94511094e-05,2.5,2.50000163
1.95011094e-05,2.5,2.50000163
1.95511094e-05,2.5,2.50000163
1.96011094e-05,2.5,2.50000163
1.96511094e-05,2.5,2.50000163
1.97011094e-05,2.5,2.50000163
1.97511094e-05,2.5,2.50000163
1.98011094e-05,2.5,2.50000163
1.98511094e-05,2.5,2.50000163
1.99011094e-05,2.5,2.50000163
1.99511094e-05,2.5,2.50000163
2e-05,2.5,2.50000163
2.0000137e-05,2.50013702,2.50001208
2.00004111e-05,2.50041105,2.50003294
2.00007371e-05,2.50073708,2.50005861
2.00010623e-05,2.50106226,2.50008631
2.00017126e-05,2.50171261,2.50015095
2.0002621e-05,2.50262105,2.50026643
2.00036279e-05,2.50362788,2.50043397
2.00046568e-05,2.50465676,2.50065204
2.00059699e-05,2.50596989,2.50100188
2.00077258e-05,2.50772581,2.50159355
2.00088629e-05,2.5088629,2.50204933
2.001e-05,2.51,2.50255795
2.00100936e-05,2.51,2.50259508
2.00102809e-05,2.51,2.50267016
2.00106554e-05,2.51,2.50282353
2.00114044e-05,2.51,2.50313624
2.00129025e-05,2.51,2.50375914
2.00158986e-05,2.51,2.50490207
2.00189803e-05,2.51,2.50586658
2.00236472e-05,2.51,2.50691815
2.00295234e-05,2.51,2.50774972
2.00359543e-05,2.51,2.50832602
2.00424686e-05,2.51,2.50874543
2.00512111e-05,2.51,2.50915766
2.00646871e-05,2.51,2.50954845
2.00786042e-05,2.51,2.50975155
2.00953597e-05,2.51,2.50986945
2.01128601e-05,2.51,2.50992572
2.01352328e-05,2.51,2.50995757
2.01627241e-05,2.51,2.50997519
2.01630741e-05,2.51,2.50997534
2.0163774e-05,2.51,2.50997563
2.0165174e-05,2.51,2.50997622
2.01679739e-05,2.51,2.50997734
2.01735737e-05,2.51,2.50997944
2.01847734e-05,2.51,2.50998319
2.02071726e-05,2.51,2.5099894
2.02330858e-05,2.51,2.50999502
2.02611702e-05,2.51,2.50999982
2.02908864e-05,2.51,2.51000384
2.03259421e-05,2.51,2.51000759
2.03311062e-05,2.51,2.51000806
2.03414345e-05,2.51,2.51000896
2.0362091e-05,2.51,2.51001059
2.04034041e-05,2.51,2.51001326
2.04534041e-05,2.51,2.51001563
2.05034041e-05,2.51,2.51001726
2.05534041e-05,2.51,2.51001832
2.06034041e-05,2.51,2.51001891
2.06534041e-05,2.51,2.51001914
2.07034041e-05,2.51,2.51001908
2.07534041e-05,2.51,2.51001879
2.08034041e-05,2.51,2.51001833
2.08096541e-05,2.51,2.51001827
2.08221541e-05,2.51,2.51001812
2.08471541e-05,2.51,2.51001782
2.08971541e-05,2.51,2.51001715
2.09471541e-05,2.51,2.51001642
2.09971541e-05,2.51,2.51001564
2.10471541e-05,2.51,2.51001484
2.10971541e-05,2.51,2.51001403
2.11471541e-05,2.51,2.51001323
2.11534041e-05,2.51,2.51001313
2.11659041e-05,2.51,2.51001293
2.11909041e-05,2.51,2.51001254
2.12409041e-05,2.51,2.51001177
2.12909041e-05,2.51,2.51001103
2.13409041e-05,2.51,2.51001032
2.13909041e-05,2.51,2.51000965
2.14409041e-05,2.51,2.51000901
2.14909041e-05,2.51,2.51000841
2.15409041e-05,2.51,2.51000785
2.15909041e-05,2.51,2.51000732
2.16409041e-05,2.51,2.51000683
2.16909041e-05,2.51,2.51000637
2.17409041e-05,2.51,2.51000594
2.17909041e-05,2.51,2.51000555
2.18409041e-05,2.51,2.51000519
2.18909041e-05,2.51,2.51000486
2.19409041e-05,2.51,2.51000455
2.19909041e-05,2.51,2.51000427
2.20409041e-05,2.51,2.51000401
2.20909041e-05,2.51,2.51000377
2.21409041e-05,2.51,2.51000355
2.21909041e-05,2.51,2.51000336
2.22409041e-05,2.51,2.51000318
2.22909041e-05,2.51,2.51000301
2.23409041e-05,2.51,2.51000286
2.23909041e-05,2.51,2.51000273
2.24409041e-05,2.51,2.5100026
2.24909041e-05,2.51,2.51000249
2.25409041e-05,2.51,2.51000239
2.25909041e-05,2.51,2.5100023
2.26409041e-05,2.51,2.51000222
2.26909041e-05,2.51,2.51000214
2.27409041e-05,2.51,2.51000207
2.27909041e-05,2.51,2.51000201
2.28409041e-05,2.51,2.51000196
2.28909041e-05,2.51,2.51000191
2.29409041e-05,2.51,2.51000186
2.29909041e-05,2.51,2.51000182
2.30409041e-05,2.51,2.51000178
2.30909041e-05,2.51,2.51000175
2.31409041e-05,2.51,2.51000172
2.31909041e-05,2.51,2.5100017
2.32409041e-05,2.51,2.51000167
2.32909041e-05,2.51,2.51000165
2.33409041e-05,2.51,2.51000163
2.33909041e-05,2.51,2.51000162
2.34409041e-05,2.51,2.5100016
2.34909041e-05,2.51,2.51000159
2.34971541e-05,2.51,2.51000159
2.35096541e-05,2.51,2.51000158
2.35346541e-05,2.51,2.51000158
2.35846541e-05,2.51,2.51000157
2.36346541e-05,2.51,2.51000156
2.36846541e-05,2.51,2.51000155
2.37346541e-05,2.51,2.51000154
2.37846541e-05,2.51,2.51000153
2.38346541e-05,2.51,2.51000153
2.38846541e-05,2.51,2.51000152
2.39346541e-05,2.51,2.51000152
2.39846541e-05,2.51,2.51000151
2.40346541e-05,2.51,2.51000151
2.40409041e-05,2.51,2.51000151
2.40534041e-05,2.51,2.51000151
2.40784041e-05,2.51,2.51000151
2.40846541e-05,2.51,2.51000151
2.40971541e-05,2.51,2.51000151
2.41221541e-05,2.51,2.51000151
2.41721541e-05,2.51,2.5100015
2.42221541e-05,2.51,2.5100015
2.42284041e-05,2.51,2.5100015
2.42299666e-05,2.51,2.5100015
2.42330916e-05,2.51,2.5100015
2.42338729e-05,2.51,2.5100015
2.42354354e-05,2.51,2.5100015
2.4235826e-05,2.51,2.5100015
2.42366072e-05,2.51,2.5100015
2.42381697e-05,2.51,2.5100015
2.42412947e-05,2.51,2.5100015
2.42475447e-05,2.51,2.5100015
2.42600447e-05,2.51,2.5100015
2.42850447e-05,2.51,2.5100015
2.43350447e-05,2.51,2.5100015
2.43850447e-05,2.51,2.5100015
2.44350447e-05,2.51,2.5100015
2.44850447e-05,2.51,2.5100015
2.45350447e-05,2.51,2.5100015
2.45850447e-05,2.51,2.5100015
2.45912947e-05,2.51,2.5100015
2.46037947e-05,2.51,2.51000149
2.46287947e-05,2.51,2.51000149
2.46350447e-05,2.51,2.51000149
2.46475447e-05,2.51,2.51000149
2.46725447e-05,2.51,2.51000149
2.47225447e-05,2.51,2.51000149
2.47725447e-05,2.51,2.51000149
2.48225447e-05,2.51,2.51000149
2.48725447e-05,2.51,2.5100015
2.49225447e-05,2.51,2.5100015
2.49725447e-05,2.51,2.5100015
2.50225447e-05,2.51,2.5100015
2.50725447e-05,2.51,2.5100015
2.51225447e-05,2.51,2.5100015
2.51725447e-05,2.51,2.5100015
2.52225447e-05,2.51,2.5100015
2.52725447e-05,2.51,2.5100015
2.53225447e-05,2.51,2.5100015
2.53725447e-05,2.51,2.5100015
2.54225447e-05,2.51,2.5100015
2.54287947e-05,2.51,2.5100015
2.54412947e-05,2.51,2.5100015
2.54662947e-05,2.51,2.5100015
2.55162947e-05,2.51,2.5100015
2.55662947e-05,2.51,2.5100015
2.56162947e-05,2.51,2.5100015
2.56662947e-05,2.51,2.5100015
2.57162947e-05,2.51,2.5100015
2.57662947e-05,2.51,2.5100015
2.58162947e-05,2.51,2.51000151
2.58662947e-05,2.51,2.51000151
2.59162947e-05,2.51,2.51000151
2.59662947e-05,2.51,2.51000151
2.60162947e-05,2.51,2.51000151
2.60662947e-05,2.51,2.51000151
2.61162947e-05,2.51,2.51000151
2.61662947e-05,2.51,2.51000151
2.62162947e-05,2.51,2.51000151
2.62662947e-05,2.51,2.51000151
2.63162947e-05,2.51,2.51000151
2.63662947e-05,2.51,2.51000151
2.64162947e-05,2.51,2.51000151
2.64662947e-05,2.51,2.51000151
2.65162947e-05,2.51,2.51000152
2.65662947e-05,2.51,2.51000152
2.65725447e-05,2.51,2.51000152
2.65850447e-05,2.51,2.51000152
2.66100447e-05,2.51,2.51000152
2.66600447e-05,2.51,2.51000152
2.67100447e-05,2.51,2.51000152
2.67600447e-05,2.51,2.51000152
2.68100447e-05,2.51,2.51000152
2.68600447e-05,2.51,2.51000152
2.69100447e-05,2.51,2.51000152
2.69600447e-05,2.51,2.51000152
2.70100447e-05,2.51,2.51000152
2.70600447e-05,2.51,2.51000152
2.71100447e-05,2.51,2.51000152
2.71600447e-05,2.51,2.51000152
2.72100447e-05,2.51,2.51000152
2.72600447e-05,2.51,2.51000153
2.73100447e-05,2.51,2.51000153
2.73600447e-05,2.51,2.51000153
2.74100447e-05,2.51,2.51000153
2.74600447e-05,2.51,2.51000153
2.75100447e-05,2.51,2.51000153
2.75600447e-05,2.51,2.51000153
2.76100447e-05,2.51,2.51000153
2.76600447e-05,2.51,2.51000153
2.77100447e-05,2.51,2.51000153
2.77600447e-05,2.51,2.51000153
2.7760826e-05,2.51,2.51000153
2.77623885e-05,2.51,2.51000153
2.77655135e-05,2.51,2.51000153
2.77717635e-05,2.51,2.51000153
2.77842635e-05,2.51,2.51000153
2.78092635e-05,2.51,2.51000153
2.78592635e-05,2.51,2.51000153
2.79092635e-05,2.51,2.51000153
2.79592635e-05,2.51,2.51000153
2.80092635e-05,2.51,2.51000153
2.80592635e-05,2.51,2.51000153
2.81092635e-05,2.51,2.51000154
2.81592635e-05,2.51,2.51000154
2.82092635e-05,2.51,2.51000154
2.82592635e-05,2.51,2.51000154
2.83092635e-05,2.51,2.51000154
2.83592635e-05,2.51,2.51000154
2.84092635e-05,2.51,2.51000154
2.84592635e-05,2.51,2.51000154
2.85092635e-05,2.51,2.51000154
2.85592635e-05,2.51,2.51000154
2.86092635e-05,2.51,2.51000154
2.86592635e-05,2.51,2.51000154
2.86655135e-05,2.51,2.51000154
2.86780135e-05,2.51,2.51000154
2.87030135e-05,2.51,2.51000154
2.87530135e-05,2.51,2.51000154
2.88030135e-05,2.51,2.51000154
2.88530135e-05,2.51,2.51000154
2.89030135e-05,2.51,2.51000154
2.89530135e-05,2.51,2.51000154
2.90030135e-05,2.51,2.51000154
2.90092635e-05,2.51,2.51000154
2.90217635e-05,2.51,2.51000154
2.90467635e-05,2.51,2.51000154
2.90967635e-05,2.51,2.51000155
2.91467635e-05,2.51,2.51000155
2.91967635e-05,2.51,2.51000155
2.92467635e-05,2.51,2.51000155
2.92967635e-05,2.51,2.51000155
2.92975447e-05,2.51,2.51000155
2.92977401e-05,2.51,2.51000155
2.92981307e-05,2.51,2.51000155
2.92989119e-05,2.51,2.51000155
2.93004744e-05,2.51,2.51000155
2.93035994e-05,2.51,2.51000155
2.93098494e-05,2.51,2.51000155
2.93223494e-05,2.51,2.51000155
2.93473494e-05,2.51,2.51000155
2.93535994e-05,2.51,2.51000155
2.93551619e-05,2.51,2.51000155
2.93555526e-05,2.51,2.51000155
2.93563338e-05,2.51,2.51000155
2.93578963e-05,2.51,2.51000155
2.93610213e-05,2.51,2.51000155
2.93618026e-05,2.51,2.51000155
2.93633651e-05,2.51,2.51000155
2.93664901e-05,2.51,2.51000155
2.93727401e-05,2.51,2.51000155
2.93852401e-05,2.51,2.51000155
2.94102401e-05,2.51,2.51000155
2.94602401e-05,2.51,2.51000155
2.95102401e-05,2.51,2.51000155
2.95602401e-05,2.51,2.51000155
2.96102401e-05,2.51,2.51000155
2.96602401e-05,2.51,2.51000155
2.97102401e-05,2.51,2.51000155
2.97602401e-05,2.51,2.51000155
2.98102401e-05,2.51,2.51000155
2.98602401e-05,2.51,2.51000155
2.99102401e-05,2.51,2.51000155
2.99602401e-05,2.51,2.51000155
3.00102401e-05,2.51,2.51000155
3.00602401e-05,2.51,2.51000155
3.00664901e-05,2.51,2.51000156
3.00789901e-05,2.51,2.51000155
3.00821151e-05,2.51,2.51000155
3.00883651e-05,2.51,2.51000155
3.01008651e-05,2.51,2.51000155
3.01258651e-05,2.51,2.51000156
3.01758651e-05,2.51,2.51000156
3.02258651e-05,2.51,2.51000156
3.02758651e-05,2.51,2.51000156
3.03258651e-05,2.51,2.51000156
3.03758651e-05,2.51,2.51000156
3.04258651e-05,2.51,2.51000156
3.04758651e-05,2.51,2.51000156
3.05258651e-05,2.51,2.51000156
3.05758651e-05,2.51,2.51000156
3.06258651e-05,2.51,2.51000156
3.06758651e-05,2.51,2.51000156
3.07258651e-05,2.51,2.51000156
3.07758651e-05,2.51,2.51000156
3.08258651e-05,2.51,2.51000156
3.08758651e-05,2.51,2.51000156
3.09258651e-05,2.51,2.51000156
3.09758651e-05,2.51,2.51000156
3.10258651e-05,2.51,2.51000156
3.10321151e-05,2.51,2.51000156
3.10446151e-05,2.51,2.51000156
3.10696151e-05,2.51,2.51000156
3.11196151e-05,2.51,2.51000156
3.11696151e-05,2.51,2.51000156
3.12196151e-05,2.51,2.51000156
3.12696151e-05,2.51,2.51000156
3.13196151e-05,2.51,2.51000157
3.13696151e-05,2.51,2.51000157
3.14196151e-05,2.51,2.51000157
3.14696151e-05,2.51,2.51000157
3.15196151e-05,2.51,2.51000157
3.15696151e-05,2.51,2.51000157
3.16196151e-05,2.51,2.51000157
3.16696151e-05,2.51,2.51000157
3.17196151e-05,2.51,2.51000157
3.17258651e-05,2.51,2.51000157
3.17383651e-05,2.51,2.51000157
3.17633651e-05,2.51,2.51000157
3.18133651e-05,2.51,2.51000157
3.18633651e-05,2.51,2.51000157
3.18696151e-05,2.51,2.51000157
3.18711776e-05,2.51,2.51000157
3.18743026e-05,2.51,2.51000157
3.18750838e-05,2.51,2.51000157
3.18766463e-05,2.51,2.51000157
3.18797713e-05,2.51,2.51000157
3.18860213e-05,2.51,2.51000157
3.18985213e-05,2.51,2.51000157
3.19016463e-05,2.51,2.51000157
3.19078963e-05,2.51,2.51000157
3.19203963e-05,2.51,2.51000157
3.19453963e-05,2.51,2.51000157
3.19953963e-05,2.51,2.51000157
3.20453963e-05,2.51,2.51000157
3.20953963e-05,2.51,2.51000157
3.21453963e-05,2.51,2.51000157
3.21953963e-05,2.51,2.51000157
3.22016463e-05,2.51,2.51000157
3.22141463e-05,2.51,2.51000157
3.22391463e-05,2.51,2.51000157
3.22891463e-05,2.51,2.51000157
3.23391463e-05,2.51,2.51000157
3.23891463e-05,2.51,2.51000157
3.24391463e-05,2.51,2.51000157
3.24891463e-05,2.51,2.51000157
3.24953963e-05,2.51,2.51000157
3.25078963e-05,2.51,2.51000157
3.25328963e-05,2.51,2.51000157
3.25828963e-05,2.51,2.51000157
3.26328963e-05,2.51,2.51000157
3.26828963e-05,2.51,2.51000157
3.27328963e-05,2.51,2.51000157
3.27828963e-05,2.51,2.51000158
3.28328963e-05,2.51,2.51000158
3.28828963e-05,2.51,2.51000158
3.29328963e-05,2.51,2.51000158
3.29828963e-05,2.51,2.51000158
3.30328963e-05,2.51,2.51000158
3.30828963e-05,2.51,2.51000158
3.31328963e-05,2.51,2.51000158
3.31828963e-05,2.51,2.51000158
3.32328963e-05,2.51,2.51000158
3.32828963e-05,2.51,2.51000158
3.33328963e-05,2.51,2.51000158
3.33828963e-05,2.51,2.51000158
3.34328963e-05,2.51,2.51000158
3.34828963e-05,2.51,2.51000158
3.35328963e-05,2.51,2.51000158
3.35828963e-05,2.51,2.51000158
3.36328963e-05,2.51,2.51000158
3.36828963e-05,2.51,2.51000158
3.37328963e-05,2.51,2.51000158
3.37828963e-05,2.51,2.51000158
3.37891463e-05,2.51,2.51000158
3.38016463e-05,2.51,2.51000158
3.38266463e-05,2.51,2.51000158
3.38766463e-05,2.51,2.51000158
3.39266463e-05,2.51,2.51000158
3.39766463e-05,2.51,2.51000158
3.40266463e-05,2.51,2.51000158
3.40766463e-05,2.51,2.51000158
3.41266463e-05,2.51,2.51000158
3.41328963e-05,2.51,2.51000158
3.41453963e-05,2.51,2.51000158
3.41703963e-05,2.51,2.51000158
3.42203963e-05,2.51,2.51000158
3.42703963e-05,2.51,2.51000158
3.43203963e-05,2.51,2.51000158
3.43703963e-05,2.51,2.51000158
3.44203963e-05,2.51,2.51000158
3.44703963e-05,2.51,2.51000158
3.44766463e-05,2.51,2.51000159
3.44891463e-05,2.51,2.51000158
3.45141463e-05,2.51,2.51000158
3.45641463e-05,2.51,2.51000159
3.46141463e-05,2.51,2.51000159
3.46641463e-05,2.51,2.51000159
3.47141463e-05,2.51,2.51000159
3.47641463e-05,2.51,2.51000159
3.48141463e-05,2.51,2.51000159
3.48641463e-05,2.51,2.51000159
3.49141463e-05,2.51,2.51000159
3.49641463e-05,2.51,2.51000159
3.50141463e-05,2.51,2.51000159
3.50641463e-05,2.51,2.51000159
3.51141463e-05,2.51,2.51000159
3.51641463e-05,2.51,2.51000159
3.52141463e-05,2.51,2.51000159
3.52641463e-05,2.51,2.51000159
3.53141463e-05,2.51,2.51000159
3.53641463e-05,2.51,2.51000159
3.54141463e-05,2.51,2.51000159
3.54641463e-05,2.51,2.51000159
3.55141463e-05,2.51,2.51000159
3.55203963e-05,2.51,2.51000159
3.55219588e-05,2.51,2.51000159
3.55223494e-05,2.51,2.51000159
3.55231307e-05,2.51,2.51000159
3.55246932e-05,2.51,2.51000159
3.55278182e-05,2.51,2.51000159
3.55340682e-05,2.51,2.51000159
3.55465682e-05,2.51,2.51000159
3.55715682e-05,2.51,2.51000159
3.56215682e-05,2.51,2.51000159
3.56715682e-05,2.51,2.51000159
3.57215682e-05,2.51,2.51000159
3.57715682e-05,2.51,2.51000159
3.58215682e-05,2.51,2.51000159
3.58715682e-05,2.51,2.51000159
3.59215682e-05,2.51,2.51000159
3.59715682e-05,2.51,2.51000159
3.59723494e-05,2.51,2.51000159
3.59739119e-05,2.51,2.51000159
3.59770369e-05,2.51,2.51000159
3.59832869e-05,2.51,2.51000159
3.59957869e-05,2.51,2.51000159
3.60207869e-05,2.51,2.51000159
3.60707869e-05,2.51,2.51000159
3.61207869e-05,2.51,2.51000159
3.61707869e-05,2.51,2.51000159
3.62207869e-05,2.51,2.51000159
3.62707869e-05,2.51,2.51000159
3.63207869e-05,2.51,2.51000159
3.63270369e-05,2.51,2.51000159
3.63395369e-05,2.51,2.51000159
3.63645369e-05,2.51,2.51000159
3.63707869e-05,2.51,2.51000159
3.63832869e-05,2.51,2.51000159
3.64082869e-05,2.51,2.51000159
3.64582869e-05,2.51,2.51000159
3.65082869e-05,2.51,2.51000159
3.65145369e-05,2.51,2.51000159
3.65270369e-05,2.51,2.51000159
3.65520369e-05,2.51,2.51000159
3.66020369e-05,2.51,2.51000159
3.66082869e-05,2.51,2.51000159
3.66207869e-05,2.51,2.51000159
3.66457869e-05,2.51,2.51000159
3.66957869e-05,2.51,2.51000159
3.67457869e-05,2.51,2.51000159
3.67520369e-05,2.51,2.5100016
3.67645369e-05,2.51,2.51000159
3.67676619e-05,2.51,2.51000159
3.67739119e-05,2.51,2.51000159
3.67864119e-05,2.51,2.51000159
3.68114119e-05,2.51,2.5100016
3.68614119e-05,2.51,2.5100016
3.69114119e-05,2.51,2.5100016
3.69614119e-05,2.51,2.5100016
3.70114119e-05,2.51,2.5100016
3.70614119e-05,2.51,2.5100016
3.70676619e-05,2.51,2.5100016
3.70801619e-05,2.51,2.5100016
3.71051619e-05,2.51,2.5100016
3.71551619e-05,2.51,2.5100016
3.72051619e-05,2.51,2.5100016
3.72551619e-05,2.51,2.5100016
3.73051619e-05,2.51,2.5100016
3.73551619e-05,2.51,2.5100016
3.74051619e-05,2.51,2.5100016
3.74551619e-05,2.51,2.5100016
3.75051619e-05,2.51,2.5100016
3.75551619e-05,2.51,2.5100016
3.76051619e-05,2.51,2.5100016
3.76551619e-05,2.51,2.5100016
3.77051619e-05,2.51,2.5100016
3.77551619e-05,2.51,2.5100016
3.78051619e-05,2.51,2.5100016
3.78551619e-05,2.51,2.5100016
3.79051619e-05,2.51,2.5100016
3.79551619e-05,2.51,2.5100016
3.80051619e-05,2.51,2.5100016
3.80551619e-05,2.51,2.5100016
3.81051619e-05,2.51,2.5100016
3.81114119e-05,2.51,2.5100016
3.81239119e-05,2.51,2.5100016
3.81489119e-05,2.51,2.5100016
3.81989119e-05,2.51,2.5100016
3.82489119e-05,2.51,2.5100016
3.82989119e-05,2.51,2.5100016
3.83489119e-05,2.51,2.5100016
3.83989119e-05,2.51,2.5100016
3.84489119e-05,2.51,2.5100016
3.84989119e-05,2.51,2.5100016
3.85489119e-05,2.51,2.5100016
3.85989119e-05,2.51,2.5100016
3.86489119e-05,2.51,2.5100016
3.86989119e-05,2.51,2.5100016
3.87489119e-05,2.51,2.5100016
3.87989119e-05,2.51,2.5100016
3.88489119e-05,2.51,2.5100016
3.88989119e-05,2.51,2.5100016
3.89489119e-05,2.51,2.5100016
3.89551619e-05,2.51,2.5100016
3.89676619e-05,2.51,2.5100016
3.89926619e-05,2.51,2.5100016
3.90426619e-05,2.51,2.5100016
3.90926619e-05,2.51,2.5100016
3.91426619e-05,2.51,2.5100016
3.91926619e-05,2.51,2.5100016
3.92426619e-05,2.51,2.5100016
3.92926619e-05,2.51,2.5100016
3.93426619e-05,2.51,2.5100016
3.93926619e-05,2.51,2.5100016
3.94426619e-05,2.51,2.5100016
3.94926619e-05,2.51,2.5100016
3.95426619e-05,2.51,2.5100016
3.95489119e-05,2.51,2.5100016
3.95614119e-05,2.51,2.5100016
3.95645369e-05,2.51,2.5100016
3.95707869e-05,2.51,2.5100016
3.95832869e-05,2.51,2.5100016
3.96082869e-05,2.51,2.5100016
3.96582869e-05,2.51,2.5100016
3.97082869e-05,2.51,2.5100016
3.97582869e-05,2.51,2.5100016
3.98082869e-05,2.51,2.5100016
3.98582869e-05,2.51,2.5100016
3.99082869e-05,2.51,2.51000161
3.99582869e-05,2.51,2.51000161
4.00082869e-05,2.51,2.51000161
4.00145369e-05,2.51,2.51000161
4.00270369e-05,2.51,2.51000161
4.00520369e-05,2.51,2.51000161
4.01020369e-05,2.51,2.51000161
4.01520369e-05,2.51,2.51000161
4.02020369e-05,2.51,2.51000161
4.02520369e-05,2.51,2.51000161
4.03020369e-05,2.51,2.51000161
4.03520369e-05,2.51,2.51000161
4.04020369e-05,2.51,2.51000161
4.04520369e-05,2.51,2.51000161
4.05020369e-05,2.51,2.51000161
4.05520369e-05,2.51,2.51000161
4.06020369e-05,2.51,2.51000161
4.06520369e-05,2.51,2.51000161
4.07020369e-05,2.51,2.51000161
4.07520369e-05,2.51,2.51000161
4.08020369e-05,2.51,2.51000161
4.08520369e-05,2.51,2.51000161
4.09020369e-05,2.51,2.51000161
4.09082869e-05,2.51,2.51000161
4.09207869e-05,2.51,2.51000161
4.09239119e-05,2.51,2.51000161
4.09301619e-05,2.51,2.51000161
4.09426619e-05,2.51,2.51000161
4.09676619e-05,2.51,2.51000161
4.10176619e-05,2.51,2.51000161
4.10676619e-05,2.51,2.51000161
4.11176619e-05,2.51,2.51000161
4.11676619e-05,2.51,2.51000161
4.12176619e-05,2.51,2.51000161
4.12676619e-05,2.51,2.51000161
4.12739119e-05,2.51,2.51000161
4.12864119e-05,2.51,2.51000161
4.13114119e-05,2.51,2.51000161
4.13614119e-05,2.51,2.51000161
4.14114119e-05,2.51,2.51000161
4.14614119e-05,2.51,2.51000161
4.15114119e-05,2.51,2.51000161
4.15614119e-05,2.51,2.51000161
4.16114119e-05,2.51,2.51000161
4.16614119e-05,2.51,2.51000161
4.17114119e-05,2.51,2.51000161
4.17614119e-05,2.51,2.51000161
4.18114119e-05,2.51,2.51000161
4.18614119e-05,2.51,2.51000161
4.19114119e-05,2.51,2.51000161
4.19121932e-05,2.51,2.51000161
4.19137557e-05,2.51,2.51000161
4.19168807e-05,2.51,2.51000161
4.19231307e-05,2.51,2.51000161
4.19356307e-05,2.51,2.51000161
4.19606307e-05,2.51,2.51000161
4.20106307e-05,2.51,2.51000161
4.20606307e-05,2.51,2.51000161
4.21106307e-05,2.51,2.51000161
4.21168807e-05,2.51,2.51000161
4.21293807e-05,2.51,2.51000161
4.21543807e-05,2.51,2.51000161
4.22043807e-05,2.51,2.51000161
4.22543807e-05,2.51,2.51000161
4.23043807e-05,2.51,2.51000161
4.23543807e-05,2.51,2.51000161
4.24043807e-05,2.51,2.51000161
4.24543807e-05,2.51,2.51000161
4.24606307e-05,2.51,2.51000161
4.24621932e-05,2.51,2.51000161
4.24653182e-05,2.51,2.51000161
4.24715682e-05,2.51,2.51000161
4.24840682e-05,2.51,2.51000161
4.25090682e-05,2.51,2.51000161
4.25153182e-05,2.51,2.51000161
4.25278182e-05,2.51,2.51000161
4.25528182e-05,2.51,2.51000161
4.26028182e-05,2.51,2.51000161
4.26528182e-05,2.51,2.51000161
4.27028182e-05,2.51,2.51000161
4.27528182e-05,2.51,2.51000161
4.28028182e-05,2.51,2.51000161
4.28528182e-05,2.51,2.51000161
4.29028182e-05,2.51,2.51000161
4.29528182e-05,2.51,2.51000161
4.30028182e-05,2.51,2.51000161
4.30528182e-05,2.51,2.51000161
4.31028182e-05,2.51,2.51000161
4.31528182e-05,2.51,2.51000161
4.32028182e-05,2.51,2.51000161
4.32528182e-05,2.51,2.51000161
4.33028182e-05,2.51,2.51000161
4.33528182e-05,2.51,2.51000161
4.33535994e-05,2.51,2.51000161
4.33551619e-05,2.51,2.51000161
4.33582869e-05,2.51,2.51000161
4.33645369e-05,2.51,2.51000161
4.33770369e-05,2.51,2.51000161
4.34020369e-05,2.51,2.51000161
4.34520369e-05,2.51,2.51000161
4.34582869e-05,2.51,2.51000161
4.34707869e-05,2.51,2.51000161
4.34957869e-05,2.51,2.51000161
4.35457869e-05,2.51,2.51000161
4.35957869e-05,2.51,2.51000161
4.36457869e-05,2.51,2.51000161
4.36957869e-05,2.51,2.51000161
4.37457869e-05,2.51,2.51000161
4.37957869e-05,2.51,2.51000161
4.38457869e-05,2.51,2.51000161
4.38957869e-05,2.51,2.51000161
4.39457869e-05,2.51,2.51000161
4.39957869e-05,2.51,2.51000161
4.40457869e-05,2.51,2.51000161
4.40957869e-05,2.51,2.51000161
4.41457869e-05,2.51,2.51000161
4.41957869e-05,2.51,2.51000161
4.42457869e-05,2.51,2.51000161
4.42957869e-05,2.51,2.51000161
4.43457869e-05,2.51,2.51000161
4.43957869e-05,2.51,2.51000161
4.44457869e-05,2.51,2.51000161
4.44957869e-05,2.51,2.51000161
4.45457869e-05,2.51,2.51000161
4.45957869e-05,2.51,2.51000161
4.46020369e-05,2.51,2.51000161
4.46145369e-05,2.51,2.51000161
4.46395369e-05,2.51,2.51000161
4.46457869e-05,2.51,2.51000161
4.46582869e-05,2.51,2.51000161
4.46832869e-05,2.51,2.51000161
4.47332869e-05,2.51,2.51000161
4.47832869e-05,2.51,2.51000161
4.48332869e-05,2.51,2.51000161
4.48832869e-05,2.51,2.51000161
4.49332869e-05,2.51,2.51000161
4.49832869e-05,2.51,2.51000161
4.50332869e-05,2.51,2.51000161
4.50832869e-05,2.51,2.51000161
4.51332869e-05,2.51,2.51000161
4.51832869e-05,2.51,2.51000161
4.51895369e-05,2.51,2.51000162
4.51910994e-05,2.51,2.51000162
4.51942244e-05,2.51,2.51000162
4.52004744e-05,2.51,2.51000161
4.52129744e-05,2.51,2.51000161
4.52379744e-05,2.51,2.51000161
4.52879744e-05,2.51,2.51000162
4.53379744e-05,2.51,2.51000162
4.53879744e-05,2.51,2.51000162
4.54379744e-05,2.51,2.51000162
4.54879744e-05,2.51,2.51000162
4.55379744e-05,2.51,2.51000162
4.55879744e-05,2.51,2.51000162
4.56379744e-05,2.51,2.51000162
4.56879744e-05,2.51,2.51000162
4.57379744e-05,2.51,2.51000162
4.57879744e-05,2.51,2.51000162
4.58379744e-05,2.51,2.51000162
4.58879744e-05,2.51,2.51000162
4.59379744e-05,2.51,2.51000162
4.59879744e-05,2.51,2.51000162
4.60379744e-05,2.51,2.51000162
4.60879744e-05,2.51,2.51000162
4.61379744e-05,2.51,2.51000162
4.61879744e-05,2.51,2.51000162
4.62379744e-05,2.51,2.51000162
4.62879744e-05,2.51,2.51000162
4.63379744e-05,2.51,2.51000162
4.63879744e-05,2.51,2.51000162
4.64379744e-05,2.51,2.51000162
4.64442244e-05,2.51,2.51000162
4.64567244e-05,2.51,2.51000162
4.64817244e-05,2.51,2.51000162
4.65317244e-05,2.51,2.51000162
4.65817244e-05,2.51,2.51000162
4.66317244e-05,2.51,2.51000162
4.66817244e-05,2.51,2.51000162
4.67317244e-05,2.51,2.51000162
4.67817244e-05,2.51,2.51000162
4.68317244e-05,2.51,2.51000162
4.68817244e-05,2.51,2.51000162
4.69317244e-05,2.51,2.51000162
4.69817244e-05,2.51,2.51000162
4.70317244e-05,2.51,2.51000162
4.70817244e-05,2.51,2.51000162
4.71317244e-05,2.51,2.51000162
4.71817244e-05,2.51,2.51000162
4.72317244e-05,2.51,2.51000162
4.72817244e-05,2.51,2.51000162
4.73317244e-05,2.51,2.51000162
4.73817244e-05,2.51,2.51000162
4.74317244e-05,2.51,2.51000162
4.74817244e-05,2.51,2.51000162
4.74879744e-05,2.51,2.51000162
4.75004744e-05,2.51,2.51000162
4.75254744e-05,2.51,2.51000162
4.75754744e-05,2.51,2.51000162
4.76254744e-05,2.51,2.51000162
4.76754744e-05,2.51,2.51000162
4.77254744e-05,2.51,2.51000162
4.77754744e-05,2.51,2.51000162
4.78254744e-05,2.51,2.51000162
4.78754744e-05,2.51,2.51000162
4.79254744e-05,2.51,2.51000162
4.79754744e-05,2.51,2.51000162
4.80254744e-05,2.51,2.51000162
4.80754744e-05,2.51,2.51000162
4.81254744e-05,2.51,2.51000162
4.81754744e-05,2.51,2.51000162
4.82254744e-05,2.51,2.51000162
4.82754744e-05,2.51,2.51000162
4.83254744e-05,2.51,2.51000162
4.83754744e-05,2.51,2.51000162
4.84254744e-05,2.51,2.51000162
4.84317244e-05,2.51,2.51000162
4.84442244e-05,2.51,2.51000162
4.84692244e-05,2.51,2.51000162
4.85192244e-05,2.51,2.51000162
4.85692244e-05,2.51,2.51000162
4.86192244e-05,2.51,2.51000162
4.86254744e-05,2.51,2.51000162
4.86379744e-05,2.51,2.51000162
4.86629744e-05,2.51,2.51000162
4.87129744e-05,2.51,2.51000162
4.87629744e-05,2.51,2.51000162
4.88129744e-05,2.51,2.51000162
4.88629744e-05,2.51,2.51000162
4.89129744e-05,2.51,2.51000162
4.89629744e-05,2.51,2.51000162
4.90129744e-05,2.51,2.51000162
4.90629744e-05,2.51,2.51000162
4.91129744e-05,2.51,2.51000162
4.91629744e-05,2.51,2.51000162
4.91692244e-05,2.51,2.51000162
4.91817244e-05,2.51,2.51000162
4.92067244e-05,2.51,2.51000162
4.92567244e-05,2.51,2.51000162
4.93067244e-05,2.51,2.51000162
4.93567244e-05,2.51,2.51000162
4.94067244e-05,2.51,2.51000162
4.94567244e-05,2.51,2.51000162
4.95067244e-05,2.51,2.51000162
4.95567244e-05,2.51,2.51000162
4.96067244e-05,2.51,2.51000162
4.96567244e-05,2.51,2.51000162
4.97067244e-05,2.51,2.51000162
4.97567244e-05,2.51,2.51000162
4.98067244e-05,2.51,2.51000162
4.98567244e-05,2.51,2.51000162
4.99067244e-05,2.51,2.51000162
4.99567244e-05,2.51,2.51000162
4.99575057e-05,2.51,2.51000162
4.99590682e-05,2.51,2.51000162
4.99621932e-05,2.51,2.51000162
4.99684432e-05,2.51,2.51000162
4.99700057e-05,2.51,2.51000162
4.99731307e-05,2.51,2.51000162
4.99739119e-05,2.51,2.51000162
4.99754744e-05,2.51,2.51000162
4.99785994e-05,2.51,2.51000162
4.99848494e-05,2.51,2.51000162
4.99973494e-05,2.51,2.51000162
5.00223494e-05,2.51,2.51000162
5.00723494e-05,2.51,2.51000162
5.01223494e-05,2.51,2.51000162
5.01723494e-05,2.51,2.51000162
5.02223494e-05,2.51,2.51000162
5.02723494e-05,2.51,2.51000162
5.03223494e-05,2.51,2.51000162
5.03723494e-05,2.51,2.51000162
5.04223494e-05,2.51,2.51000162
5.04723494e-05,2.51,2.51000162
5.05223494e-05,2.51,2.51000162
5.05723494e-05,2.51,2.51000162
5.06223494e-05,2.51,2.51000162
5.06285994e-05,2.51,2.51000162
5.06410994e-05,2.51,2.51000162
5.06660994e-05,2.51,2.51000162
5.07160994e-05,2.51,2.51000162
5.07660994e-05,2.51,2.51000162
5.08160994e-05,2.51,2.51000162
5.08660994e-05,2.51,2.51000162
5.09160994e-05,2.51,2.51000162
5.09660994e-05,2.51,2.51000162
5.10160994e-05,2.51,2.51000162
5.10660994e-05,2.51,2.51000162
5.11160994e-05,2.51,2.51000162
5.11660994e-05,2.51,2.51000162
5.12160994e-05,2.51,2.51000162
5.12660994e-05,2.51,2.51000162
5.13160994e-05,2.51,2.51000162
5.13660994e-05,2.51,2.51000162
5.14160994e-05,2.51,2.51000162
5.14660994e-05,2.51,2.51000162
5.15160994e-05,2.51,2.51000162
5.15660994e-05,2.51,2.51000162
5.15723494e-05,2.51,2.51000162
5.15848494e-05,2.51,2.51000162
5.15879744e-05,2.51,2.51000162
5.15942244e-05,2.51,2.51000162
5.16067244e-05,2.51,2.51000162
5.16317244e-05,2.51,2.51000162
5.16817244e-05,2.51,2.51000162
5.17317244e-05,2.51,2.51000162
5.17817244e-05,2.51,2.51000162
5.18317244e-05,2.51,2.51000162
5.18817244e-05,2.51,2.51000162
5.19317244e-05,2.51,2.51000162
5.19379744e-05,2.51,2.51000162
5.19504744e-05,2.51,2.51000162
5.19754744e-05,2.51,2.51000162
5.20254744e-05,2.51,2.51000162
5.20754744e-05,2.51,2.51000162
5.21254744e-05,2.51,2.51000162
5.21754744e-05,2.51,2.51000162
5.22254744e-05,2.51,2.51000162
5.22754744e-05,2.51,2.51000162
5.23254744e-05,2.51,2.51000162
5.23754744e-05,2.51,2.51000162
5.24254744e-05,2.51,2.51000162
5.24317244e-05,2.51,2.51000162
5.24442244e-05,2.51,2.51000162
5.24692244e-05,2.51,2.51000162
5.25192244e-05,2.51,2.51000162
5.25692244e-05,2.51,2.51000162
5.26192244e-05,2.51,2.51000162
5.26692244e-05,2.51,2.51000162
5.27192244e-05,2.51,2.51000162
5.27254744e-05,2.51,2.51000162
5.27379744e-05,2.51,2.51000162
5.27629744e-05,2.51,2.51000162
5.27692244e-05,2.51,2.51000162
5.27817244e-05,2.51,2.51000162
5.27848494e-05,2.51,2.51000162
5.27910994e-05,2.51,2.51000162
5.28035994e-05,2.51,2.51000162
5.28285994e-05,2.51,2.51000162
5.28785994e-05,2.51,2.51000162
5.29285994e-05,2.51,2.51000162
5.29348494e-05,2.51,2.51000162
5.29473494e-05,2.51,2.51000162
5.29723494e-05,2.51,2.51000162
5.30223494e-05,2.51,2.51000162
5.30723494e-05,2.51,2.51000162
5.31223494e-05,2.51,2.51000162
5.31723494e-05,2.51,2.51000162
5.32223494e-05,2.51,2.51000162
5.32723494e-05,2.51,2.51000162
5.33223494e-05,2.51,2.51000162
5.33723494e-05,2.51,2.51000162
5.34223494e-05,2.51,2.51000162
5.34723494e-05,2.51,2.51000162
5.35223494e-05,2.51,2.51000162
5.35723494e-05,2.51,2.51000162
5.36223494e-05,2.51,2.51000162
5.36723494e-05,2.51,2.51000162
5.37223494e-05,2.51,2.51000162
5.37723494e-05,2.51,2.51000162
5.38223494e-05,2.51,2.51000162
5.38231307e-05,2.51,2.51000162
5.38246932e-05,2.51,2.51000162
5.38278182e-05,2.51,2.51000162
5.38340682e-05,2.51,2.51000162
5.38465682e-05,2.51,2.51000162
5.38715682e-05,2.51,2.51000162
5.38778182e-05,2.51,2.51000162
5.38903182e-05,2.51,2.51000162
5.39153182e-05,2.51,2.51000162
5.39653182e-05,2.51,2.51000162
5.40153182e-05,2.51,2.51000162
5.40653182e-05,2.51,2.51000162
5.41153182e-05,2.51,2.51000162
5.41653182e-05,2.51,2.51000162
5.42153182e-05,2.51,2.51000162
5.42215682e-05,2.51,2.51000162
5.42340682e-05,2.51,2.51000162
5.42590682e-05,2.51,2.51000162
5.43090682e-05,2.51,2.51000162
5.43590682e-05,2.51,2.51000162
5.44090682e-05,2.51,2.51000162
5.44590682e-05,2.51,2.51000162
5.45090682e-05,2.51,2.51000162
5.45590682e-05,2.51,2.51000162
5.46090682e-05,2.51,2.51000162
5.46153182e-05,2.51,2.51000162
5.46278182e-05,2.51,2.51000162
5.46309432e-05,2.51,2.51000162
5.46371932e-05,2.51,2.51000162
5.46496932e-05,2.51,2.51000162
5.46746932e-05,2.51,2.51000162
5.47246932e-05,2.51,2.51000162
5.47746932e-05,2.51,2.51000162
5.48246932e-05,2.51,2.51000162
5.48746932e-05,2.51,2.51000162
5.48809432e-05,2.51,2.51000162
5.48934432e-05,2.51,2.51000162
5.49184432e-05,2.51,2.51000162
5.49684432e-05,2.51,2.51000162
5.50184432e-05,2.51,2.51000162
5.50684432e-05,2.51,2.51000162
5.51184432e-05,2.51,2.51000162
5.51684432e-05,2.51,2.51000162
5.52184432e-05,2.51,2.51000162
5.52684432e-05,2.51,2.51000162
5.52746932e-05,2.51,2.51000162
5.52871932e-05,2.51,2.51000162
5.53121932e-05,2.51,2.51000162
5.53621932e-05,2.51,2.51000162
5.54121932e-05,2.51,2.51000162
5.54621932e-05,2.51,2.51000162
5.55121932e-05,2.51,2.51000162
5.55621932e-05,2.51,2.51000162
5.56121932e-05,2.51,2.51000162
5.56621932e-05,2.51,2.51000162
5.56684432e-05,2.51,2.51000162
5.56809432e-05,2.51,2.51000162
5.57059432e-05,2.51,2.51000162
5.57559432e-05,2.51,2.51000162
5.58059432e-05,2.51,2.51000162
5.58559432e-05,2.51,2.51000162
5.59059432e-05,2.51,2.51000162
5.59559432e-05,2.51,2.51000162
5.60059432e-05,2.51,2.51000162
5.60559432e-05,2.51,2.51000162
5.61059432e-05,2.51,2.51000162
5.61559432e-05,2.51,2.51000162
5.62059432e-05,2.51,2.51000162
5.62559432e-05,2.51,2.51000162
5.63059432e-05,2.51,2.51000162
5.63559432e-05,2.51,2.51000162
5.64059432e-05,2.51,2.51000162
5.64559432e-05,2.51,2.51000162
5.65059432e-05,2.51,2.51000162
5.65121932e-05,2.51,2.51000162
5.65137557e-05,2.51,2.51000162
5.65168807e-05,2.51,2.51000162
5.65231307e-05,2.51,2.51000162
5.65356307e-05,2.51,2.51000162
5.65606307e-05,2.51,2.51000162
5.66106307e-05,2.51,2.51000162
5.66606307e-05,2.51,2.51000162
5.66668807e-05,2.51,2.51000162
5.66793807e-05,2.51,2.51000162
5.67043807e-05,2.51,2.51000162
5.67543807e-05,2.51,2.51000162
5.68043807e-05,2.51,2.51000162
5.68543807e-05,2.51,2.51000162
5.69043807e-05,2.51,2.51000162
5.69543807e-05,2.51,2.51000162
5.70043807e-05,2.51,2.51000162
5.70543807e-05,2.51,2.51000162
5.71043807e-05,2.51,2.51000162
5.71543807e-05,2.51,2.51000162
5.72043807e-05,2.51,2.51000162
5.72543807e-05,2.51,2.51000162
5.72606307e-05,2.51,2.51000162
5.72621932e-05,2.51,2.51000162
5.72653182e-05,2.51,2.51000162
5.72715682e-05,2.51,2.51000162
5.72840682e-05,2.51,2.51000162
5.73090682e-05,2.51,2.51000162
5.73590682e-05,2.51,2.51000162
5.74090682e-05,2.51,2.51000162
5.74590682e-05,2.51,2.51000162
5.75090682e-05,2.51,2.51000162
5.75098494e-05,2.51,2.51000162
5.75114119e-05,2.51,2.51000162
5.75145369e-05,2.51,2.51000162
5.75207869e-05,2.51,2.51000162
5.75332869e-05,2.51,2.51000162
5.75582869e-05,2.51,2.51000162
5.76082869e-05,2.51,2.51000162
5.76582869e-05,2.51,2.51000162
5.77082869e-05,2.51,2.51000162
5.77582869e-05,2.51,2.51000162
5.78082869e-05,2.51,2.51000162
5.78582869e-05,2.51,2.51000162
5.79082869e-05,2.51,2.51000162
5.79145369e-05,2.51,2.51000162
5.79270369e-05,2.51,2.51000162
5.79520369e-05,2.51,2.51000162
5.79582869e-05,2.51,2.51000162
5.79707869e-05,2.51,2.51000162
5.79957869e-05,2.51,2.51000162
5.80020369e-05,2.51,2.51000162
5.80145369e-05,2.51,2.51000162
5.80395369e-05,2.51,2.51000162
5.80895369e-05,2.51,2.51000162
5.80957869e-05,2.51,2.51000162
5.81082869e-05,2.51,2.51000162
5.81332869e-05,2.51,2.51000162
5.81832869e-05,2.51,2.51000162
5.82332869e-05,2.51,2.51000162
5.82395369e-05,2.51,2.51000162
5.82520369e-05,2.51,2.51000162
5.82551619e-05,2.51,2.51000162
5.82614119e-05,2.51,2.51000162
5.82739119e-05,2.51,2.51000162
5.82989119e-05,2.51,2.51000162
5.83489119e-05,2.51,2.51000162
5.83989119e-05,2.51,2.51000162
5.84489119e-05,2.51,2.51000162
5.84989119e-05,2.51,2.51000162
5.85489119e-05,2.51,2.51000162
5.85989119e-05,2.51,2.51000162
5.86489119e-05,2.51,2.51000162
5.86989119e-05,2.51,2.51000162
5.87489119e-05,2.51,2.51000162
5.87989119e-05,2.51,2.51000162
5.88051619e-05,2.51,2.51000162
5.88176619e-05,2.51,2.51000162
5.88426619e-05,2.51,2.51000162
5.88926619e-05,2.51,2.51000162
5.89426619e-05,2.51,2.51000162
5.89926619e-05,2.51,2.51000162
5.90426619e-05,2.51,2.51000162
5.90926619e-05,2.51,2.51000162
5.91426619e-05,2.51,2.51000162
5.91926619e-05,2.51,2.51000162
5.92426619e-05,2.51,2.51000162
5.92926619e-05,2.51,2.51000162
5.93426619e-05,2.51,2.51000162
5.93926619e-05,2.51,2.51000162
5.94426619e-05,2.51,2.51000162
5.94926619e-05,2.51,2.51000162
5.95426619e-05,2.51,2.51000162
5.95926619e-05,2.51,2.51000162
5.96426619e-05,2.51,2.51000162
5.96489119e-05,2.51,2.51000162
5.96614119e-05,2.51,2.51000162
5.96864119e-05,2.51,2.51000162
5.97364119e-05,2.51,2.51000162
5.97864119e-05,2.51,2.51000162
5.98364119e-05,2.51,2.51000162
5.98864119e-05,2.51,2.51000162
5.99364119e-05,2.51,2.51000162
5.99410112e-05,2.51,2.51000162
5.99502097e-05,2.51,2.51000162
5.99686067e-05,2.51,2.51000162
5.99893034e-05,2.51,2.51000162
6.001e-05,2.51,2.51000162
6.00102396e-05,2.50976036,2.50998324
6.00107189e-05,2.50928109,2.50994549
6.00116775e-05,2.50832255,2.50985489
6.00134954e-05,2.50650456,2.50959167
6.00167477e-05,2.50325228,2.50875908
6.002e-05,2.5,2.50745904
6.00200467e-05,2.5,2.50744066
6.00201401e-05,2.5,2.50740361
6.0020327e-05,2.5,2.50732842
6.00207007e-05,2.5,2.50717506
6.0021448e-05,2.5,2.50686275
6.00229428e-05,2.5,2.50624096
6.00259323e-05,2.5,2.50509997
6.00303178e-05,2.5,2.50379196
6.00357167e-05,2.5,2.50273947
6.00403679e-05,2.5,2.50216722
6.00449408e-05,2.5,2.50176041
6.00499047e-05,2.5,2.50141322
6.00565999e-05,2.5,2.50104627
6.00624904e-05,2.5,2.50080077
6.00678249e-05,2.5,2.50062984
6.00731891e-05,2.5,2.5004973
6.00787052e-05,2.5,2.50039273
6.008418e-05,2.5,2.50031309
6.00918646e-05,2.5,2.50023058
6.00929647e-05,2.5,2.50022136
6.0095165e-05,2.5,2.50020379
6.00995654e-05,2.5,2.50017347
6.01083662e-05,2.5,2.50012787
6.01234387e-05,2.5,2.50008031
6.01384848e-05,2.5,2.50005512
6.01589017e-05,2.5,2.50003644
6.01820634e-05,2.5,2.50002472
6.02045192e-05,2.5,2.50001725
6.02279083e-05,2.5,2.50001139
6.02544205e-05,2.5,2.50000618
6.02820555e-05,2.5,2.50000186
6.03144732e-05,2.5,2.49999785
6.03190545e-05,2.5,2.49999737
6.03282172e-05,2.5,2.49999643
6.03465426e-05,2.5,2.49999472
6.03831934e-05,2.5,2.49999187
6.04270829e-05,2.5,2.49998926
6.04670586e-05,2.5,2.49998749
6.05050352e-05,2.5,2.49998622
6.05418175e-05,2.5,2.49998533
6.05789378e-05,2.5,2.49998471
6.06147696e-05,2.5,2.49998434
6.06491243e-05,2.5,2.49998415
6.06803406e-05,2.5,2.49998411
6.07097922e-05,2.5,2.49998417
6.07452041e-05,2.5,2.49998434
6.07828714e-05,2.5,2.49998463
6.08271814e-05,2.5,2.49998508
6.08759696e-05,2.5,2.49998568
6.09259696e-05,2.5,2.49998637
6.09759696e-05,2.5,2.49998713
6.10259696e-05,2.5,2.49998792
6.10759696e-05,2.5,2.49998872
6.11259696e-05,2.5,2.49998953
6.11322196e-05,2.5,2.49998963
6.11447196e-05,2.5,2.49998983
6.11697196e-05,2.5,2.49999022
6.12197196e-05,2.5,2.49999101
6.12697196e-05,2.5,2.49999176
6.13197196e-05,2.5,2.49999249
6.13697196e-05,2.5,2.49999318
6.13759696e-05,2.5,2.49999327
6.13884696e-05,2.5,2.49999344
6.13915946e-05,2.5,2.49999348
6.13978446e-05,2.5,2.49999356
6.14103446e-05,2.5,2.49999372
6.14353446e-05,2.5,2.49999404
6.14853446e-05,2.5,2.49999466
6.15353446e-05,2.5,2.49999523
6.15853446e-05,2.5,2.49999577
6.16353446e-05,2.5,2.49999627
6.16853446e-05,2.5,2.49999674
6.17353446e-05,2.5,2.49999718
6.17853446e-05,2.5,2.49999758
6.17915946e-05,2.5,2.49999763
6.18040946e-05,2.5,2.49999772
6.18290946e-05,2.5,2.4999979
6.18790946e-05,2.5,2.49999825
6.18853446e-05,2.5,2.49999829
6.18978446e-05,2.5,2.49999837
6.19228446e-05,2.5,2.49999853
6.19728446e-05,2.5,2.49999883
6.20228446e-05,2.5,2.4999991
6.20728446e-05,2.5,2.49999935
6.21228446e-05,2.5,2.49999958
6.21728446e-05,2.5,2.49999978
6.22228446e-05,2.5,2.49999997
6.22728446e-05,2.5,2.50000015
6.23228446e-05,2.5,2.5000003
6.23728446e-05,2.5,2.50000045
6.24228446e-05,2.5,2.50000058
6.24728446e-05,2.5,2.5000007
6.25228446e-05,2.5,2.5000008
6.25728446e-05,2.5,2.5000009
6.26228446e-05,2.5,2.50000099
6.26728446e-05,2.5,2.50000107
6.27228446e-05,2.5,2.50000114
6.27728446e-05,2.5,2.5000012
6.28228446e-05,2.5,2.50000126
6.28728446e-05,2.5,2.50000132
6.29228446e-05,2.5,2.50000136
6.29728446e-05,2.5,2.50000141
6.30228446e-05,2.5,2.50000145
6.30728446e-05,2.5,2.50000148
6.31228446e-05,2.5,2.50000151
6.31728446e-05,2.5,2.50000154
6.32228446e-05,2.5,2.50000156
6.32728446e-05,2.5,2.50000159
6.32790946e-05,2.5,2.50000159
6.32915946e-05,2.5,2.50000159
6.33165946e-05,2.5,2.5000016
6.33665946e-05,2.5,2.50000162
6.34165946e-05,2.5,2.50000164
6.34228446e-05,2.5,2.50000164
6.34353446e-05,2.5,2.50000164
6.34603446e-05,2.5,2.50000165
6.34665946e-05,2.5,2.50000165
6.34790946e-05,2.5,2.50000166
6.34822196e-05,2.5,2.50000166
6.34884696e-05,2.5,2.50000166
6.35009696e-05,2.5,2.50000166
6.35259696e-05,2.5,2.50000167
6.35759696e-05,2.5,2.50000168
6.36259696e-05,2.5,2.50000169
6.36322196e-05,2.5,2.50000169
6.36447196e-05,2.5,2.50000169
6.36697196e-05,2.5,2.5000017
6.37197196e-05,2.5,2.50000171
6.37697196e-05,2.5,2.50000171
6.38197196e-05,2.5,2.50000172
6.38697196e-05,2.5,2.50000172
6.39197196e-05,2.5,2.50000173
6.39697196e-05,2.5,2.50000173
6.40197196e-05,2.5,2.50000174
6.40697196e-05,2.5,2.50000174
6.41197196e-05,2.5,2.50000174
6.41697196e-05,2.5,2.50000175
6.42197196e-05,2.5,2.50000175
6.42697196e-05,2.5,2.50000175
6.43197196e-05,2.5,2.50000175
6.43697196e-05,2.5,2.50000175
6.44197196e-05,2.5,2.50000175
6.44697196e-05,2.5,2.50000175
6.45197196e-05,2.5,2.50000175
6.45697196e-05,2.5,2.50000175
6.45759696e-05,2.5,2.50000175
6.45884696e-05,2.5,2.50000175
6.46134696e-05,2.5,2.50000175
6.46634696e-05,2.5,2.50000175
6.47134696e-05,2.5,2.50000175
6.47634696e-05,2.5,2.50000176
6.48134696e-05,2.5,2.50000175
6.48634696e-05,2.5,2.50000175
6.49134696e-05,2.5,2.50000175
6.49634696e-05,2.5,2.50000175
6.50134696e-05,2.5,2.50000175
6.50634696e-05,2.5,2.50000175
6.51134696e-05,2.5,2.50000175
6.51634696e-05,2.5,2.50000175
6.51642509e-05,2.5,2.50000175
6.51658134e-05,2.5,2.50000175
6.51689384e-05,2.5,2.50000175
6.51751884e-05,2.5,2.50000175
6.51876884e-05,2.5,2.50000175
6.52126884e-05,2.5,2.50000175
6.52626884e-05,2.5,2.50000175
6.53126884e-05,2.5,2.50000175
6.53626884e-05,2.5,2.50000175
6.54126884e-05,2.5,2.50000175
6.54626884e-05,2.5,2.50000175
6.55126884e-05,2.5,2.50000175
6.55626884e-05,2.5,2.50000175
6.56126884e-05,2.5,2.50000175
6.56626884e-05,2.5,2.50000175
6.57126884e-05,2.5,2.50000175
6.57626884e-05,2.5,2.50000175
6.58126884e-05,2.5,2.50000174
6.58626884e-05,2.5,2.50000174
6.59126884e-05,2.5,2.50000174
6.59626884e-05,2.5,2.50000174
6.60126884e-05,2.5,2.50000174
6.60626884e-05,2.5,2.50000174
6.61126884e-05,2.5,2.50000174
6.61626884e-05,2.5,2.50000174
6.62126884e-05,2.5,2.50000174
6.62626884e-05,2.5,2.50000174
6.63126884e-05,2.5,2.50000174
6.63626884e-05,2.5,2.50000174
6.64126884e-05,2.5,2.50000174
6.64626884e-05,2.5,2.50000174
6.65126884e-05,2.5,2.50000173
6.65626884e-05,2.5,2.50000173
6.66126884e-05,2.5,2.50000173
6.66626884e-05,2.5,2.50000173
6.67126884e-05,2.5,2.50000173
6.67626884e-05,2.5,2.50000173
6.68126884e-05,2.5,2.50000173
6.68626884e-05,2.5,2.50000173
6.69126884e-05,2.5,2.50000173
6.69626884e-05,2.5,2.50000173
6.70126884e-05,2.5,2.50000173
6.70626884e-05,2.5,2.50000173
6.71126884e-05,2.5,2.50000173
6.71626884e-05,2.5,2.50000173
6.72126884e-05,2.5,2.50000173
6.72189384e-05,2.5,2.50000173
6.72314384e-05,2.5,2.50000173
6.72564384e-05,2.5,2.50000172
6.73064384e-05,2.5,2.50000172
6.73564384e-05,2.5,2.50000172
6.74064384e-05,2.5,2.50000172
6.74564384e-05,2.5,2.50000172
6.75064384e-05,2.5,2.50000172
6.75564384e-05,2.5,2.50000172
6.76064384e-05,2.5,2.50000172
6.76564384e-05,2.5,2.50000172
6.77064384e-05,2.5,2.50000172
6.77564384e-05,2.5,2.50000172
6.78064384e-05,2.5,2.50000172
6.78564384e-05,2.5,2.50000172
6.79064384e-05,2.5,2.50000172
6.79564384e-05,2.5,2.50000172
6.80064384e-05,2.5,2.50000172
6.80564384e-05,2.5,2.50000172
6.81064384e-05,2.5,2.50000172
6.81126884e-05,2.5,2.50000172
6.81251884e-05,2.5,2.50000171
6.81283134e-05,2.5,2.50000171
6.81345634e-05,2.5,2.50000171
6.81470634e-05,2.5,2.50000171
6.81720634e-05,2.5,2.50000171
6.81783134e-05,2.5,2.50000171
6.81908134e-05,2.5,2.50000171
6.82158134e-05,2.5,2.50000171
6.82658134e-05,2.5,2.50000171
6.83158134e-05,2.5,2.50000171
6.83658134e-05,2.5,2.50000171
6.84158134e-05,2.5,2.50000171
6.84658134e-05,2.5,2.50000171
6.85158134e-05,2.5,2.50000171
6.85658134e-05,2.5,2.50000171
6.86158134e-05,2.5,2.50000171
6.86658134e-05,2.5,2.50000171
6.87158134e-05,2.5,2.50000171
6.87658134e-05,2.5,2.50000171
6.87665946e-05,2.5,2.50000171
6.87681571e-05,2.5,2.50000171
6.87712821e-05,2.5,2.50000171
6.87775321e-05,2.5,2.50000171
6.87900321e-05,2.5,2.50000171
6.88150321e-05,2.5,2.50000171
6.88650321e-05,2.5,2.50000171
6.89150321e-05,2.5,2.50000171
6.89650321e-05,2.5,2.50000171
6.90150321e-05,2.5,2.50000171
6.90650321e-05,2.5,2.5000017
6.90712821e-05,2.5,2.5000017
6.90837821e-05,2.5,2.5000017
6.91087821e-05,2.5,2.5000017
6.91587821e-05,2.5,2.5000017
6.92087821e-05,2.5,2.5000017
6.92587821e-05,2.5,2.5000017
6.93087821e-05,2.5,2.5000017
6.93587821e-05,2.5,2.5000017
6.93650321e-05,2.5,2.5000017
6.93775321e-05,2.5,2.5000017
6.94025321e-05,2.5,2.5000017
6.94525321e-05,2.5,2.5000017
6.95025321e-05,2.5,2.5000017
6.95525321e-05,2.5,2.5000017
6.96025321e-05,2.5,2.5000017
6.96525321e-05,2.5,2.5000017
6.97025321e-05,2.5,2.5000017
6.97525321e-05,2.5,2.5000017
6.98025321e-05,2.5,2.5000017
6.98525321e-05,2.5,2.5000017
6.99025321e-05,2.5,2.5000017
6.99525321e-05,2.5,2.5000017
7.00025321e-05,2.5,2.5000017
7.00525321e-05,2.5,2.5000017
7.01025321e-05,2.5,2.5000017
7.01525321e-05,2.5,2.50000169
7.02025321e-05,2.5,2.50000169
7.02525321e-05,2.5,2.50000169
7.02587821e-05,2.5,2.50000169
7.02712821e-05,2.5,2.50000169
7.02962821e-05,2.5,2.50000169
7.03462821e-05,2.5,2.50000169
7.03962821e-05,2.5,2.50000169
7.04462821e-05,2.5,2.50000169
7.04962821e-05,2.5,2.50000169
7.05462821e-05,2.5,2.50000169
7.05962821e-05,2.5,2.50000169
7.06462821e-05,2.5,2.50000169
7.06962821e-05,2.5,2.50000169
7.07462821e-05,2.5,2.50000169
7.07962821e-05,2.5,2.50000169
7.08462821e-05,2.5,2.50000169
7.08962821e-05,2.5,2.50000169
7.09462821e-05,2.5,2.50000169
7.09962821e-05,2.5,2.50000169
7.10462821e-05,2.5,2.50000169
7.10962821e-05,2.5,2.50000169
7.11462821e-05,2.5,2.50000169
7.11962821e-05,2.5,2.50000169
7.12462821e-05,2.5,2.50000169
7.12962821e-05,2.5,2.50000169
7.13462821e-05,2.5,2.50000169
7.13962821e-05,2.5,2.50000168
7.14462821e-05,2.5,2.50000168
7.14962821e-05,2.5,2.50000168
7.15462821e-05,2.5,2.50000168
7.15962821e-05,2.5,2.50000168
7.16462821e-05,2.5,2.50000168
7.16962821e-05,2.5,2.50000168
7.17462821e-05,2.5,2.50000168
7.17962821e-05,2.5,2.50000168
7.18462821e-05,2.5,2.50000168
7.18962821e-05,2.5,2.50000168
7.19462821e-05,2.5,2.50000168
7.19962821e-05,2.5,2.50000168
7.20462821e-05,2.5,2.50000168
7.20962821e-05,2.5,2.50000168
7.21462821e-05,2.5,2.50000168
7.21962821e-05,2.5,2.50000168
7.22462821e-05,2.5,2.50000168
7.22962821e-05,2.5,2.50000168
7.23462821e-05,2.5,2.50000168
7.23525321e-05,2.5,2.50000168
7.23650321e-05,2.5,2.50000168
7.23900321e-05,2.5,2.50000168
7.24400321e-05,2.5,2.50000168
7.24900321e-05,2.5,2.50000168
7.25400321e-05,2.5,2.50000168
7.25900321e-05,2.5,2.50000168
7.26400321e-05,2.5,2.50000168
7.26900321e-05,2.5,2.50000168
7.27400321e-05,2.5,2.50000168
7.27900321e-05,2.5,2.50000168
7.28400321e-05,2.5,2.50000167
7.28900321e-05,2.5,2.50000167
7.29400321e-05,2.5,2.50000167
7.29900321e-05,2.5,2.50000167
7.30400321e-05,2.5,2.50000167
7.30900321e-05,2.5,2.50000167
7.31400321e-05,2.5,2.50000167
7.31900321e-05,2.5,2.50000167
7.32400321e-05,2.5,2.50000167
7.32900321e-05,2.5,2.50000167
7.32962821e-05,2.5,2.50000167
7.33087821e-05,2.5,2.50000167
7.33337821e-05,2.5,2.50000167
7.33837821e-05,2.5,2.50000167
7.34337821e-05,2.5,2.50000167
7.34837821e-05,2.5,2.50000167
7.35337821e-05,2.5,2.50000167
7.35837821e-05,2.5,2.50000167
7.36337821e-05,2.5,2.50000167
7.36837821e-05,2.5,2.50000167
7.36900321e-05,2.5,2.50000167
7.37025321e-05,2.5,2.50000167
7.37275321e-05,2.5,2.50000167
7.37775321e-05,2.5,2.50000167
7.38275321e-05,2.5,2.50000167
7.38775321e-05,2.5,2.50000167
7.39275321e-05,2.5,2.50000167
7.39337821e-05,2.5,2.50000167
7.39462821e-05,2.5,2.50000167
7.39494071e-05,2.5,2.50000167
7.39501884e-05,2.5,2.50000167
7.39503837e-05,2.5,2.50000167
7.39507743e-05,2.5,2.50000167
7.39515555e-05,2.5,2.50000167
7.3953118e-05,2.5,2.50000167
7.3956243e-05,2.5,2.50000167
7.39570243e-05,2.5,2.50000167
7.39585868e-05,2.5,2.50000167
7.39617118e-05,2.5,2.50000167
7.39679618e-05,2.5,2.50000167
7.39804618e-05,2.5,2.50000167
7.40054618e-05,2.5,2.50000167
7.40117118e-05,2.5,2.50000167
7.40242118e-05,2.5,2.50000167
7.40492118e-05,2.5,2.50000167
7.40992118e-05,2.5,2.50000167
7.41492118e-05,2.5,2.50000167
7.41992118e-05,2.5,2.50000167
7.42492118e-05,2.5,2.50000167
7.42992118e-05,2.5,2.50000167
7.43492118e-05,2.5,2.50000167
7.43992118e-05,2.5,2.50000167
7.44054618e-05,2.5,2.50000167
7.44179618e-05,2.5,2.50000167
7.44429618e-05,2.5,2.50000167
7.44929618e-05,2.5,2.50000167
7.45429618e-05,2.5,2.50000167
7.45929618e-05,2.5,2.50000167
7.45992118e-05,2.5,2.50000167
7.46117118e-05,2.5,2.50000166
7.46367118e-05,2.5,2.50000166
7.46429618e-05,2.5,2.50000166
7.46554618e-05,2.5,2.50000166
7.46804618e-05,2.5,2.50000166
7.47304618e-05,2.5,2.50000166
7.47804618e-05,2.5,2.50000166
7.47867118e-05,2.5,2.50000166
7.47992118e-05,2.5,2.50000166
7.48242118e-05,2.5,2.50000166
7.48742118e-05,2.5,2.50000166
7.49242118e-05,2.5,2.50000166
7.49742118e-05,2.5,2.50000166
7.50242118e-05,2.5,2.50000166
7.50742118e-05,2.5,2.50000166
7.51242118e-05,2.5,2.50000166
7.51742118e-05,2.5,2.50000166
7.52242118e-05,2.5,2.50000166
7.52742118e-05,2.5,2.50000166
7.53242118e-05,2.5,2.50000166
7.53742118e-05,2.5,2.50000166
7.54242118e-05,2.5,2.50000166
7.54742118e-05,2.5,2.50000166
7.55242118e-05,2.5,2.50000166
7.55742118e-05,2.5,2.50000166
7.56242118e-05,2.5,2.50000166
7.56742118e-05,2.5,2.50000166
7.57242118e-05,2.5,2.50000166
7.57742118e-05,2.5,2.50000166
7.58242118e-05,2.5,2.50000166
7.58742118e-05,2.5,2.50000166
7.59242118e-05,2.5,2.50000166
7.59742118e-05,2.5,2.50000166
7.60242118e-05,2.5,2.50000166
7.60742118e-05,2.5,2.50000166
7.61242118e-05,2.5,2.50000166
7.61742118e-05,2.5,2.50000166
7.62242118e-05,2.5,2.50000166
7.62742118e-05,2.5,2.50000166
7.63242118e-05,2.5,2.50000166
7.63742118e-05,2.5,2.50000166
7.64242118e-05,2.5,2.50000166
7.64742118e-05,2.5,2.50000166
7.65242118e-05,2.5,2.50000166
7.65742118e-05,2.5,2.50000166
7.66242118e-05,2.5,2.50000166
7.66742118e-05,2.5,2.50000166
7.67242118e-05,2.5,2.50000166
7.67304618e-05,2.5,2.50000166
7.67429618e-05,2.5,2.50000166
7.67679618e-05,2.5,2.50000166
7.68179618e-05,2.5,2.50000166
7.68679618e-05,2.5,2.50000166
7.68742118e-05,2.5,2.50000166
7.68867118e-05,2.5,2.50000165
7.69117118e-05,2.5,2.50000165
7.69617118e-05,2.5,2.50000165
7.70117118e-05,2.5,2.50000165
7.70617118e-05,2.5,2.50000165
7.70679618e-05,2.5,2.50000165
7.70804618e-05,2.5,2.50000165
7.71054618e-05,2.5,2.50000165
7.71554618e-05,2.5,2.50000165
7.72054618e-05,2.5,2.50000165
7.72554618e-05,2.5,2.50000165
7.73054618e-05,2.5,2.50000165
7.73554618e-05,2.5,2.50000165
7.74054618e-05,2.5,2.50000165
7.74554618e-05,2.5,2.50000165
7.74617118e-05,2.5,2.50000165
7.74742118e-05,2.5,2.50000165
7.74992118e-05,2.5,2.50000165
7.75492118e-05,2.5,2.50000165
7.75992118e-05,2.5,2.50000165
7.76492118e-05,2.5,2.50000165
7.76992118e-05,2.5,2.50000165
7.77492118e-05,2.5,2.50000165
7.77554618e-05,2.5,2.50000165
7.77679618e-05,2.5,2.50000165
7.77929618e-05,2.5,2.50000165
7.77992118e-05,2.5,2.50000165
7.78117118e-05,2.5,2.50000165
7.78367118e-05,2.5,2.50000165
7.78867118e-05,2.5,2.50000165
7.79367118e-05,2.5,2.50000165
7.79867118e-05,2.5,2.50000165
7.80367118e-05,2.5,2.50000165
7.80867118e-05,2.5,2.50000165
7.81367118e-05,2.5,2.50000165
7.81867118e-05,2.5,2.50000165
7.82367118e-05,2.5,2.50000165
7.82867118e-05,2.5,2.50000165
7.83367118e-05,2.5,2.50000165
7.83867118e-05,2.5,2.50000165
7.84367118e-05,2.5,2.50000165
7.84867118e-05,2.5,2.50000165
7.85367118e-05,2.5,2.50000165
7.85867118e-05,2.5,2.50000165
7.86367118e-05,2.5,2.50000165
7.86867118e-05,2.5,2.50000165
7.87367118e-05,2.5,2.50000165
7.8737493e-05,2.5,2.50000165
7.87390555e-05,2.5,2.50000165
7.87421805e-05,2.5,2.50000165
7.87484305e-05,2.5,2.50000165
7.87609305e-05,2.5,2.50000165
7.87859305e-05,2.5,2.50000165
7.88359305e-05,2.5,2.50000165
7.88859305e-05,2.5,2.50000165
7.89359305e-05,2.5,2.50000165
7.89859305e-05,2.5,2.50000165
7.90359305e-05,2.5,2.50000165
7.90859305e-05,2.5,2.50000165
7.91359305e-05,2.5,2.50000165
7.91859305e-05,2.5,2.50000165
7.92359305e-05,2.5,2.50000165
7.92859305e-05,2.5,2.50000165
7.93359305e-05,2.5,2.50000165
7.93859305e-05,2.5,2.50000165
7.94359305e-05,2.5,2.50000165
7.94859305e-05,2.5,2.50000165
7.94921805e-05,2.5,2.50000165
7.95046805e-05,2.5,2.50000165
7.95296805e-05,2.5,2.50000165
7.95796805e-05,2.5,2.50000165
7.96296805e-05,2.5,2.50000165
7.96796805e-05,2.5,2.50000165
7.96859305e-05,2.5,2.50000165
7.96984305e-05,2.5,2.50000165
7.97234305e-05,2.5,2.50000165
7.97734305e-05,2.5,2.50000165
7.98234305e-05,2.5,2.50000165
7.98734305e-05,2.5,2.50000165
7.99234305e-05,2.5,2.50000165
7.99617153e-05,2.5,2.50000165
8e-05,2.5,2.50000165
