case_id,pattern,lead_each_ohm,avdd,calibration,max_abs_R_error_pct,min_tia_output_V,max_tia_output_V,min_row_drive_V,max_row_drive_V,ideal_rail_headroom_only,wire_allocation_0_2pct
1,all_low,0.0,4.75,same_lead_all1k_all6k8_fixed_for_all_patterns,0.0,4.059375,4.059375,1.0,2.5,True,True
2,all_high,0.0,4.75,same_lead_all1k_all6k8_fixed_for_all_patterns,1.2212453270876722e-13,2.6559375,2.6559375,2.125,2.5,True,True
3,all_mid,0.0,4.75,same_lead_all1k_all6k8_fixed_for_all_patterns,4.440892098500626e-14,2.878030303030303,2.878030303030303,1.946969696969697,2.5,True,True
4,checker,0.0,4.75,same_lead_all1k_all6k8_fixed_for_all_patterns,1.2212453270876722e-13,2.6559375,4.059375,1.5625,2.5,True,True
5,all_1500,0.0,4.75,same_lead_all1k_all6k8_fixed_for_all_patterns,1.1102230246251565e-14,3.3316666666666666,3.3316666666666666,1.5833333333333335,2.5,True,True
6,all_4700,0.0,4.75,same_lead_all1k_all6k8_fixed_for_all_patterns,5.551115123125783e-14,2.7654255319148935,2.7654255319148935,2.0372340425531914,2.5,True,True
7,all_7000,0.0,4.75,same_lead_all1k_all6k8_fixed_for_all_patterns,9.992007221626409e-14,2.6782142857142857,2.6782142857142857,2.107142857142857,2.5,True,True
8,high_corner_low_neighbors,0.0,4.75,same_lead_all1k_all6k8_fixed_for_all_patterns,1.2212453270876722e-13,2.6559375,4.059375,1.0,2.5,True,True
9,low_corner_high_neighbors,0.0,4.75,same_lead_all1k_all6k8_fixed_for_all_patterns,1.2212453270876722e-13,2.6559375,4.059375,1.84375,2.5,True,True
10,all_low,0.0,5.0,same_lead_all1k_all6k8_fixed_for_all_patterns,0.0,4.059375,4.059375,1.0,2.5,True,True
11,all_high,0.0,5.0,same_lead_all1k_all6k8_fixed_for_all_patterns,1.2212453270876722e-13,2.6559375,2.6559375,2.125,2.5,True,True
12,all_mid,0.0,5.0,same_lead_all1k_all6k8_fixed_for_all_patterns,4.440892098500626e-14,2.878030303030303,2.878030303030303,1.946969696969697,2.5,True,True
13,checker,0.0,5.0,same_lead_all1k_all6k8_fixed_for_all_patterns,1.2212453270876722e-13,2.6559375,4.059375,1.5625,2.5,True,True
14,all_1500,0.0,5.0,same_lead_all1k_all6k8_fixed_for_all_patterns,1.1102230246251565e-14,3.3316666666666666,3.3316666666666666,1.5833333333333335,2.5,True,True
15,all_4700,0.0,5.0,same_lead_all1k_all6k8_fixed_for_all_patterns,5.551115123125783e-14,2.7654255319148935,2.7654255319148935,2.0372340425531914,2.5,True,True
16,all_7000,0.0,5.0,same_lead_all1k_all6k8_fixed_for_all_patterns,9.992007221626409e-14,2.6782142857142857,2.6782142857142857,2.107142857142857,2.5,True,True
17,high_corner_low_neighbors,0.0,5.0,same_lead_all1k_all6k8_fixed_for_all_patterns,1.2212453270876722e-13,2.6559375,4.059375,1.0,2.5,True,True
18,low_corner_high_neighbors,0.0,5.0,same_lead_all1k_all6k8_fixed_for_all_patterns,1.2212453270876722e-13,2.6559375,4.059375,1.84375,2.5,True,True
19,all_low,0.0,5.25,same_lead_all1k_all6k8_fixed_for_all_patterns,0.0,4.059375,4.059375,1.0,2.5,True,True
20,all_high,0.0,5.25,same_lead_all1k_all6k8_fixed_for_all_patterns,1.2212453270876722e-13,2.6559375,2.6559375,2.125,2.5,True,True
21,all_mid,0.0,5.25,same_lead_all1k_all6k8_fixed_for_all_patterns,4.440892098500626e-14,2.878030303030303,2.878030303030303,1.946969696969697,2.5,True,True
22,checker,0.0,5.25,same_lead_all1k_all6k8_fixed_for_all_patterns,1.2212453270876722e-13,2.6559375,4.059375,1.5625,2.5,True,True
23,all_1500,0.0,5.25,same_lead_all1k_all6k8_fixed_for_all_patterns,1.1102230246251565e-14,3.3316666666666666,3.3316666666666666,1.5833333333333335,2.5,True,True
24,all_4700,0.0,5.25,same_lead_all1k_all6k8_fixed_for_all_patterns,5.551115123125783e-14,2.7654255319148935,2.7654255319148935,2.0372340425531914,2.5,True,True
25,all_7000,0.0,5.25,same_lead_all1k_all6k8_fixed_for_all_patterns,9.992007221626409e-14,2.6782142857142857,2.6782142857142857,2.107142857142857,2.5,True,True
26,high_corner_low_neighbors,0.0,5.25,same_lead_all1k_all6k8_fixed_for_all_patterns,1.2212453270876722e-13,2.6559375,4.059375,1.0,2.5,True,True
27,low_corner_high_neighbors,0.0,5.25,same_lead_all1k_all6k8_fixed_for_all_patterns,1.2212453270876722e-13,2.6559375,4.059375,1.84375,2.5,True,True
28,all_low,0.1,4.75,same_lead_all1k_all6k8_fixed_for_all_patterns,0.017632537911560497,4.057817182817159,4.05781718281717,1.0007807035543206,2.500156015898148,True,True
29,all_high,0.1,4.75,same_lead_all1k_all6k8_fixed_for_all_patterns,0.012353231845496637,2.6559219078092164,2.6559219078092164,2.125007811953169,2.500001562265653,True,True
30,all_mid,0.1,4.75,same_lead_all1k_all6k8_fixed_for_all_patterns,0.02868356680884032,2.877938681531745,2.877938681531748,1.9470156028620464,2.5000091793982233,True,True
31,checker,0.1,4.75,same_lead_all1k_all6k8_fixed_for_all_patterns,0.05738540807875836,2.655851799043848,4.058517797677952,1.562767851715407,2.5000788411933015,True,True
32,all_1500,0.1,4.75,same_lead_all1k_all6k8_fixed_for_all_patterns,0.020768920290170634,3.331223347547969,3.331223347547975,1.583555472627343,2.5000444089110005,True,True
33,all_4700,0.1,4.75,same_lead_all1k_all6k8_fixed_for_all_patterns,0.0194422209480849,2.7653803607896563,2.7653803607896585,2.0372566745329777,2.5000045257796804,True,True
34,all_7000,0.1,4.75,same_lead_all1k_all6k8_fixed_for_all_patterns,0.002016616924138681,2.678193920694781,2.678193920694781,2.107153060408236,2.5000020404665184,True,True
35,high_corner_low_neighbors,0.1,4.75,same_lead_all1k_all6k8_fixed_for_all_patterns,0.07978330426516855,2.655816952163752,4.057992279636298,1.0007807079366768,2.5001560202805044,True,True
36,low_corner_high_neighbors,0.1,4.75,same_lead_all1k_all6k8_fixed_for_all_patterns,0.04981729455596495,2.655904372512995,4.058868352659703,1.8438562197987625,2.500005076353072,True,True
37,all_low,0.1,5.0,same_lead_all1k_all6k8_fixed_for_all_patterns,0.017632537911560497,4.057817182817159,4.05781718281717,1.0007807035543206,2.500156015898148,True,True
38,all_high,0.1,5.0,same_lead_all1k_all6k8_fixed_for_all_patterns,0.012353231845496637,2.6559219078092164,2.6559219078092164,2.125007811953169,2.500001562265653,True,True
39,all_mid,0.1,5.0,same_lead_all1k_all6k8_fixed_for_all_patterns,0.02868356680884032,2.877938681531745,2.877938681531748,1.9470156028620464,2.5000091793982233,True,True
40,checker,0.1,5.0,same_lead_all1k_all6k8_fixed_for_all_patterns,0.05738540807875836,2.655851799043848,4.058517797677952,1.562767851715407,2.5000788411933015,True,True
41,all_1500,0.1,5.0,same_lead_all1k_all6k8_fixed_for_all_patterns,0.020768920290170634,3.331223347547969,3.331223347547975,1.583555472627343,2.5000444089110005,True,True
42,all_4700,0.1,5.0,same_lead_all1k_all6k8_fixed_for_all_patterns,0.0194422209480849,2.7653803607896563,2.7653803607896585,2.0372566745329777,2.5000045257796804,True,True
43,all_7000,0.1,5.0,same_lead_all1k_all6k8_fixed_for_all_patterns,0.002016616924138681,2.678193920694781,2.678193920694781,2.107153060408236,2.5000020404665184,True,True
44,high_corner_low_neighbors,0.1,5.0,same_lead_all1k_all6k8_fixed_for_all_patterns,0.07978330426516855,2.655816952163752,4.057992279636298,1.0007807079366768,2.5001560202805044,True,True
45,low_corner_high_neighbors,0.1,5.0,same_lead_all1k_all6k8_fixed_for_all_patterns,0.04981729455596495,2.655904372512995,4.058868352659703,1.8438562197987625,2.500005076353072,True,True
46,all_low,0.1,5.25,same_lead_all1k_all6k8_fixed_for_all_patterns,0.017632537911560497,4.057817182817159,4.05781718281717,1.0007807035543206,2.500156015898148,True,True
47,all_high,0.1,5.25,same_lead_all1k_all6k8_fixed_for_all_patterns,0.012353231845496637,2.6559219078092164,2.6559219078092164,2.125007811953169,2.500001562265653,True,True
48,all_mid,0.1,5.25,same_lead_all1k_all6k8_fixed_for_all_patterns,0.02868356680884032,2.877938681531745,2.877938681531748,1.9470156028620464,2.5000091793982233,True,True
49,checker,0.1,5.25,same_lead_all1k_all6k8_fixed_for_all_patterns,0.05738540807875836,2.655851799043848,4.058517797677952,1.562767851715407,2.5000788411933015,True,True
50,all_1500,0.1,5.25,same_lead_all1k_all6k8_fixed_for_all_patterns,0.020768920290170634,3.331223347547969,3.331223347547975,1.583555472627343,2.5000444089110005,True,True
51,all_4700,0.1,5.25,same_lead_all1k_all6k8_fixed_for_all_patterns,0.0194422209480849,2.7653803607896563,2.7653803607896585,2.0372566745329777,2.5000045257796804,True,True
52,all_7000,0.1,5.25,same_lead_all1k_all6k8_fixed_for_all_patterns,0.002016616924138681,2.678193920694781,2.678193920694781,2.107153060408236,2.5000020404665184,True,True
53,high_corner_low_neighbors,0.1,5.25,same_lead_all1k_all6k8_fixed_for_all_patterns,0.07978330426516855,2.655816952163752,4.057992279636298,1.0007807079366768,2.5001560202805044,True,True
54,low_corner_high_neighbors,0.1,5.25,same_lead_all1k_all6k8_fixed_for_all_patterns,0.04981729455596495,2.655904372512995,4.058868352659703,1.8438562197987625,2.500005076353072,True,True
55,all_low,1.0,4.75,same_lead_all1k_all6k8_fixed_for_all_patterns,0.1750291715298502,4.043935643564358,4.043935643564369,1.007758238510417,2.5015393330377798,True,True
56,all_high,1.0,4.75,same_lead_all1k_all6k8_fixed_for_all_patterns,0.12355848434850714,2.6557817182817183,2.6557817182817196,2.1250780703554315,2.5000156015898143,True,True
57,all_mid,1.0,4.75,same_lead_all1k_all6k8_fixed_for_all_patterns,0.28547617781075063,2.8771160822249082,2.877116082224911,1.9474280561321733,2.5000914943888324,True,False
58,checker,1.0,4.75,same_lead_all1k_all6k8_fixed_for_all_patterns,0.5767892159280086,2.6550862702105325,4.050843615418526,1.5651680335202625,2.5007825934803725,True,False
59,all_1500,1.0,4.75,same_lead_all1k_all6k8_fixed_for_all_patterns,0.20631398653260247,3.327254641909812,3.3272546419098297,1.5855472938653403,2.500440910886617,True,False
60,all_4700,1.0,4.75,same_lead_all1k_all6k8_fixed_for_all_patterns,0.19378636611896427,2.764974511469834,2.7649745114698376,2.037460119986823,2.500045154000428,True,True
61,all_7000,1.0,4.75,same_lead_all1k_all6k8_fixed_for_all_patterns,0.020149103365185717,2.678010844748857,2.6780108447488598,2.1072448163997612,2.500020373224433,True,True
62,high_corner_low_neighbors,1.0,4.75,same_lead_all1k_all6k8_fixed_for_all_patterns,0.7915255333855065,2.6547589573149364,4.0456570520975195,1.0077586659845763,2.5015397605119394,True,False
63,low_corner_high_neighbors,1.0,4.75,same_lead_all1k_all6k8_fixed_for_all_patterns,0.4949880804250295,2.655607053584895,4.05432194571152,1.8448094877041687,2.5000506045350694,True,False
64,all_low,1.0,5.0,same_lead_all1k_all6k8_fixed_for_all_patterns,0.1750291715298502,4.043935643564358,4.043935643564369,1.007758238510417,2.5015393330377798,True,True
65,all_high,1.0,5.0,same_lead_all1k_all6k8_fixed_for_all_patterns,0.12355848434850714,2.6557817182817183,2.6557817182817196,2.1250780703554315,2.5000156015898143,True,True
66,all_mid,1.0,5.0,same_lead_all1k_all6k8_fixed_for_all_patterns,0.28547617781075063,2.8771160822249082,2.877116082224911,1.9474280561321733,2.5000914943888324,True,False
67,checker,1.0,5.0,same_lead_all1k_all6k8_fixed_for_all_patterns,0.5767892159280086,2.6550862702105325,4.050843615418526,1.5651680335202625,2.5007825934803725,True,False
68,all_1500,1.0,5.0,same_lead_all1k_all6k8_fixed_for_all_patterns,0.20631398653260247,3.327254641909812,3.3272546419098297,1.5855472938653403,2.500440910886617,True,False
69,all_4700,1.0,5.0,same_lead_all1k_all6k8_fixed_for_all_patterns,0.19378636611896427,2.764974511469834,2.7649745114698376,2.037460119986823,2.500045154000428,True,True
70,all_7000,1.0,5.0,same_lead_all1k_all6k8_fixed_for_all_patterns,0.020149103365185717,2.678010844748857,2.6780108447488598,2.1072448163997612,2.500020373224433,True,True
71,high_corner_low_neighbors,1.0,5.0,same_lead_all1k_all6k8_fixed_for_all_patterns,0.7915255333855065,2.6547589573149364,4.0456570520975195,1.0077586659845763,2.5015397605119394,True,False
72,low_corner_high_neighbors,1.0,5.0,same_lead_all1k_all6k8_fixed_for_all_patterns,0.4949880804250295,2.655607053584895,4.05432194571152,1.8448094877041687,2.5000506045350694,True,False
73,all_low,1.0,5.25,same_lead_all1k_all6k8_fixed_for_all_patterns,0.1750291715298502,4.043935643564358,4.043935643564369,1.007758238510417,2.5015393330377798,True,True
74,all_high,1.0,5.25,same_lead_all1k_all6k8_fixed_for_all_patterns,0.12355848434850714,2.6557817182817183,2.6557817182817196,2.1250780703554315,2.5000156015898143,True,True
75,all_mid,1.0,5.25,same_lead_all1k_all6k8_fixed_for_all_patterns,0.28547617781075063,2.8771160822249082,2.877116082224911,1.9474280561321733,2.5000914943888324,True,False
76,checker,1.0,5.25,same_lead_all1k_all6k8_fixed_for_all_patterns,0.5767892159280086,2.6550862702105325,4.050843615418526,1.5651680335202625,2.5007825934803725,True,False
77,all_1500,1.0,5.25,same_lead_all1k_all6k8_fixed_for_all_patterns,0.20631398653260247,3.327254641909812,3.3272546419098297,1.5855472938653403,2.500440910886617,True,False
78,all_4700,1.0,5.25,same_lead_all1k_all6k8_fixed_for_all_patterns,0.19378636611896427,2.764974511469834,2.7649745114698376,2.037460119986823,2.500045154000428,True,True
79,all_7000,1.0,5.25,same_lead_all1k_all6k8_fixed_for_all_patterns,0.020149103365185717,2.678010844748857,2.6780108447488598,2.1072448163997612,2.500020373224433,True,True
80,high_corner_low_neighbors,1.0,5.25,same_lead_all1k_all6k8_fixed_for_all_patterns,0.7915255333855065,2.6547589573149364,4.0456570520975195,1.0077586659845763,2.5015397605119394,True,False
81,low_corner_high_neighbors,1.0,5.25,same_lead_all1k_all6k8_fixed_for_all_patterns,0.4949880804250295,2.655607053584895,4.05432194571152,1.8448094877041687,2.5000506045350694,True,False
