变更,动作,对象,导入前,导入后
CF0,,,,,
✓,新增属性,CF0:Circuit Role,,,
✓,新增属性,CF0:Review Status,,R2 REVIEW / DYNAMIC_VALIDATION_HOLD / FAULT_PROTECTION_HOLD,
✓,修改属性,CF0:通道ID,,$3I23,
✓,修改属性,CF0:值,2.2nF,2.2nF C0G,
CF1,,,,,
✓,新增属性,CF1:Circuit Role,,,
✓,新增属性,CF1:Review Status,,R2 REVIEW / DYNAMIC_VALIDATION_HOLD / FAULT_PROTECTION_HOLD,
✓,修改属性,CF1:通道ID,,$3I38,
✓,修改属性,CF1:值,2.2nF,2.2nF C0G,
CF2,,,,,
✓,新增属性,CF2:Circuit Role,,,
✓,新增属性,CF2:Review Status,,R2 REVIEW / DYNAMIC_VALIDATION_HOLD / FAULT_PROTECTION_HOLD,
✓,修改属性,CF2:通道ID,,$3I53,
✓,修改属性,CF2:值,2.2nF,2.2nF C0G,
CF3,,,,,
✓,新增属性,CF3:Circuit Role,,,
✓,新增属性,CF3:Review Status,,R2 REVIEW / DYNAMIC_VALIDATION_HOLD / FAULT_PROTECTION_HOLD,
✓,修改属性,CF3:通道ID,,$3I68,
✓,修改属性,CF3:值,2.2nF,2.2nF C0G,
C_ADC0,,,,,
✓,新增属性,C_ADC0:Review Status,,,
✓,新增属性,C_ADC0:Circuit Role,,,
✓,修改属性,C_ADC0:通道ID,,$3I29,
✓,修改属性,C_ADC0:容差,±10%,,
✓,修改属性,C_ADC0:供应商封装,0603,,
✓,修改属性,C_ADC0:值,10nF,10nF X7R,
✓,修改属性,C_ADC0:立创元件名,10nF ±10% 16V,,
✓,修改属性,C_ADC0:Voltage Rating,16V,,
✓,修改属性,C_ADC0:描述,容值:10nF;精度:±10%;额定电压:16V;温度系数:X7R;,,
✓,修改属性,C_ADC0:嘉立创库类别,Extended Part,,
✓,修改属性,C_ADC0:数据手册,https://item.szlcsc.com/datasheet/GRM188R71C103KA01D/213028.html,,
✓,修改属性,C_ADC0:Temperature Coefficient,X7R,,
C_ADC1,,,,,
✓,新增属性,C_ADC1:Review Status,,,
✓,新增属性,C_ADC1:Circuit Role,,,
✓,修改属性,C_ADC1:通道ID,,$3I44,
✓,修改属性,C_ADC1:容差,±10%,,
✓,修改属性,C_ADC1:供应商封装,0603,,
✓,修改属性,C_ADC1:值,10nF,10nF X7R,
✓,修改属性,C_ADC1:立创元件名,10nF ±10% 16V,,
✓,修改属性,C_ADC1:Voltage Rating,16V,,
✓,修改属性,C_ADC1:描述,容值:10nF;精度:±10%;额定电压:16V;温度系数:X7R;,,
✓,修改属性,C_ADC1:嘉立创库类别,Extended Part,,
✓,修改属性,C_ADC1:数据手册,https://item.szlcsc.com/datasheet/GRM188R71C103KA01D/213028.html,,
✓,修改属性,C_ADC1:Temperature Coefficient,X7R,,
C_ADC2,,,,,
✓,新增属性,C_ADC2:Review Status,,,
✓,新增属性,C_ADC2:Circuit Role,,,
✓,修改属性,C_ADC2:通道ID,,$3I59,
✓,修改属性,C_ADC2:容差,±10%,,
✓,修改属性,C_ADC2:供应商封装,0603,,
✓,修改属性,C_ADC2:值,10nF,10nF X7R,
✓,修改属性,C_ADC2:立创元件名,10nF ±10% 16V,,
✓,修改属性,C_ADC2:Voltage Rating,16V,,
✓,修改属性,C_ADC2:描述,容值:10nF;精度:±10%;额定电压:16V;温度系数:X7R;,,
✓,修改属性,C_ADC2:嘉立创库类别,Extended Part,,
✓,修改属性,C_ADC2:数据手册,https://item.szlcsc.com/datasheet/GRM188R71C103KA01D/213028.html,,
✓,修改属性,C_ADC2:Temperature Coefficient,X7R,,
C_ADC3,,,,,
✓,新增属性,C_ADC3:Review Status,,,
✓,新增属性,C_ADC3:Circuit Role,,,
✓,修改属性,C_ADC3:通道ID,,$3I74,
✓,修改属性,C_ADC3:容差,±10%,,
✓,修改属性,C_ADC3:供应商封装,0603,,
✓,修改属性,C_ADC3:值,10nF,10nF X7R,
✓,修改属性,C_ADC3:立创元件名,10nF ±10% 16V,,
✓,修改属性,C_ADC3:Voltage Rating,16V,,
✓,修改属性,C_ADC3:描述,容值:10nF;精度:±10%;额定电压:16V;温度系数:X7R;,,
✓,修改属性,C_ADC3:嘉立创库类别,Extended Part,,
✓,修改属性,C_ADC3:数据手册,https://item.szlcsc.com/datasheet/GRM188R71C103KA01D/213028.html,,
✓,修改属性,C_ADC3:Temperature Coefficient,X7R,,
C_ADCA1,,,,,
✓,新增属性,C_ADCA1:Circuit Role,,,
✓,新增属性,C_ADCA1:Review Status,,R2 REVIEW / DYNAMIC_VALIDATION_HOLD / FAULT_PROTECTION_HOLD,
✓,修改属性,C_ADCA1:通道ID,,$4I44,
C_ADCA2,,,,,
✓,新增属性,C_ADCA2:Circuit Role,,,
✓,新增属性,C_ADCA2:Review Status,,R2 REVIEW / DYNAMIC_VALIDATION_HOLD / FAULT_PROTECTION_HOLD,
✓,修改属性,C_ADCA2:通道ID,,$4I47,
C_ADCD,,,,,
✓,新增属性,C_ADCD:Circuit Role,,,
✓,新增属性,C_ADCD:Review Status,,R2 REVIEW / DYNAMIC_VALIDATION_HOLD / FAULT_PROTECTION_HOLD,
✓,修改属性,C_ADCD:通道ID,,$4I50,
C_ADC_REFCAP,,,,,
✓,新增属性,C_ADC_REFCAP:Circuit Role,,Near REFCAP HF decoupler; >=1uF effective remains HOLD,
✓,新增属性,C_ADC_REFCAP:Review Status,,R2 REVIEW / DYNAMIC_VALIDATION_HOLD / FAULT_PROTECTION_HOLD,
✓,修改属性,C_ADC_REFCAP:通道ID,,$4I41,
✓,修改属性,C_ADC_REFCAP:值,2.2uF,2.2uF 50V X7R,
C_ADC_REFIO,,,,,
✓,新增属性,C_ADC_REFIO:Circuit Role,,Independent REFIO capacitor; supplemented by C_REFIO_B,
✓,新增属性,C_ADC_REFIO:Review Status,,R2 REVIEW / DYNAMIC_VALIDATION_HOLD / FAULT_PROTECTION_HOLD,
✓,修改属性,C_ADC_REFIO:通道ID,,$4I38,
✓,修改属性,C_ADC_REFIO:值,22uF,22uF 25V X7R,
C_AVDD9A,,,,,
✓,新增属性,C_AVDD9A:Circuit Role,,Pair 44uF nominal; >=10uF effective needs retained-bias-factor >=0.2971 after tolerance/temperature,
✓,新增属性,C_AVDD9A:Review Status,,R2 REVIEW / DYNAMIC_VALIDATION_HOLD / FAULT_PROTECTION_HOLD,
✓,修改属性,C_AVDD9A:通道ID,,$4I62,
✓,修改属性,C_AVDD9A:值,22uF,22uF 25V X7R,
C_AVDD9B,,,,,
✓,新增属性,C_AVDD9B:Circuit Role,,Pair 44uF nominal; >=10uF effective needs retained-bias-factor >=0.2971 after tolerance/temperature,
✓,新增属性,C_AVDD9B:Review Status,,R2 REVIEW / DYNAMIC_VALIDATION_HOLD / FAULT_PROTECTION_HOLD,
✓,修改属性,C_AVDD9B:通道ID,,$4I65,
✓,修改属性,C_AVDD9B:值,22uF,22uF 25V X7R,
C_AVDD9_HF,,,,,
✓,新增属性,C_AVDD9_HF:Review Status,,R2 REVIEW / DYNAMIC_VALIDATION_HOLD / FAULT_PROTECTION_HOLD,
✓,新增属性,C_AVDD9_HF:Circuit Role,,Require >=1uF effective; DC-bias curve not yet verified,
✓,修改属性,C_AVDD9_HF:通道ID,,$4I80,
✓,修改属性,C_AVDD9_HF:值,2.2uF,2.2uF 50V X7R,
C_AVDD30A,,,,,
✓,新增属性,C_AVDD30A:Circuit Role,,Pair 44uF nominal; >=10uF effective needs retained-bias-factor >=0.2971 after tolerance/temperature,
✓,新增属性,C_AVDD30A:Review Status,,R2 REVIEW / DYNAMIC_VALIDATION_HOLD / FAULT_PROTECTION_HOLD,
✓,修改属性,C_AVDD30A:通道ID,,$4I68,
✓,修改属性,C_AVDD30A:值,22uF,22uF 25V X7R,
C_AVDD30B,,,,,
✓,新增属性,C_AVDD30B:Circuit Role,,Pair 44uF nominal; >=10uF effective needs retained-bias-factor >=0.2971 after tolerance/temperature,
✓,新增属性,C_AVDD30B:Review Status,,R2 REVIEW / DYNAMIC_VALIDATION_HOLD / FAULT_PROTECTION_HOLD,
✓,修改属性,C_AVDD30B:通道ID,,$4I71,
✓,修改属性,C_AVDD30B:值,22uF,22uF 25V X7R,
C_AVDD30_HF,,,,,
✓,新增属性,C_AVDD30_HF:Review Status,,R2 REVIEW / DYNAMIC_VALIDATION_HOLD / FAULT_PROTECTION_HOLD,
✓,新增属性,C_AVDD30_HF:Circuit Role,,Require >=1uF effective; DC-bias curve not yet verified,
✓,修改属性,C_AVDD30_HF:通道ID,,$4I83,
✓,修改属性,C_AVDD30_HF:值,2.2uF,2.2uF 50V X7R,
C_BUF,,,,,
✓,新增属性,C_BUF:Circuit Role,,,
✓,新增属性,C_BUF:Review Status,,R2 REVIEW / DYNAMIC_VALIDATION_HOLD / FAULT_PROTECTION_HOLD,
✓,修改属性,C_BUF:通道ID,,$1I62,
C_DIV,,,,,
✓,新增属性,C_DIV:Circuit Role,,,
✓,新增属性,C_DIV:Review Status,,R2 REVIEW / DYNAMIC_VALIDATION_HOLD / FAULT_PROTECTION_HOLD,
✓,修改属性,C_DIV:通道ID,,$1I53,
C_DVDD34A,,,,,
✓,新增属性,C_DVDD34A:Circuit Role,,Pair 44uF nominal; >=10uF effective needs retained-bias-factor >=0.2971 after tolerance/temperature,
✓,新增属性,C_DVDD34A:Review Status,,R2 REVIEW / DYNAMIC_VALIDATION_HOLD / FAULT_PROTECTION_HOLD,
✓,修改属性,C_DVDD34A:通道ID,,$4I74,
✓,修改属性,C_DVDD34A:值,22uF,22uF 25V X7R,
C_DVDD34B,,,,,
✓,新增属性,C_DVDD34B:Circuit Role,,Pair 44uF nominal; >=10uF effective needs retained-bias-factor >=0.2971 after tolerance/temperature,
✓,新增属性,C_DVDD34B:Review Status,,R2 REVIEW / DYNAMIC_VALIDATION_HOLD / FAULT_PROTECTION_HOLD,
✓,修改属性,C_DVDD34B:通道ID,,$4I77,
✓,修改属性,C_DVDD34B:值,22uF,22uF 25V X7R,
C_LDO_IN,,,,,
✓,新增属性,C_LDO_IN:Circuit Role,,,
✓,新增属性,C_LDO_IN:Review Status,,R2 REVIEW / DYNAMIC_VALIDATION_HOLD / FAULT_PROTECTION_HOLD,
✓,修改属性,C_LDO_IN:通道ID,,$1I65,
✓,修改属性,C_LDO_IN:值,2.2uF,2.2uF 50V X7R,
C_LDO_OUT,,,,,
✓,新增属性,C_LDO_OUT:Circuit Role,,LDO output before reverse blocker; effective >=0.47uF required,
✓,新增属性,C_LDO_OUT:Review Status,,R2 REVIEW / DYNAMIC_VALIDATION_HOLD / FAULT_PROTECTION_HOLD,
✓,修改属性,C_LDO_OUT:通道ID,,$1I68,
✓,修改属性,C_LDO_OUT:值,2.2uF,2.2uF 50V X7R,
C_MCU1,,,,,
✓,新增属性,C_MCU1:Circuit Role,,,
✓,新增属性,C_MCU1:Review Status,,R2 REVIEW / DYNAMIC_VALIDATION_HOLD / FAULT_PROTECTION_HOLD,
✓,修改属性,C_MCU1:通道ID,,$5I37,
C_MCU_BULK,,,,,
✓,新增属性,C_MCU_BULK:Circuit Role,,,
✓,新增属性,C_MCU_BULK:Review Status,,R2 REVIEW / DYNAMIC_VALIDATION_HOLD / FAULT_PROTECTION_HOLD,
✓,修改属性,C_MCU_BULK:通道ID,,$5I40,
C_MUX,,,,,
✓,新增属性,C_MUX:Circuit Role,,,
✓,新增属性,C_MUX:Review Status,,R2 REVIEW / DYNAMIC_VALIDATION_HOLD / FAULT_PROTECTION_HOLD,
✓,修改属性,C_MUX:通道ID,,$2I88,
C_PWR,,,,,
✓,新增属性,C_PWR:Circuit Role,,,
✓,新增属性,C_PWR:Review Status,,R2 REVIEW / DYNAMIC_VALIDATION_HOLD / FAULT_PROTECTION_HOLD,
✓,修改属性,C_PWR:通道ID,,$1I56,
✓,修改属性,C_PWR:值,2.2uF,2.2uF 50V X7R,
C_REF,,,,,
✓,新增属性,C_REF:Circuit Role,,,
✓,新增属性,C_REF:Review Status,,R2 REVIEW / DYNAMIC_VALIDATION_HOLD / FAULT_PROTECTION_HOLD,
✓,修改属性,C_REF:通道ID,,$1I59,
C_REFCAP_BULKA,,,,,
✓,新增属性,C_REFCAP_BULKA:Circuit Role,,Pair 44uF nominal; >=10uF effective needs retained-bias-factor >=0.2971 after tolerance/temperature,
✓,新增属性,C_REFCAP_BULKA:Review Status,,R2 REVIEW / DYNAMIC_VALIDATION_HOLD / FAULT_PROTECTION_HOLD,
✓,修改属性,C_REFCAP_BULKA:通道ID,,$4I56,
✓,修改属性,C_REFCAP_BULKA:值,22uF,22uF 25V X7R,
C_REFCAP_BULKB,,,,,
✓,新增属性,C_REFCAP_BULKB:Circuit Role,,Pair 44uF nominal; >=10uF effective needs retained-bias-factor >=0.2971 after tolerance/temperature,
✓,新增属性,C_REFCAP_BULKB:Review Status,,R2 REVIEW / DYNAMIC_VALIDATION_HOLD / FAULT_PROTECTION_HOLD,
✓,修改属性,C_REFCAP_BULKB:通道ID,,$4I59,
✓,修改属性,C_REFCAP_BULKB:值,22uF,22uF 25V X7R,
C_REFIO_B,,,,,
✓,新增属性,C_REFIO_B:Circuit Role,,REFIO combined >=10uF effective remains HOLD,
✓,新增属性,C_REFIO_B:Review Status,,R2 REVIEW / DYNAMIC_VALIDATION_HOLD / FAULT_PROTECTION_HOLD,
✓,修改属性,C_REFIO_B:通道ID,,$4I53,
✓,修改属性,C_REFIO_B:值,22uF,22uF 25V X7R,
C_ROW_HF0,,,,,
✓,新增属性,C_ROW_HF0:Circuit Role,,,
✓,新增属性,C_ROW_HF0:Review Status,,R2 REVIEW / DYNAMIC_VALIDATION_HOLD / FAULT_PROTECTION_HOLD,
✓,修改属性,C_ROW_HF0:通道ID,,$2I43,
✓,修改属性,C_ROW_HF0:值,100pF,100pF 50V C0G,
C_ROW_HF1,,,,,
✓,新增属性,C_ROW_HF1:Circuit Role,,,
✓,新增属性,C_ROW_HF1:Review Status,,R2 REVIEW / DYNAMIC_VALIDATION_HOLD / FAULT_PROTECTION_HOLD,
✓,修改属性,C_ROW_HF1:通道ID,,$2I55,
✓,修改属性,C_ROW_HF1:值,100pF,100pF 50V C0G,
C_ROW_HF2,,,,,
✓,新增属性,C_ROW_HF2:Circuit Role,,,
✓,新增属性,C_ROW_HF2:Review Status,,R2 REVIEW / DYNAMIC_VALIDATION_HOLD / FAULT_PROTECTION_HOLD,
✓,修改属性,C_ROW_HF2:通道ID,,$2I67,
✓,修改属性,C_ROW_HF2:值,100pF,100pF 50V C0G,
C_ROW_HF3,,,,,
✓,新增属性,C_ROW_HF3:Circuit Role,,,
✓,新增属性,C_ROW_HF3:Review Status,,R2 REVIEW / DYNAMIC_VALIDATION_HOLD / FAULT_PROTECTION_HOLD,
✓,修改属性,C_ROW_HF3:通道ID,,$2I79,
✓,修改属性,C_ROW_HF3:值,100pF,100pF 50V C0G,
C_ROW_OP,,,,,
✓,新增属性,C_ROW_OP:Circuit Role,,,
✓,新增属性,C_ROW_OP:Review Status,,R2 REVIEW / DYNAMIC_VALIDATION_HOLD / FAULT_PROTECTION_HOLD,
✓,修改属性,C_ROW_OP:通道ID,,$2I85,
C_RST,,,,,
✓,新增属性,C_RST:Circuit Role,,Moved reset RC capacitor to auxiliary supply decoupling; supervisor CT supplies reset delay,
✓,新增属性,C_RST:Review Status,,R2 REVIEW / DYNAMIC_VALIDATION_HOLD / FAULT_PROTECTION_HOLD,
✓,修改属性,C_RST:通道ID,,$5I34,
C_TIA_HF0,,,,,
✓,新增属性,C_TIA_HF0:Circuit Role,,08 approved mature feedback ECO; actual bench pending,
✓,新增属性,C_TIA_HF0:Review Status,,R2.1 engineering review; BENCH_PENDING,
✓,修改属性,C_TIA_HF0:通道ID,,$3I184,
✓,修改属性,C_TIA_HF0:值,22pF,22pF 50V C0G,
C_TIA_HF1,,,,,
✓,新增属性,C_TIA_HF1:Circuit Role,,08 approved mature feedback ECO; actual bench pending,
✓,新增属性,C_TIA_HF1:Review Status,,R2.1 engineering review; BENCH_PENDING,
✓,修改属性,C_TIA_HF1:通道ID,,$3I187,
✓,修改属性,C_TIA_HF1:值,22pF,22pF 50V C0G,
C_TIA_HF2,,,,,
✓,新增属性,C_TIA_HF2:Circuit Role,,08 approved mature feedback ECO; actual bench pending,
✓,新增属性,C_TIA_HF2:Review Status,,R2.1 engineering review; BENCH_PENDING,
✓,修改属性,C_TIA_HF2:通道ID,,$3I190,
✓,修改属性,C_TIA_HF2:值,22pF,22pF 50V C0G,
C_TIA_HF3,,,,,
✓,新增属性,C_TIA_HF3:Circuit Role,,08 approved mature feedback ECO; actual bench pending,
✓,新增属性,C_TIA_HF3:Review Status,,R2.1 engineering review; BENCH_PENDING,
✓,修改属性,C_TIA_HF3:通道ID,,$3I193,
✓,修改属性,C_TIA_HF3:值,22pF,22pF 50V C0G,
C_TIA_OP,,,,,
✓,新增属性,C_TIA_OP:Circuit Role,,,
✓,新增属性,C_TIA_OP:Review Status,,R2 REVIEW / DYNAMIC_VALIDATION_HOLD / FAULT_PROTECTION_HOLD,
✓,修改属性,C_TIA_OP:通道ID,,$3I77,
C_U13,,,,,
✓,新增属性,C_U13:Circuit Role,,,
✓,新增属性,C_U13:Review Status,,R2 REVIEW ONLY,
✓,修改属性,C_U13:通道ID,,$6I96,
C_U14,,,,,
✓,新增属性,C_U14:Circuit Role,,,
✓,新增属性,C_U14:Review Status,,R2 REVIEW / DYNAMIC_VALIDATION_HOLD / FAULT_PROTECTION_HOLD,
✓,修改属性,C_U14:通道ID,,$2I131,
C_U15,,,,,
✓,新增属性,C_U15:Circuit Role,,,
✓,新增属性,C_U15:Review Status,,R2 REVIEW ONLY,
✓,修改属性,C_U15:通道ID,,$6I92,
C_VCM_HF,,,,,
✓,新增属性,C_VCM_HF:Circuit Role,,08 approved mature feedback ECO; actual bench pending,
✓,新增属性,C_VCM_HF:Review Status,,R2.1 engineering review; BENCH_PENDING,
✓,修改属性,C_VCM_HF:通道ID,,$1I150,
✓,修改属性,C_VCM_HF:值,100pF,100pF 50V C0G,
C_VEX_HF,,,,,
✓,新增属性,C_VEX_HF:Circuit Role,,08 approved mature feedback ECO; actual bench pending,
✓,新增属性,C_VEX_HF:Review Status,,R2.1 engineering review; BENCH_PENDING,
✓,修改属性,C_VEX_HF:通道ID,,$1I156,
✓,修改属性,C_VEX_HF:值,100pF,100pF 50V C0G,
D_J3_1,,,,,
✓,新增属性,D_J3_1:Circuit Role,,Output/connector rail clamp; leakage and Vf/thermal corners remain HOLD,
✓,新增属性,D_J3_1:Review Status,,R2 REVIEW / DYNAMIC_VALIDATION_HOLD / FAULT_PROTECTION_HOLD,
✓,修改属性,D_J3_1:通道ID,,$5I46,
D_J3_3,,,,,
✓,新增属性,D_J3_3:Circuit Role,,Output/connector rail clamp; leakage and Vf/thermal corners remain HOLD,
✓,新增属性,D_J3_3:Review Status,,R2 REVIEW / DYNAMIC_VALIDATION_HOLD / FAULT_PROTECTION_HOLD,
✓,修改属性,D_J3_3:通道ID,,$5I53,
D_J3_4,,,,,
✓,新增属性,D_J3_4:Circuit Role,,Output/connector rail clamp; leakage and Vf/thermal corners remain HOLD,
✓,新增属性,D_J3_4:Review Status,,R2 REVIEW / DYNAMIC_VALIDATION_HOLD / FAULT_PROTECTION_HOLD,
✓,修改属性,D_J3_4:通道ID,,$5I60,
D_J3_5,,,,,
✓,新增属性,D_J3_5:Circuit Role,,Output/connector rail clamp; leakage and Vf/thermal corners remain HOLD,
✓,新增属性,D_J3_5:Review Status,,R2 REVIEW / DYNAMIC_VALIDATION_HOLD / FAULT_PROTECTION_HOLD,
✓,修改属性,D_J3_5:通道ID,,$5I67,
D_J4_1,,,,,
✓,新增属性,D_J4_1:Circuit Role,,Output/connector rail clamp; leakage and Vf/thermal corners remain HOLD,
✓,新增属性,D_J4_1:Review Status,,R2 REVIEW / DYNAMIC_VALIDATION_HOLD / FAULT_PROTECTION_HOLD,
✓,修改属性,D_J4_1:通道ID,,$5I74,
D_J4_3,,,,,
✓,新增属性,D_J4_3:Circuit Role,,Output/connector rail clamp; leakage and Vf/thermal corners remain HOLD,
✓,新增属性,D_J4_3:Review Status,,R2 REVIEW / DYNAMIC_VALIDATION_HOLD / FAULT_PROTECTION_HOLD,
✓,修改属性,D_J4_3:通道ID,,$5I81,
D_J4_4,,,,,
✓,新增属性,D_J4_4:Circuit Role,,Output/connector rail clamp; leakage and Vf/thermal corners remain HOLD,
✓,新增属性,D_J4_4:Review Status,,R2 REVIEW / DYNAMIC_VALIDATION_HOLD / FAULT_PROTECTION_HOLD,
✓,修改属性,D_J4_4:通道ID,,$5I88,
D_ROW0,,,,,
✓,新增属性,D_ROW0:Circuit Role,,Output/connector rail clamp; leakage and Vf/thermal corners remain HOLD,
✓,新增属性,D_ROW0:Review Status,,R2 REVIEW / DYNAMIC_VALIDATION_HOLD / FAULT_PROTECTION_HOLD,
✓,修改属性,D_ROW0:通道ID,,$2I100,
D_ROW1,,,,,
✓,新增属性,D_ROW1:Circuit Role,,Output/connector rail clamp; leakage and Vf/thermal corners remain HOLD,
✓,新增属性,D_ROW1:Review Status,,R2 REVIEW / DYNAMIC_VALIDATION_HOLD / FAULT_PROTECTION_HOLD,
✓,修改属性,D_ROW1:通道ID,,$2I104,
D_ROW2,,,,,
✓,新增属性,D_ROW2:Circuit Role,,Output/connector rail clamp; leakage and Vf/thermal corners remain HOLD,
✓,新增属性,D_ROW2:Review Status,,R2 REVIEW / DYNAMIC_VALIDATION_HOLD / FAULT_PROTECTION_HOLD,
✓,修改属性,D_ROW2:通道ID,,$2I108,
D_ROW3,,,,,
✓,新增属性,D_ROW3:Circuit Role,,Output/connector rail clamp; leakage and Vf/thermal corners remain HOLD,
✓,新增属性,D_ROW3:Review Status,,R2 REVIEW / DYNAMIC_VALIDATION_HOLD / FAULT_PROTECTION_HOLD,
✓,修改属性,D_ROW3:通道ID,,$2I112,
D_TIA0,,,,,
✓,新增属性,D_TIA0:Circuit Role,,Output/connector rail clamp; leakage and Vf/thermal corners remain HOLD,
✓,新增属性,D_TIA0:Review Status,,R2 REVIEW / DYNAMIC_VALIDATION_HOLD / FAULT_PROTECTION_HOLD,
✓,修改属性,D_TIA0:通道ID,,$3I83,
D_TIA1,,,,,
✓,新增属性,D_TIA1:Circuit Role,,Output/connector rail clamp; leakage and Vf/thermal corners remain HOLD,
✓,新增属性,D_TIA1:Review Status,,R2 REVIEW / DYNAMIC_VALIDATION_HOLD / FAULT_PROTECTION_HOLD,
✓,修改属性,D_TIA1:通道ID,,$3I90,
D_TIA2,,,,,
✓,新增属性,D_TIA2:Circuit Role,,Output/connector rail clamp; leakage and Vf/thermal corners remain HOLD,
✓,新增属性,D_TIA2:Review Status,,R2 REVIEW / DYNAMIC_VALIDATION_HOLD / FAULT_PROTECTION_HOLD,
✓,修改属性,D_TIA2:通道ID,,$3I97,
D_TIA3,,,,,
✓,新增属性,D_TIA3:Circuit Role,,Output/connector rail clamp; leakage and Vf/thermal corners remain HOLD,
✓,新增属性,D_TIA3:Review Status,,R2 REVIEW / DYNAMIC_VALIDATION_HOLD / FAULT_PROTECTION_HOLD,
✓,修改属性,D_TIA3:通道ID,,$3I104,
D_VCM,,,,,
✓,新增属性,D_VCM:Circuit Role,,Output/connector rail clamp; leakage and Vf/thermal corners remain HOLD,
✓,新增属性,D_VCM:Review Status,,R2 REVIEW / DYNAMIC_VALIDATION_HOLD / FAULT_PROTECTION_HOLD,
✓,修改属性,D_VCM:通道ID,,$1I77,
D_VEX,,,,,
✓,新增属性,D_VEX:Circuit Role,,Output/connector rail clamp; leakage and Vf/thermal corners remain HOLD,
✓,新增属性,D_VEX:Review Status,,R2 REVIEW / DYNAMIC_VALIDATION_HOLD / FAULT_PROTECTION_HOLD,
✓,修改属性,D_VEX:通道ID,,$1I81,
J1,,,,,
✓,新增属性,J1:制造商,,,
✓,新增属性,J1:制造商编号,,,
✓,新增属性,J1:供应商,,,
✓,新增属性,J1:Review Status,,R2 REVIEW / DYNAMIC_VALIDATION_HOLD / FAULT_PROTECTION_HOLD,
✓,新增属性,J1:Circuit Role,,Regulated 5V nominal input; actual V5 must be qualified before valid data,
✓,修改属性,J1:通道ID,,$1I2,
✓,修改属性,J1:名称,,HDR-M_2.54_1x2P,
J2,,,,,
✓,新增属性,J2:制造商,,,
✓,新增属性,J2:制造商编号,,,
✓,新增属性,J2:供应商,,,
✓,新增属性,J2:Circuit Role,,FIXED8-wire external4x4 array; no16 sensor resistors mounted on this board,
✓,新增属性,J2:Review Status,,R2 REVIEW / DYNAMIC_VALIDATION_HOLD / FAULT_PROTECTION_HOLD,
✓,修改属性,J2:通道ID,,$2I91,
J3,,,,,
✓,新增属性,J3:制造商,,,
✓,新增属性,J3:制造商编号,,,
✓,新增属性,J3:供应商,,,
✓,新增属性,J3:Review Status,,R2 REVIEW / DYNAMIC_VALIDATION_HOLD / FAULT_PROTECTION_HOLD,
✓,新增属性,J3:Circuit Role,,"SWD/programming;3V3 sense, no external5V",
✓,修改属性,J3:通道ID,,$5I20,
J4,,,,,
✓,新增属性,J4:制造商,,,
✓,新增属性,J4:制造商编号,,,
✓,新增属性,J4:供应商,,,
✓,新增属性,J4:Circuit Role,,3V3 UART logic only; no directRS232/5V UART,
✓,新增属性,J4:Review Status,,R2 REVIEW / DYNAMIC_VALIDATION_HOLD / FAULT_PROTECTION_HOLD,
✓,修改属性,J4:通道ID,,$5I26,
RD_B1,,,,,
✓,新增属性,RD_B1:Circuit Role,,9 series precision10k = nominal90k,
✓,新增属性,RD_B1:Review Status,,R2 REVIEW / DYNAMIC_VALIDATION_HOLD / FAULT_PROTECTION_HOLD,
✓,修改属性,RD_B1:通道ID,,$1I26,
✓,修改属性,RD_B1:值,10kΩ,10k 0.1%,
RD_B2,,,,,
✓,新增属性,RD_B2:Circuit Role,,9 series precision10k = nominal90k,
✓,新增属性,RD_B2:Review Status,,R2 REVIEW / DYNAMIC_VALIDATION_HOLD / FAULT_PROTECTION_HOLD,
✓,修改属性,RD_B2:通道ID,,$1I29,
✓,修改属性,RD_B2:值,10kΩ,10k 0.1%,
RD_B3,,,,,
✓,新增属性,RD_B3:Circuit Role,,9 series precision10k = nominal90k,
✓,新增属性,RD_B3:Review Status,,R2 REVIEW / DYNAMIC_VALIDATION_HOLD / FAULT_PROTECTION_HOLD,
✓,修改属性,RD_B3:通道ID,,$1I32,
✓,修改属性,RD_B3:值,10kΩ,10k 0.1%,
RD_B4,,,,,
✓,新增属性,RD_B4:Circuit Role,,9 series precision10k = nominal90k,
✓,新增属性,RD_B4:Review Status,,R2 REVIEW / DYNAMIC_VALIDATION_HOLD / FAULT_PROTECTION_HOLD,
✓,修改属性,RD_B4:通道ID,,$1I35,
✓,修改属性,RD_B4:值,10kΩ,10k 0.1%,
RD_B5,,,,,
✓,新增属性,RD_B5:Circuit Role,,9 series precision10k = nominal90k,
✓,新增属性,RD_B5:Review Status,,R2 REVIEW / DYNAMIC_VALIDATION_HOLD / FAULT_PROTECTION_HOLD,
✓,修改属性,RD_B5:通道ID,,$1I38,
✓,修改属性,RD_B5:值,10kΩ,10k 0.1%,
RD_B6,,,,,
✓,新增属性,RD_B6:Circuit Role,,9 series precision10k = nominal90k,
✓,新增属性,RD_B6:Review Status,,R2 REVIEW / DYNAMIC_VALIDATION_HOLD / FAULT_PROTECTION_HOLD,
✓,修改属性,RD_B6:通道ID,,$1I41,
✓,修改属性,RD_B6:值,10kΩ,10k 0.1%,
RD_B7,,,,,
✓,新增属性,RD_B7:Circuit Role,,9 series precision10k = nominal90k,
✓,新增属性,RD_B7:Review Status,,R2 REVIEW / DYNAMIC_VALIDATION_HOLD / FAULT_PROTECTION_HOLD,
✓,修改属性,RD_B7:通道ID,,$1I44,
✓,修改属性,RD_B7:值,10kΩ,10k 0.1%,
RD_B8,,,,,
✓,新增属性,RD_B8:Circuit Role,,9 series precision10k = nominal90k,
✓,新增属性,RD_B8:Review Status,,R2 REVIEW / DYNAMIC_VALIDATION_HOLD / FAULT_PROTECTION_HOLD,
✓,修改属性,RD_B8:通道ID,,$1I47,
✓,修改属性,RD_B8:值,10kΩ,10k 0.1%,
RD_B9,,,,,
✓,新增属性,RD_B9:Circuit Role,,9 series precision10k = nominal90k,
✓,新增属性,RD_B9:Review Status,,R2 REVIEW / DYNAMIC_VALIDATION_HOLD / FAULT_PROTECTION_HOLD,
✓,修改属性,RD_B9:通道ID,,$1I50,
✓,修改属性,RD_B9:值,10kΩ,10k 0.1%,
RD_TOP,,,,,
✓,新增属性,RD_TOP:Circuit Role,,,
✓,新增属性,RD_TOP:Review Status,,R2 REVIEW / DYNAMIC_VALIDATION_HOLD / FAULT_PROTECTION_HOLD,
✓,修改属性,RD_TOP:通道ID,,$1I23,
✓,修改属性,RD_TOP:值,10kΩ,10k 0.1%,
RF0,,,,,
✓,新增属性,RF0:Circuit Role,,,
✓,新增属性,RF0:Review Status,,R2 REVIEW / DYNAMIC_VALIDATION_HOLD / FAULT_PROTECTION_HOLD,
✓,修改属性,RF0:通道ID,,$3I20,
✓,修改属性,RF0:值,4.99kΩ,4.99k 0.1%,
RF1,,,,,
✓,新增属性,RF1:Circuit Role,,,
✓,新增属性,RF1:Review Status,,R2 REVIEW / DYNAMIC_VALIDATION_HOLD / FAULT_PROTECTION_HOLD,
✓,修改属性,RF1:通道ID,,$3I35,
✓,修改属性,RF1:值,4.99kΩ,4.99k 0.1%,
RF2,,,,,
✓,新增属性,RF2:Circuit Role,,,
✓,新增属性,RF2:Review Status,,R2 REVIEW / DYNAMIC_VALIDATION_HOLD / FAULT_PROTECTION_HOLD,
✓,修改属性,RF2:通道ID,,$3I50,
✓,修改属性,RF2:值,4.99kΩ,4.99k 0.1%,
RF3,,,,,
✓,新增属性,RF3:Circuit Role,,,
✓,新增属性,RF3:Review Status,,R2 REVIEW / DYNAMIC_VALIDATION_HOLD / FAULT_PROTECTION_HOLD,
✓,修改属性,RF3:通道ID,,$3I65,
✓,修改属性,RF3:值,4.99kΩ,4.99k 0.1%,
R_ADC0,,,,,
✓,新增属性,R_ADC0:Circuit Role,,,
✓,新增属性,R_ADC0:Review Status,,R2 REVIEW / DYNAMIC_VALIDATION_HOLD / FAULT_PROTECTION_HOLD,
✓,修改属性,R_ADC0:通道ID,,$3I26,
✓,修改属性,R_ADC0:值,100Ω,100R 1%,
R_ADC1,,,,,
✓,新增属性,R_ADC1:Circuit Role,,,
✓,新增属性,R_ADC1:Review Status,,R2 REVIEW / DYNAMIC_VALIDATION_HOLD / FAULT_PROTECTION_HOLD,
✓,修改属性,R_ADC1:通道ID,,$3I41,
✓,修改属性,R_ADC1:值,100Ω,100R 1%,
R_ADC2,,,,,
✓,新增属性,R_ADC2:Circuit Role,,,
✓,新增属性,R_ADC2:Review Status,,R2 REVIEW / DYNAMIC_VALIDATION_HOLD / FAULT_PROTECTION_HOLD,
✓,修改属性,R_ADC2:通道ID,,$3I56,
✓,修改属性,R_ADC2:值,100Ω,100R 1%,
R_ADC3,,,,,
✓,新增属性,R_ADC3:Circuit Role,,,
✓,新增属性,R_ADC3:Review Status,,R2 REVIEW / DYNAMIC_VALIDATION_HOLD / FAULT_PROTECTION_HOLD,
✓,修改属性,R_ADC3:通道ID,,$3I71,
✓,修改属性,R_ADC3:值,100Ω,100R 1%,
R_ADC_RESET_PD,,,,,
✓,新增属性,R_ADC_RESET_PD:Circuit Role,,,
✓,新增属性,R_ADC_RESET_PD:Review Status,,R2 REVIEW / DYNAMIC_VALIDATION_HOLD / FAULT_PROTECTION_HOLD,
✓,修改属性,R_ADC_RESET_PD:通道ID,,$4I35,
✓,修改属性,R_ADC_RESET_PD:值,100kΩ,100k 1%,
R_COL_SENSE0,,,,,
✓,新增属性,R_COL_SENSE0:Circuit Role,,Input clamp current limiting; added pole requires macro-model verification,
✓,新增属性,R_COL_SENSE0:Review Status,,R2 REVIEW / DYNAMIC_VALIDATION_HOLD / FAULT_PROTECTION_HOLD,
✓,修改属性,R_COL_SENSE0:通道ID,,$3I17,
✓,修改属性,R_COL_SENSE0:值,10kΩ,10k 0.1%,
R_COL_SENSE1,,,,,
✓,新增属性,R_COL_SENSE1:Circuit Role,,Input clamp current limiting; added pole requires macro-model verification,
✓,新增属性,R_COL_SENSE1:Review Status,,R2 REVIEW / DYNAMIC_VALIDATION_HOLD / FAULT_PROTECTION_HOLD,
✓,修改属性,R_COL_SENSE1:通道ID,,$3I32,
✓,修改属性,R_COL_SENSE1:值,10kΩ,10k 0.1%,
R_COL_SENSE2,,,,,
✓,新增属性,R_COL_SENSE2:Circuit Role,,Input clamp current limiting; added pole requires macro-model verification,
✓,新增属性,R_COL_SENSE2:Review Status,,R2 REVIEW / DYNAMIC_VALIDATION_HOLD / FAULT_PROTECTION_HOLD,
✓,修改属性,R_COL_SENSE2:通道ID,,$3I47,
✓,修改属性,R_COL_SENSE2:值,10kΩ,10k 0.1%,
R_COL_SENSE3,,,,,
✓,新增属性,R_COL_SENSE3:Circuit Role,,Input clamp current limiting; added pole requires macro-model verification,
✓,新增属性,R_COL_SENSE3:Review Status,,R2 REVIEW / DYNAMIC_VALIDATION_HOLD / FAULT_PROTECTION_HOLD,
✓,修改属性,R_COL_SENSE3:通道ID,,$3I62,
✓,修改属性,R_COL_SENSE3:值,10kΩ,10k 0.1%,
R_CS_PU,,,,,
✓,新增属性,R_CS_PU:Circuit Role,,,
✓,新增属性,R_CS_PU:Review Status,,R2 REVIEW / DYNAMIC_VALIDATION_HOLD / FAULT_PROTECTION_HOLD,
✓,修改属性,R_CS_PU:通道ID,,$4I32,
✓,修改属性,R_CS_PU:值,10kΩ,10k 0.1%,
R_ENABLE_PD,,,,,
✓,新增属性,R_ENABLE_PD:Circuit Role,,,
✓,新增属性,R_ENABLE_PD:Review Status,,R2 REVIEW ONLY,
✓,修改属性,R_ENABLE_PD:通道ID,,$6I94,
✓,修改属性,R_ENABLE_PD:值,100kΩ,100k 1%,
R_HW_PD,,,,,
✓,新增属性,R_HW_PD:Circuit Role,,,
✓,新增属性,R_HW_PD:Review Status,,R2 REVIEW ONLY,
✓,修改属性,R_HW_PD:通道ID,,$6I95,
✓,修改属性,R_HW_PD:值,100kΩ,100k 1%,
R_ISO0,,,,,
✓,新增属性,R_ISO0:Circuit Role,,Output limit; full DC feedback after resistor; dynamic HOLD,
✓,新增属性,R_ISO0:Review Status,,R2 REVIEW / DYNAMIC_VALIDATION_HOLD / FAULT_PROTECTION_HOLD,
✓,修改属性,R_ISO0:通道ID,,$2I37,
✓,修改属性,R_ISO0:值,1kΩ,1k 1%,
R_ISO1,,,,,
✓,新增属性,R_ISO1:Circuit Role,,Output limit; full DC feedback after resistor; dynamic HOLD,
✓,新增属性,R_ISO1:Review Status,,R2 REVIEW / DYNAMIC_VALIDATION_HOLD / FAULT_PROTECTION_HOLD,
✓,修改属性,R_ISO1:通道ID,,$2I49,
✓,修改属性,R_ISO1:值,1kΩ,1k 1%,
R_ISO2,,,,,
✓,新增属性,R_ISO2:Circuit Role,,Output limit; full DC feedback after resistor; dynamic HOLD,
✓,新增属性,R_ISO2:Review Status,,R2 REVIEW / DYNAMIC_VALIDATION_HOLD / FAULT_PROTECTION_HOLD,
✓,修改属性,R_ISO2:通道ID,,$2I61,
✓,修改属性,R_ISO2:值,1kΩ,1k 1%,
R_ISO3,,,,,
✓,新增属性,R_ISO3:Circuit Role,,Output limit; full DC feedback after resistor; dynamic HOLD,
✓,新增属性,R_ISO3:Review Status,,R2 REVIEW / DYNAMIC_VALIDATION_HOLD / FAULT_PROTECTION_HOLD,
✓,修改属性,R_ISO3:通道ID,,$2I73,
✓,修改属性,R_ISO3:值,1kΩ,1k 1%,
R_J3_1,,,,,
✓,新增属性,R_J3_1:Circuit Role,,External probe/programmer no board power input; current limited even on sense pins,
✓,新增属性,R_J3_1:Review Status,,R2 REVIEW / DYNAMIC_VALIDATION_HOLD / FAULT_PROTECTION_HOLD,
✓,修改属性,R_J3_1:通道ID,,$5I43,
✓,修改属性,R_J3_1:值,4.99kΩ,4.99k 0.1%,
R_J3_3,,,,,
✓,新增属性,R_J3_3:Circuit Role,,External probe/programmer no board power input; current limited even on sense pins,
✓,新增属性,R_J3_3:Review Status,,R2 REVIEW / DYNAMIC_VALIDATION_HOLD / FAULT_PROTECTION_HOLD,
✓,修改属性,R_J3_3:通道ID,,$5I50,
✓,修改属性,R_J3_3:值,4.99kΩ,4.99k 0.1%,
R_J3_4,,,,,
✓,新增属性,R_J3_4:Circuit Role,,External probe/programmer no board power input; current limited even on sense pins,
✓,新增属性,R_J3_4:Review Status,,R2 REVIEW / DYNAMIC_VALIDATION_HOLD / FAULT_PROTECTION_HOLD,
✓,修改属性,R_J3_4:通道ID,,$5I57,
✓,修改属性,R_J3_4:值,4.99kΩ,4.99k 0.1%,
R_J3_5,,,,,
✓,新增属性,R_J3_5:Circuit Role,,"Direct external OD/OC reset, VOL<=0.4V, release HiZ; no push-pull high",
✓,修改属性,R_J3_5:通道ID,,$5I161,
✓,修改属性,R_J3_5:值,1kΩ,1k 1%,
R_J4_1,,,,,
✓,新增属性,R_J4_1:Circuit Role,,External probe/programmer no board power input; current limited even on sense pins,
✓,新增属性,R_J4_1:Review Status,,R2 REVIEW / DYNAMIC_VALIDATION_HOLD / FAULT_PROTECTION_HOLD,
✓,修改属性,R_J4_1:通道ID,,$5I71,
✓,修改属性,R_J4_1:值,4.99kΩ,4.99k 0.1%,
R_J4_3,,,,,
✓,新增属性,R_J4_3:Circuit Role,,External probe/programmer no board power input; current limited even on sense pins,
✓,新增属性,R_J4_3:Review Status,,R2 REVIEW / DYNAMIC_VALIDATION_HOLD / FAULT_PROTECTION_HOLD,
✓,修改属性,R_J4_3:通道ID,,$5I78,
✓,修改属性,R_J4_3:值,4.99kΩ,4.99k 0.1%,
R_J4_4,,,,,
✓,新增属性,R_J4_4:Circuit Role,,External probe/programmer no board power input; current limited even on sense pins,
✓,新增属性,R_J4_4:Review Status,,R2 REVIEW / DYNAMIC_VALIDATION_HOLD / FAULT_PROTECTION_HOLD,
✓,修改属性,R_J4_4:通道ID,,$5I85,
✓,修改属性,R_J4_4:值,4.99kΩ,4.99k 0.1%,
R_ROW_FB0,,,,,
✓,新增属性,R_ROW_FB0:Circuit Role,,,
✓,新增属性,R_ROW_FB0:Review Status,,R2 REVIEW / DYNAMIC_VALIDATION_HOLD / FAULT_PROTECTION_HOLD,
✓,修改属性,R_ROW_FB0:通道ID,,$2I40,
✓,修改属性,R_ROW_FB0:值,4.99kΩ,4.99k 0.1%,
R_ROW_FB1,,,,,
✓,新增属性,R_ROW_FB1:Circuit Role,,,
✓,新增属性,R_ROW_FB1:Review Status,,R2 REVIEW / DYNAMIC_VALIDATION_HOLD / FAULT_PROTECTION_HOLD,
✓,修改属性,R_ROW_FB1:通道ID,,$2I52,
✓,修改属性,R_ROW_FB1:值,4.99kΩ,4.99k 0.1%,
R_ROW_FB2,,,,,
✓,新增属性,R_ROW_FB2:Circuit Role,,,
✓,新增属性,R_ROW_FB2:Review Status,,R2 REVIEW / DYNAMIC_VALIDATION_HOLD / FAULT_PROTECTION_HOLD,
✓,修改属性,R_ROW_FB2:通道ID,,$2I64,
✓,修改属性,R_ROW_FB2:值,4.99kΩ,4.99k 0.1%,
R_ROW_FB3,,,,,
✓,新增属性,R_ROW_FB3:Circuit Role,,,
✓,新增属性,R_ROW_FB3:Review Status,,R2 REVIEW / DYNAMIC_VALIDATION_HOLD / FAULT_PROTECTION_HOLD,
✓,修改属性,R_ROW_FB3:通道ID,,$2I76,
✓,修改属性,R_ROW_FB3:值,4.99kΩ,4.99k 0.1%,
R_RST,,,,,
✓,新增属性,R_RST:Circuit Role,,,
✓,新增属性,R_RST:Review Status,,R2 REVIEW / DYNAMIC_VALIDATION_HOLD / FAULT_PROTECTION_HOLD,
✓,修改属性,R_RST:通道ID,,$5I31,
✓,修改属性,R_RST:值,10kΩ,10k 0.1%,
R_SEL_PD0,,,,,
✓,新增属性,R_SEL_PD0:Review Status,,R2 REVIEW / DYNAMIC_VALIDATION_HOLD / FAULT_PROTECTION_HOLD,
✓,新增属性,R_SEL_PD0:Circuit Role,,Reset/3V3-loss default SEL low,
✓,修改属性,R_SEL_PD0:通道ID,,$2I46,
✓,修改属性,R_SEL_PD0:值,100kΩ,100k 1%,
R_SEL_PD1,,,,,
✓,新增属性,R_SEL_PD1:Review Status,,R2 REVIEW / DYNAMIC_VALIDATION_HOLD / FAULT_PROTECTION_HOLD,
✓,新增属性,R_SEL_PD1:Circuit Role,,Reset/3V3-loss default SEL low,
✓,修改属性,R_SEL_PD1:通道ID,,$2I58,
✓,修改属性,R_SEL_PD1:值,100kΩ,100k 1%,
R_SEL_PD2,,,,,
✓,新增属性,R_SEL_PD2:Review Status,,R2 REVIEW / DYNAMIC_VALIDATION_HOLD / FAULT_PROTECTION_HOLD,
✓,新增属性,R_SEL_PD2:Circuit Role,,Reset/3V3-loss default SEL low,
✓,修改属性,R_SEL_PD2:通道ID,,$2I70,
✓,修改属性,R_SEL_PD2:值,100kΩ,100k 1%,
R_SEL_PD3,,,,,
✓,新增属性,R_SEL_PD3:Review Status,,R2 REVIEW / DYNAMIC_VALIDATION_HOLD / FAULT_PROTECTION_HOLD,
✓,新增属性,R_SEL_PD3:Circuit Role,,Reset/3V3-loss default SEL low,
✓,修改属性,R_SEL_PD3:通道ID,,$2I82,
✓,修改属性,R_SEL_PD3:值,100kΩ,100k 1%,
R_TIA_ISO0,,,,,
✓,新增属性,R_TIA_ISO0:Circuit Role,,All RF/CF and ADC takeoff after 1k output isolation,
✓,新增属性,R_TIA_ISO0:Review Status,,R2 REVIEW / DYNAMIC_VALIDATION_HOLD / FAULT_PROTECTION_HOLD,
✓,修改属性,R_TIA_ISO0:通道ID,,$3I80,
✓,修改属性,R_TIA_ISO0:值,1kΩ,1k 1%,
R_TIA_ISO1,,,,,
✓,新增属性,R_TIA_ISO1:Circuit Role,,All RF/CF and ADC takeoff after 1k output isolation,
✓,新增属性,R_TIA_ISO1:Review Status,,R2 REVIEW / DYNAMIC_VALIDATION_HOLD / FAULT_PROTECTION_HOLD,
✓,修改属性,R_TIA_ISO1:通道ID,,$3I87,
✓,修改属性,R_TIA_ISO1:值,1kΩ,1k 1%,
R_TIA_ISO2,,,,,
✓,新增属性,R_TIA_ISO2:Circuit Role,,All RF/CF and ADC takeoff after 1k output isolation,
✓,新增属性,R_TIA_ISO2:Review Status,,R2 REVIEW / DYNAMIC_VALIDATION_HOLD / FAULT_PROTECTION_HOLD,
✓,修改属性,R_TIA_ISO2:通道ID,,$3I94,
✓,修改属性,R_TIA_ISO2:值,1kΩ,1k 1%,
R_TIA_ISO3,,,,,
✓,新增属性,R_TIA_ISO3:Circuit Role,,All RF/CF and ADC takeoff after 1k output isolation,
✓,新增属性,R_TIA_ISO3:Review Status,,R2 REVIEW / DYNAMIC_VALIDATION_HOLD / FAULT_PROTECTION_HOLD,
✓,修改属性,R_TIA_ISO3:通道ID,,$3I101,
✓,修改属性,R_TIA_ISO3:值,1kΩ,1k 1%,
R_VCM_FB,,,,,
✓,新增属性,R_VCM_FB:Circuit Role,,08 approved mature feedback ECO; actual bench pending,
✓,新增属性,R_VCM_FB:Review Status,,R2.1 engineering review; BENCH_PENDING,
✓,修改属性,R_VCM_FB:通道ID,,$1I147,
✓,修改属性,R_VCM_FB:值,4.99kΩ,4.99k 0.1%,
R_VCM_ISO,,,,,
✓,新增属性,R_VCM_ISO:Circuit Role,,Feedback senses VCM after isolation,
✓,新增属性,R_VCM_ISO:Review Status,,R2 REVIEW / DYNAMIC_VALIDATION_HOLD / FAULT_PROTECTION_HOLD,
✓,修改属性,R_VCM_ISO:通道ID,,$1I71,
✓,修改属性,R_VCM_ISO:值,1kΩ,1k 1%,
R_VEX_FB,,,,,
✓,新增属性,R_VEX_FB:Circuit Role,,08 approved mature feedback ECO; actual bench pending,
✓,新增属性,R_VEX_FB:Review Status,,R2.1 engineering review; BENCH_PENDING,
✓,修改属性,R_VEX_FB:通道ID,,$1I153,
✓,修改属性,R_VEX_FB:值,4.99kΩ,4.99k 0.1%,
R_VEX_ISO,,,,,
✓,新增属性,R_VEX_ISO:Circuit Role,,Feedback senses VEXC after isolation,
✓,新增属性,R_VEX_ISO:Review Status,,R2 REVIEW / DYNAMIC_VALIDATION_HOLD / FAULT_PROTECTION_HOLD,
✓,修改属性,R_VEX_ISO:通道ID,,$1I74,
✓,修改属性,R_VEX_ISO:值,1kΩ,1k 1%,
U1,,,,,
✓,新增属性,U1:Circuit Role,,,
✓,新增属性,U1:Review Status,,R2 REVIEW / DYNAMIC_VALIDATION_HOLD / FAULT_PROTECTION_HOLD,
✓,修改属性,U1:通道ID,,$2I22,
U2,,,,,
✓,新增属性,U2:Circuit Role,,,
✓,新增属性,U2:Review Status,,R2 REVIEW / DYNAMIC_VALIDATION_HOLD / FAULT_PROTECTION_HOLD,
✓,修改属性,U2:通道ID,,$3I2,
U3,,,,,
✓,新增属性,U3:Circuit Role,,,
✓,新增属性,U3:Review Status,,R2 REVIEW / DYNAMIC_VALIDATION_HOLD / FAULT_PROTECTION_HOLD,
✓,修改属性,U3:通道ID,,$1I14,
U4,,,,,
✓,新增属性,U4:Circuit Role,,,
✓,新增属性,U4:Review Status,,R2 REVIEW / DYNAMIC_VALIDATION_HOLD / FAULT_PROTECTION_HOLD,
✓,修改属性,U4:通道ID,,$2I2,
U5,,,,,
✓,新增属性,U5:Circuit Role,,,
✓,新增属性,U5:Review Status,,R2 REVIEW / DYNAMIC_VALIDATION_HOLD / FAULT_PROTECTION_HOLD,
✓,修改属性,U5:通道ID,,$4I2,
U6,,,,,
✓,新增属性,U6:Circuit Role,,,
✓,新增属性,U6:Review Status,,R2 REVIEW / DYNAMIC_VALIDATION_HOLD / FAULT_PROTECTION_HOLD,
✓,修改属性,U6:通道ID,,$1I5,
U7,,,,,
✓,新增属性,U7:Circuit Role,,,
✓,新增属性,U7:Review Status,,R2 REVIEW / DYNAMIC_VALIDATION_HOLD / FAULT_PROTECTION_HOLD,
✓,修改属性,U7:通道ID,,$5I2,
U8,,,,,
✓,新增属性,U8:Circuit Role,,,
✓,新增属性,U8:Review Status,,R2 REVIEW / DYNAMIC_VALIDATION_HOLD / FAULT_PROTECTION_HOLD,
✓,修改属性,U8:通道ID,,$1I9,
U9,,,,,
✓,新增属性,U9:Circuit Role,,Always-on reverse current blocking; PG unused because power-off low is not assured,
✓,新增属性,U9:Review Status,,R2 REVIEW / DYNAMIC_VALIDATION_HOLD / FAULT_PROTECTION_HOLD,
✓,修改属性,U9:通道ID,,$6I2,
U9_BLEED,,,,,
✓,新增属性,U9_BLEED:Circuit Role,,"Finite rail sink, 0.278W/0.110W worst normal, not precision shunt regulation",
✓,新增属性,U9_BLEED:Review Status,,R2 REVIEW / DYNAMIC_VALIDATION_HOLD / FAULT_PROTECTION_HOLD,
✓,修改属性,U9_BLEED:通道ID,,$6I42,
✓,修改属性,U9_BLEED:值,100Ω,100R 1%,
U9_EN_G,,,,,
✓,新增属性,U9_EN_G:Circuit Role,,,
✓,新增属性,U9_EN_G:Review Status,,R2 REVIEW / DYNAMIC_VALIDATION_HOLD / FAULT_PROTECTION_HOLD,
✓,修改属性,U9_EN_G:通道ID,,$6I18,
✓,修改属性,U9_EN_G:值,10kΩ,10k 0.1%,
U9_EN_R,,,,,
✓,新增属性,U9_EN_R:Circuit Role,,,
✓,新增属性,U9_EN_R:Review Status,,R2 REVIEW / DYNAMIC_VALIDATION_HOLD / FAULT_PROTECTION_HOLD,
✓,修改属性,U9_EN_R:通道ID,,$6I15,
✓,修改属性,U9_EN_R:值,10kΩ,10k 0.1%,
U9_IN_CAP,,,,,
✓,新增属性,U9_IN_CAP:Review Status,,R2 REVIEW / DYNAMIC_VALIDATION_HOLD / FAULT_PROTECTION_HOLD,
✓,新增属性,U9_IN_CAP:Circuit Role,,Require >=1uF effective; DC-bias curve not yet verified,
✓,修改属性,U9_IN_CAP:通道ID,,$6I36,
✓,修改属性,U9_IN_CAP:值,2.2uF,2.2uF 50V X7R,
U9_OUT_CAP,,,,,
✓,新增属性,U9_OUT_CAP:Review Status,,R2 REVIEW / DYNAMIC_VALIDATION_HOLD / FAULT_PROTECTION_HOLD,
✓,新增属性,U9_OUT_CAP:Circuit Role,,Require >=1uF effective; DC-bias curve not yet verified,
✓,修改属性,U9_OUT_CAP:通道ID,,$6I39,
✓,修改属性,U9_OUT_CAP:值,2.2uF,2.2uF 50V X7R,
U9_OV_B1,,,,,
✓,新增属性,U9_OV_B1:Circuit Role,,,
✓,新增属性,U9_OV_B1:Review Status,,R2 REVIEW / DYNAMIC_VALIDATION_HOLD / FAULT_PROTECTION_HOLD,
✓,修改属性,U9_OV_B1:通道ID,,$6I24,
✓,修改属性,U9_OV_B1:值,1kΩ,1k 1%,
U9_OV_B2,,,,,
✓,新增属性,U9_OV_B2:Circuit Role,,,
✓,新增属性,U9_OV_B2:Review Status,,R2 REVIEW / DYNAMIC_VALIDATION_HOLD / FAULT_PROTECTION_HOLD,
✓,修改属性,U9_OV_B2:通道ID,,$6I27,
✓,修改属性,U9_OV_B2:值,1kΩ,1k 1%,
U9_OV_T,,,,,
✓,新增属性,U9_OV_T:Circuit Role,,,
✓,新增属性,U9_OV_T:Review Status,,R2 REVIEW / DYNAMIC_VALIDATION_HOLD / FAULT_PROTECTION_HOLD,
✓,修改属性,U9_OV_T:通道ID,,$6I21,
✓,修改属性,U9_OV_T:值,10kΩ,10k 0.1%,
U9_PG_B,,,,,
✓,新增属性,U9_PG_B:Circuit Role,,,
✓,新增属性,U9_PG_B:Review Status,,R2 REVIEW / DYNAMIC_VALIDATION_HOLD / FAULT_PROTECTION_HOLD,
✓,修改属性,U9_PG_B:通道ID,,$6I33,
✓,修改属性,U9_PG_B:值,10kΩ,10k 0.1%,
U9_PG_T,,,,,
✓,新增属性,U9_PG_T:Circuit Role,,,
✓,新增属性,U9_PG_T:Review Status,,R2 REVIEW / DYNAMIC_VALIDATION_HOLD / FAULT_PROTECTION_HOLD,
✓,修改属性,U9_PG_T:通道ID,,$6I30,
✓,修改属性,U9_PG_T:值,10kΩ,10k 0.1%,
U10,,,,,
✓,新增属性,U10:Circuit Role,,Always-on reverse current blocking; PG unused because power-off low is not assured,
✓,新增属性,U10:Review Status,,R2 REVIEW / DYNAMIC_VALIDATION_HOLD / FAULT_PROTECTION_HOLD,
✓,修改属性,U10:通道ID,,$6I45,
U10_BLEED,,,,,
✓,新增属性,U10_BLEED:Circuit Role,,"Finite rail sink, 0.278W/0.110W worst normal, not precision shunt regulation",
✓,新增属性,U10_BLEED:Review Status,,R2 REVIEW ONLY,
✓,修改属性,U10_BLEED:通道ID,,$6I71,
✓,修改属性,U10_BLEED:值,100Ω,100R 1%,
U10_EN_G,,,,,
✓,新增属性,U10_EN_G:Circuit Role,,,
✓,新增属性,U10_EN_G:Review Status,,R2 REVIEW / DYNAMIC_VALIDATION_HOLD / FAULT_PROTECTION_HOLD,
✓,修改属性,U10_EN_G:通道ID,,$6I56,
✓,修改属性,U10_EN_G:值,10kΩ,10k 0.1%,
U10_EN_R,,,,,
✓,新增属性,U10_EN_R:Circuit Role,,,
✓,新增属性,U10_EN_R:Review Status,,R2 REVIEW / DYNAMIC_VALIDATION_HOLD / FAULT_PROTECTION_HOLD,
✓,修改属性,U10_EN_R:通道ID,,$6I53,
✓,修改属性,U10_EN_R:值,10kΩ,10k 0.1%,
U10_IN_CAP,,,,,
✓,新增属性,U10_IN_CAP:Review Status,,R2 REVIEW ONLY,
✓,新增属性,U10_IN_CAP:Circuit Role,,Require >=1uF effective; DC-bias curve not yet verified,
✓,修改属性,U10_IN_CAP:通道ID,,$6I69,
✓,修改属性,U10_IN_CAP:值,2.2uF,2.2uF 50V X7R,
U10_OUT_CAP,,,,,
✓,新增属性,U10_OUT_CAP:Review Status,,R2 REVIEW ONLY,
✓,新增属性,U10_OUT_CAP:Circuit Role,,Require >=1uF effective; DC-bias curve not yet verified,
✓,修改属性,U10_OUT_CAP:通道ID,,$6I70,
✓,修改属性,U10_OUT_CAP:值,2.2uF,2.2uF 50V X7R,
U10_OV_B1,,,,,
✓,新增属性,U10_OV_B1:Circuit Role,,,
✓,新增属性,U10_OV_B1:Review Status,,R2 REVIEW / DYNAMIC_VALIDATION_HOLD / FAULT_PROTECTION_HOLD,
✓,修改属性,U10_OV_B1:通道ID,,$6I62,
✓,修改属性,U10_OV_B1:值,1kΩ,1k 1%,
U10_OV_B2,,,,,
✓,新增属性,U10_OV_B2:Circuit Role,,,
✓,新增属性,U10_OV_B2:Review Status,,R2 REVIEW / DYNAMIC_VALIDATION_HOLD / FAULT_PROTECTION_HOLD,
✓,修改属性,U10_OV_B2:通道ID,,$6I65,
✓,修改属性,U10_OV_B2:值,1kΩ,1k 1%,
U10_OV_T,,,,,
✓,新增属性,U10_OV_T:Circuit Role,,,
✓,新增属性,U10_OV_T:Review Status,,R2 REVIEW / DYNAMIC_VALIDATION_HOLD / FAULT_PROTECTION_HOLD,
✓,修改属性,U10_OV_T:通道ID,,$6I59,
✓,修改属性,U10_OV_T:值,10kΩ,10k 0.1%,
U10_PG_B,,,,,
✓,新增属性,U10_PG_B:Circuit Role,,,
✓,新增属性,U10_PG_B:Review Status,,R2 REVIEW ONLY,
✓,修改属性,U10_PG_B:通道ID,,$6I68,
✓,修改属性,U10_PG_B:值,10kΩ,10k 0.1%,
U10_PG_T,,,,,
✓,新增属性,U10_PG_T:Circuit Role,,,
✓,新增属性,U10_PG_T:Review Status,,R2 REVIEW ONLY,
✓,修改属性,U10_PG_T:通道ID,,$6I67,
✓,修改属性,U10_PG_T:值,10kΩ,10k 0.1%,
U11,,,,,
✓,新增属性,U11:Circuit Role,,Open-drain supervisors wired AND to reset and hardware enable,
✓,新增属性,U11:Review Status,,R2 REVIEW ONLY,
✓,新增属性,U11:值,,TPS389001DSET,
✓,修改属性,U11:通道ID,,$6I72,
U11_BOT,,,,,
✓,新增属性,U11_BOT:Circuit Role,,,
✓,新增属性,U11_BOT:Review Status,,R2 REVIEW ONLY,
✓,修改属性,U11_BOT:通道ID,,$6I78,
✓,修改属性,U11_BOT:值,10kΩ,10k 0.1%,
U11_CT_C,,,,,
✓,新增属性,U11_CT_C:Circuit Role,,,
✓,新增属性,U11_CT_C:Review Status,,R2 REVIEW ONLY,
✓,修改属性,U11_CT_C:通道ID,,$6I80,
U11_SENSE_C,,,,,
✓,新增属性,U11_SENSE_C:Circuit Role,,,
✓,新增属性,U11_SENSE_C:Review Status,,R2 REVIEW ONLY,
✓,修改属性,U11_SENSE_C:通道ID,,$6I79,
✓,修改属性,U11_SENSE_C:值,1nF,1nF C0G,
U11_TOP0,,,,,
✓,新增属性,U11_TOP0:Circuit Role,,,
✓,新增属性,U11_TOP0:Review Status,,R2 REVIEW ONLY,
✓,修改属性,U11_TOP0:通道ID,,$6I73,
✓,修改属性,U11_TOP0:值,10kΩ,10k 0.1%,
U11_TOP1,,,,,
✓,新增属性,U11_TOP1:Circuit Role,,,
✓,新增属性,U11_TOP1:Review Status,,R2 REVIEW ONLY,
✓,修改属性,U11_TOP1:通道ID,,$6I74,
✓,修改属性,U11_TOP1:值,10kΩ,10k 0.1%,
U11_TOP2,,,,,
✓,新增属性,U11_TOP2:Circuit Role,,,
✓,新增属性,U11_TOP2:Review Status,,R2 REVIEW ONLY,
✓,修改属性,U11_TOP2:通道ID,,$6I75,
✓,修改属性,U11_TOP2:值,10kΩ,10k 0.1%,
U11_TOP3,,,,,
✓,新增属性,U11_TOP3:Circuit Role,,,
✓,新增属性,U11_TOP3:Review Status,,R2 REVIEW ONLY,
✓,修改属性,U11_TOP3:通道ID,,$6I76,
✓,修改属性,U11_TOP3:值,1kΩ,1k 1%,
U11_TOP4,,,,,
✓,新增属性,U11_TOP4:Circuit Role,,,
✓,新增属性,U11_TOP4:Review Status,,R2 REVIEW ONLY,
✓,修改属性,U11_TOP4:通道ID,,$6I77,
✓,修改属性,U11_TOP4:值,1kΩ,1k 1%,
U11_VDD_C,,,,,
✓,新增属性,U11_VDD_C:Circuit Role,,,
✓,新增属性,U11_VDD_C:Review Status,,R2 REVIEW ONLY,
✓,修改属性,U11_VDD_C:通道ID,,$6I81,
U12,,,,,
✓,新增属性,U12:Circuit Role,,Open-drain supervisors wired AND to reset and hardware enable,
✓,新增属性,U12:Review Status,,R2 REVIEW ONLY,
✓,新增属性,U12:值,,TPS389001DSET,
✓,修改属性,U12:通道ID,,$6I82,
U12_BOT,,,,,
✓,新增属性,U12_BOT:Circuit Role,,,
✓,新增属性,U12_BOT:Review Status,,R2 REVIEW ONLY,
✓,修改属性,U12_BOT:通道ID,,$6I87,
✓,修改属性,U12_BOT:值,10kΩ,10k 0.1%,
U12_CT_C,,,,,
✓,新增属性,U12_CT_C:Circuit Role,,,
✓,新增属性,U12_CT_C:Review Status,,R2 REVIEW ONLY,
✓,修改属性,U12_CT_C:通道ID,,$6I89,
U12_SENSE_C,,,,,
✓,新增属性,U12_SENSE_C:Circuit Role,,,
✓,新增属性,U12_SENSE_C:Review Status,,R2 REVIEW ONLY,
✓,修改属性,U12_SENSE_C:通道ID,,$6I88,
✓,修改属性,U12_SENSE_C:值,1nF,1nF C0G,
U12_TOP0,,,,,
✓,新增属性,U12_TOP0:Circuit Role,,,
✓,新增属性,U12_TOP0:Review Status,,R2 REVIEW ONLY,
✓,修改属性,U12_TOP0:通道ID,,$6I83,
✓,修改属性,U12_TOP0:值,10kΩ,10k 0.1%,
U12_TOP1,,,,,
✓,新增属性,U12_TOP1:Circuit Role,,,
✓,新增属性,U12_TOP1:Review Status,,R2 REVIEW ONLY,
✓,修改属性,U12_TOP1:通道ID,,$6I84,
✓,修改属性,U12_TOP1:值,4.99kΩ,4.99k 0.1%,
U12_TOP2,,,,,
✓,新增属性,U12_TOP2:Circuit Role,,,
✓,新增属性,U12_TOP2:Review Status,,R2 REVIEW ONLY,
✓,修改属性,U12_TOP2:通道ID,,$6I85,
✓,修改属性,U12_TOP2:值,1kΩ,1k 1%,
U12_TOP3,,,,,
✓,新增属性,U12_TOP3:Circuit Role,,,
✓,新增属性,U12_TOP3:Review Status,,R2 REVIEW ONLY,
✓,修改属性,U12_TOP3:通道ID,,$6I86,
✓,修改属性,U12_TOP3:值,1kΩ,1k 1%,
U12_VDD_C,,,,,
✓,新增属性,U12_VDD_C:Circuit Role,,,
✓,新增属性,U12_VDD_C:Review Status,,R2 REVIEW ONLY,
✓,修改属性,U12_VDD_C:通道ID,,$6I90,
U13,,,,,
✓,新增属性,U13:Circuit Role,,,
✓,新增属性,U13:Review Status,,R2 REVIEW ONLY,
✓,新增属性,U13:值,,SN74LVC08APWR,
✓,修改属性,U13:通道ID,,$6I93,
U14,,,,,
✓,新增属性,U14:Circuit Role,,,
✓,新增属性,U14:Review Status,,R2 REVIEW / DYNAMIC_VALIDATION_HOLD / FAULT_PROTECTION_HOLD,
✓,修改属性,U14:通道ID,,$2I116,
U15,,,,,
✓,新增属性,U15:Review Status,,R2 REVIEW ONLY,
✓,新增属性,U15:Circuit Role,,Schmitt reshapes supervisor open-drain edge before LVC08 inputs,
✓,新增属性,U15:值,,SN74LVC1G17DBVR,
✓,修改属性,U15:通道ID,,$6I91,
