frequency,er,ei,fr,fi,ir,ii
1,2.38951346e-07,6.04992105e-07,-0.999999761,6.04992105e-07,2.36461692e-15,6.05920103e-15
1.02329299,2.3895179e-07,6.19084179e-07,-0.999999761,6.19084179e-07,2.36351879e-15,6.20033795e-15
1.04712855,2.38952256e-07,6.335045e-07,-0.999999761,6.335045e-07,2.36221908e-15,6.34476237e-15
1.07151931,2.38952743e-07,6.48260713e-07,-0.999999761,6.48260713e-07,2.36104918e-15,6.49255087e-15
1.0964782,2.38953254e-07,6.63360642e-07,-0.999999761,6.63360642e-07,2.35966622e-15,6.6437818e-15
1.12201845,2.38953787e-07,6.78812295e-07,-0.999999761,6.78812295e-07,2.35826139e-15,6.79853536e-15
1.14815362,2.38954347e-07,6.94623862e-07,-0.999999761,6.94623862e-07,2.35674671e-15,6.9568936e-15
1.17489755,2.38954933e-07,7.10803728e-07,-0.999999761,7.10803728e-07,2.35525892e-15,7.11894047e-15
1.20226443,2.38955546e-07,7.27360472e-07,-0.999999761,7.27360472e-07,2.35363444e-15,7.28476191e-15
1.23026877,2.38956188e-07,7.44302871e-07,-0.999999761,7.44302871e-07,2.35193335e-15,7.45444582e-15
1.25892541,2.3895686e-07,7.6163991e-07,-0.999999761,7.6163991e-07,2.35030154e-15,7.62808218e-15
1.28824955,2.38957564e-07,7.79380781e-07,-0.999999761,7.79380781e-07,2.34830578e-15,7.80576306e-15
1.31825674,2.38958301e-07,7.97534889e-07,-0.999999761,7.97534889e-07,2.34641802e-15,7.98758266e-15
1.34896288,2.38959072e-07,8.16111861e-07,-0.999999761,8.16111861e-07,2.34438793e-15,8.17363738e-15
1.38038426,2.3895988e-07,8.35121547e-07,-0.999999761,8.35121547e-07,2.34231683e-15,8.36402588e-15
1.41253754,2.38960727e-07,8.54574024e-07,-0.999999761,8.54574024e-07,2.34014036e-15,8.55884909e-15
1.44543977,2.38961612e-07,8.74479609e-07,-0.999999761,8.74479609e-07,2.33775534e-15,8.75821033e-15
1.47910839,2.3896254e-07,8.94848853e-07,-0.999999761,8.94848853e-07,2.33541392e-15,8.9622153e-15
1.51356125,2.38963511e-07,9.15692559e-07,-0.999999761,9.15692559e-07,2.33284615e-15,9.17097215e-15
1.54881662,2.38964528e-07,9.37021777e-07,-0.999999761,9.37021777e-07,2.33023796e-15,9.38459157e-15
1.58489319,2.38965593e-07,9.58847816e-07,-0.999999761,9.58847816e-07,2.32740878e-15,9.60318685e-15
1.6218101,2.38966708e-07,9.81182249e-07,-0.999999761,9.81182249e-07,2.32446461e-15,9.82687386e-15
1.65958691,2.38967875e-07,1.00403692e-06,-0.999999761,1.00403692e-06,2.32147625e-15,1.00557712e-14
1.69824365,2.38969097e-07,1.02742394e-06,-0.999999761,1.02742394e-06,2.31825011e-15,1.02900003e-14
1.73780083,2.38970378e-07,1.05135572e-06,-0.999999761,1.05135572e-06,2.31494614e-15,1.05296853e-14
1.77827941,2.38971718e-07,1.07584494e-06,-0.999999761,1.07584494e-06,2.31141512e-15,1.07749532e-14
1.81970086,2.38973121e-07,1.10090458e-06,-0.999999761,1.10090458e-06,2.30768485e-15,1.10259342e-14
1.86208714,2.3897459e-07,1.12654794e-06,-0.999999761,1.12654794e-06,2.30393042e-15,1.12827613e-14
1.90546072,2.38976129e-07,1.15278861e-06,-0.999999761,1.15278861e-06,2.29989419e-15,1.15455707e-14
1.9498446,2.38977741e-07,1.17964051e-06,-0.999999761,1.17964051e-06,2.29568777e-15,1.18145017e-14
1.99526231,2.38979428e-07,1.20711786e-06,-0.999999761,1.20711786e-06,2.2912515e-15,1.20896969e-14
2.04173794,2.38981194e-07,1.23523525e-06,-0.999999761,1.23523525e-06,2.28667105e-15,1.23713022e-14
2.08929613,2.38983044e-07,1.26400757e-06,-0.999999761,1.26400757e-06,2.28178877e-15,1.2659467e-14
2.13796209,2.38984981e-07,1.29345009e-06,-0.999999761,1.29345009e-06,2.27665476e-15,1.2954344e-14
2.18776162,2.3898701e-07,1.32357841e-06,-0.999999761,1.32357841e-06,2.27145604e-15,1.32560896e-14
2.23872114,2.38989134e-07,1.35440851e-06,-0.999999761,1.35440851e-06,2.26586642e-15,1.35648638e-14
2.29086765,2.38991357e-07,1.38595674e-06,-0.999999761,1.38595674e-06,2.26011074e-15,1.38808303e-14
2.34422882,2.38993686e-07,1.41823981e-06,-0.999999761,1.41823981e-06,2.25398982e-15,1.42041565e-14
2.39883292,2.38996124e-07,1.45127486e-06,-0.999999761,1.45127486e-06,2.24755164e-15,1.45350141e-14
2.45470892,2.38998678e-07,1.48507939e-06,-0.999999761,1.48507939e-06,2.24085612e-15,1.48735783e-14
2.51188643,2.39001352e-07,1.51967134e-06,-0.999999761,1.51967134e-06,2.23387275e-15,1.52200287e-14
2.57039578,2.39004151e-07,1.55506903e-06,-0.999999761,1.55506903e-06,2.22650003e-15,1.5574549e-14
2.63026799,2.39007083e-07,1.59129124e-06,-0.999999761,1.59129124e-06,2.21895041e-15,1.59373271e-14
2.6915348,2.39010153e-07,1.62835717e-06,-0.999999761,1.62835717e-06,2.21090147e-15,1.63085555e-14
2.7542287,2.39013367e-07,1.66628648e-06,-0.999999761,1.66628648e-06,2.20249258e-15,1.66884309e-14
2.81838293,2.39016733e-07,1.70509928e-06,-0.999999761,1.70509928e-06,2.19371075e-15,1.70771547e-14
2.8840315,2.39020257e-07,1.74481614e-06,-0.999999761,1.74481614e-06,2.18450912e-15,1.74749332e-14
2.95120923,2.39023948e-07,1.78545813e-06,-0.999999761,1.78545813e-06,2.17482534e-15,1.78819771e-14
3.01995172,2.39027813e-07,1.82704679e-06,-0.999999761,1.82704679e-06,2.16478589e-15,1.82985023e-14
3.09029543,2.39031859e-07,1.86960417e-06,-0.999999761,1.86960417e-06,2.15413355e-15,1.87247297e-14
3.16227766,2.39036097e-07,1.91315285e-06,-0.999999761,1.91315285e-06,2.14304404e-15,1.91608852e-14
3.23593657,2.39040534e-07,1.9577159e-06,-0.999999761,1.9577159e-06,2.13144908e-15,1.96072001e-14
3.31131121,2.39045179e-07,2.00331696e-06,-0.999999761,2.00331696e-06,2.11937401e-15,2.00639111e-14
3.38844156,2.39050044e-07,2.04998021e-06,-0.999999761,2.04998021e-06,2.10660275e-15,2.05312602e-14
3.4673685,2.39055139e-07,2.09773038e-06,-0.999999761,2.09773038e-06,2.09328496e-15,2.10094954e-14
3.54813389,2.39060474e-07,2.14659279e-06,-0.999999761,2.14659279e-06,2.07934775e-15,2.14988702e-14
3.63078055,2.39066059e-07,2.19659336e-06,-0.999999761,2.19659336e-06,2.06478407e-15,2.1999644e-14
3.71535229,2.39071908e-07,2.24775859e-06,-0.999999761,2.24775859e-06,2.04947107e-15,2.25120824e-14
3.80189396,2.39078033e-07,2.30011562e-06,-0.999999761,2.30011562e-06,2.03342477e-15,2.30364571e-14
3.89045145,2.39084446e-07,2.35369219e-06,-0.999999761,2.35369219e-06,2.01670586e-15,2.35730461e-14
3.98107171,2.39091162e-07,2.40851672e-06,-0.999999761,2.40851672e-06,1.99910575e-15,2.4122134e-14
4.07380278,2.39098194e-07,2.46461828e-06,-0.999999761,2.46461828e-06,1.98071086e-15,2.46840118e-14
4.16869383,2.39105558e-07,2.52202661e-06,-0.999999761,2.52202661e-06,1.96147892e-15,2.52589775e-14
4.26579519,2.39113268e-07,2.58077216e-06,-0.999999761,2.58077216e-06,1.94127202e-15,2.5847336e-14
4.36515832,2.39121342e-07,2.64088606e-06,-0.999999761,2.64088606e-06,1.92016592e-15,2.64493992e-14
4.46683592,2.39129797e-07,2.7024002e-06,-0.999999761,2.7024002e-06,1.89810961e-15,2.70654864e-14
4.5708819,2.39138649e-07,2.76534719e-06,-0.999999761,2.76534719e-06,1.87495755e-15,2.76959241e-14
4.67735141,2.39147919e-07,2.8297604e-06,-0.999999761,2.8297604e-06,1.85071117e-15,2.83410468e-14
4.78630092,2.39157626e-07,2.89567398e-06,-0.999999761,2.89567398e-06,1.82529165e-15,2.90011965e-14
4.89778819,2.3916779e-07,2.96312289e-06,-0.999999761,2.96312289e-06,1.79876838e-15,2.96767231e-14
5.01187234,2.39178434e-07,3.03214289e-06,-0.999999761,3.03214289e-06,1.77102371e-15,3.03679849e-14
5.12861384,2.39189579e-07,3.10277057e-06,-0.999999761,3.10277057e-06,1.74175905e-15,3.10753484e-14
5.2480746,2.39201249e-07,3.17504337e-06,-0.999999761,3.17504337e-06,1.71127682e-15,3.17991888e-14
5.37031796,2.39213469e-07,3.24899963e-06,-0.999999761,3.24899963e-06,1.67938048e-15,3.25398896e-14
5.49540874,2.39226265e-07,3.32467855e-06,-0.999999761,3.32467855e-06,1.64593365e-15,3.32978439e-14
5.62341325,2.39239665e-07,3.40212026e-06,-0.999999761,3.40212026e-06,1.61087471e-15,3.40734533e-14
5.75439937,2.39253696e-07,3.48136582e-06,-0.999999761,3.48136582e-06,1.57422067e-15,3.48671292e-14
5.88843655,2.39268387e-07,3.56245725e-06,-0.999999761,3.56245725e-06,1.53578312e-15,3.56792925e-14
6.02559586,2.39283772e-07,3.64543753e-06,-0.999999761,3.64543753e-06,1.49557908e-15,3.65103737e-14
6.16595002,2.39299881e-07,3.73035068e-06,-0.999999761,3.73035068e-06,1.45335789e-15,3.73608135e-14
6.30957344,2.3931675e-07,3.8172417e-06,-0.999999761,3.8172417e-06,1.40931623e-15,3.82310629e-14
6.45654229,2.39334414e-07,3.90615668e-06,-0.999999761,3.90615668e-06,1.36310352e-15,3.91215833e-14
6.60693448,2.3935291e-07,3.99714276e-06,-0.999999761,3.99714276e-06,1.31482117e-15,4.0032847e-14
6.76082975,2.39372277e-07,4.09024817e-06,-0.999999761,4.09024817e-06,1.26416662e-15,4.0965337e-14
6.91830971,2.39392558e-07,4.18552228e-06,-0.999999761,4.18552228e-06,1.21108648e-15,4.19195479e-14
7.07945784,2.39413794e-07,4.28301562e-06,-0.999999761,4.28301562e-06,1.15557964e-15,4.28959857e-14
7.2443596,2.39436031e-07,4.38277986e-06,-0.999999761,4.38277986e-06,1.09745133e-15,4.3895168e-14
7.41310241,2.39459317e-07,4.48486791e-06,-0.999999761,4.48486791e-06,1.03661213e-15,4.49176247e-14
7.58577575,2.394837e-07,4.5893339e-06,-0.999999761,4.5893339e-06,9.72865765e-16,4.5963898e-14
7.76247117,2.39509231e-07,4.69623322e-06,-0.99999976,4.69623322e-06,9.06090936e-16,4.70345427e-14
7.94328235,2.39535966e-07,4.80562253e-06,-0.99999976,4.80562253e-06,8.3612066e-16,4.81301265e-14
8.12830516,2.39563961e-07,4.91755986e-06,-0.99999976,4.91755986e-06,7.62983289e-16,4.92512303e-14
8.31763771,2.39593275e-07,5.03210453e-06,-0.99999976,5.03210453e-06,6.8636236e-16,5.03984486e-14
8.51138038,2.39623971e-07,5.1493173e-06,-0.99999976,5.1493173e-06,6.06112794e-16,5.15723898e-14
8.7096359,2.39656114e-07,5.2692603e-06,-0.99999976,5.2692603e-06,5.22101888e-16,5.27736763e-14
8.91250938,2.39689771e-07,5.39199713e-06,-0.99999976,5.39199713e-06,4.34057867e-16,5.40029452e-14
9.12010839,2.39725015e-07,5.51759287e-06,-0.99999976,5.51759287e-06,3.41886975e-16,5.52608482e-14
9.33254301,2.39761919e-07,5.64611411e-06,-0.99999976,5.64611411e-06,2.45417829e-16,5.65480526e-14
9.54992586,2.39800563e-07,5.77762899e-06,-0.99999976,5.77762899e-06,1.44327222e-16,5.78652407e-14
9.77237221,2.39841027e-07,5.91220725e-06,-0.99999976,5.91220725e-06,3.8640022e-17,5.92131112e-14
10,2.398834e-07,6.04992023e-06,-0.99999976,6.04992023e-06,-7.21816897e-17,6.05923788e-14
10.2329299,2.39927769e-07,6.19084097e-06,-0.99999976,6.19084097e-06,-1.88149002e-16,6.20037748e-14
10.4712855,2.39974229e-07,6.33504416e-06,-0.99999976,6.33504416e-06,-3.09631084e-16,6.34480478e-14
10.7151931,2.40022878e-07,6.48260628e-06,-0.99999976,6.48260628e-06,-4.36834897e-16,6.49259636e-14
10.964782,2.4007382e-07,6.63360557e-06,-0.99999976,6.63360557e-06,-5.69987418e-16,6.6438306e-14
11.2201845,2.40127164e-07,6.78812208e-06,-0.99999976,6.78812208e-06,-7.09476165e-16,6.7985877e-14
11.4815362,2.40183021e-07,6.94623773e-06,-0.99999976,6.94623773e-06,-8.55624686e-16,6.95694972e-14
11.7489755,2.40241511e-07,7.10803638e-06,-0.99999976,7.10803638e-06,-1.00841808e-15,7.11900066e-14
12.0226443,2.40302757e-07,7.27360379e-06,-0.99999976,7.27360379e-06,-1.16858795e-15,7.28482644e-14
12.3026877,2.4036689e-07,7.44302777e-06,-0.99999976,7.44302777e-06,-1.3362427e-15,7.45451502e-14
12.5892541,2.40434045e-07,7.61639814e-06,-0.99999976,7.61639814e-06,-1.51191318e-15,7.62815637e-14
12.8824955,2.40504365e-07,7.79380682e-06,-0.999999759,7.79380682e-06,-1.69570102e-15,7.8058426e-14
13.1825674,2.40577999e-07,7.97534787e-06,-0.999999759,7.97534787e-06,-1.88831289e-15,7.98766793e-14
13.4896288,2.40655103e-07,8.16111756e-06,-0.999999759,8.16111756e-06,-2.08975999e-15,8.17372879e-14
13.8038426,2.40735841e-07,8.35121438e-06,-0.999999759,8.35121438e-06,-2.30093031e-15,8.36412387e-14
14.1253754,2.40820384e-07,8.54573912e-06,-0.999999759,8.54573912e-06,-2.52187947e-15,8.55895413e-14
14.4543977,2.40908912e-07,8.74479492e-06,-0.999999759,8.74479492e-06,-2.753423e-15,8.75832292e-14
14.7910839,2.41001612e-07,8.94848733e-06,-0.999999759,8.94848733e-06,-2.99573412e-15,8.96233598e-14
15.1356125,2.4109868e-07,9.15692434e-06,-0.999999759,9.15692434e-06,-3.24960875e-15,9.1711015e-14
15.4881662,2.41200324e-07,9.37021646e-06,-0.999999759,9.37021646e-06,-3.51529785e-15,9.38473022e-14
15.8489319,2.41306757e-07,9.5884768e-06,-0.999999759,9.5884768e-06,-3.79357363e-15,9.60333544e-14
16.218101,2.41418207e-07,9.81182107e-06,-0.999999759,9.81182107e-06,-4.08495289e-15,9.82703311e-14
16.5958691,2.41534909e-07,1.00403677e-05,-0.999999758,1.00403677e-05,-4.39003991e-15,1.00559419e-13
16.9824365,2.41657111e-07,1.02742378e-05,-0.999999758,1.02742378e-05,-4.70952405e-15,1.02901832e-13
17.3780083,2.41785073e-07,1.05135555e-05,-0.999999758,1.05135555e-05,-5.04411805e-15,1.05298813e-13
17.7827941,2.41919065e-07,1.07584476e-05,-0.999999758,1.07584476e-05,-5.39447987e-15,1.07751633e-13
18.1970086,2.42059371e-07,1.1009044e-05,-0.999999758,1.1009044e-05,-5.76128575e-15,1.10261594e-13
18.6208714,2.42206291e-07,1.12654775e-05,-0.999999758,1.12654775e-05,-6.145375e-15,1.12830026e-13
19.0546072,2.42360133e-07,1.15278841e-05,-0.999999758,1.15278841e-05,-6.54764902e-15,1.15458292e-13
19.498446,2.42521228e-07,1.1796403e-05,-0.999999757,1.1796403e-05,-6.9687425e-15,1.18147788e-13
19.9526231,2.42689913e-07,1.20711764e-05,-0.999999757,1.20711764e-05,-7.40987557e-15,1.20899938e-13
20.4173794,2.42866549e-07,1.23523501e-05,-0.999999757,1.23523501e-05,-7.8716193e-15,1.23716204e-13
20.8929613,2.43051509e-07,1.26400732e-05,-0.999999757,1.26400732e-05,-8.35524057e-15,1.2659808e-13
21.3796209,2.43245186e-07,1.29344982e-05,-0.999999757,1.29344982e-05,-8.86168147e-15,1.29547095e-13
21.8776162,2.43447991e-07,1.32357813e-05,-0.999999757,1.32357813e-05,-9.3919097e-15,1.32564812e-13
22.3872114,2.43660354e-07,1.35440821e-05,-0.999999756,1.35440821e-05,-9.94710082e-15,1.35652834e-13
22.9086765,2.43882725e-07,1.38595642e-05,-0.999999756,1.38595642e-05,-1.05285017e-14,1.38812799e-13
23.4422882,2.44115575e-07,1.41823948e-05,-0.999999756,1.41823948e-05,-1.1137286e-14,1.42046384e-13
23.9883292,2.443594e-07,1.4512745e-05,-0.999999756,1.4512745e-05,-1.1774748e-14,1.45355304e-13
24.5470892,2.44614717e-07,1.48507901e-05,-0.999999755,1.48507901e-05,-1.24422869e-14,1.48741316e-13
25.1188643,2.44882065e-07,1.51967093e-05,-0.999999755,1.51967093e-05,-1.314123e-14,1.52206216e-13
25.7039578,2.45162014e-07,1.55506859e-05,-0.999999755,1.55506859e-05,-1.3873189e-14,1.55751843e-13
26.3026799,2.45455155e-07,1.59129077e-05,-0.999999755,1.59129077e-05,-1.46395773e-14,1.59380079e-13
26.915348,2.45762113e-07,1.62835667e-05,-0.999999754,1.62835667e-05,-1.54421987e-14,1.6309285e-13
27.542287,2.46083536e-07,1.66628595e-05,-0.999999754,1.66628595e-05,-1.6282516e-14,1.66892126e-13
28.1838293,2.46420108e-07,1.70509871e-05,-0.999999754,1.70509871e-05,-1.71624581e-14,1.70779923e-13
28.840315,2.46772542e-07,1.74481554e-05,-0.999999753,1.74481554e-05,-1.80838722e-14,1.74758307e-13
29.5120923,2.47141585e-07,1.78545748e-05,-0.999999753,1.78545748e-05,-1.90487604e-14,1.78829388e-13
30.1995172,2.47528021e-07,1.8270461e-05,-0.999999752,1.8270461e-05,-2.00591357e-14,1.82995328e-13
30.9029543,2.47932669e-07,1.86960344e-05,-0.999999752,1.86960344e-05,-2.11170907e-14,1.87258339e-13
31.6227766,2.48356388e-07,1.91315206e-05,-0.999999752,1.91315206e-05,-2.22249302e-14,1.91620684e-13
32.3593657,2.48800075e-07,1.95771506e-05,-0.999999751,1.95771506e-05,-2.33849873e-14,1.9608468e-13
33.1131121,2.49264672e-07,2.00331606e-05,-0.999999751,2.00331606e-05,-2.45996175e-14,2.00652697e-13
33.8844156,2.49751166e-07,2.04997925e-05,-0.99999975,2.04997925e-05,-2.58715668e-14,2.0532716e-13
34.673685,2.50260587e-07,2.09772935e-05,-0.99999975,2.09772935e-05,-2.72033794e-14,2.10110553e-13
35.4813389,2.50794016e-07,2.1465917e-05,-0.999999749,2.1465917e-05,-2.8598173e-14,2.15005417e-13
36.3078055,2.51352584e-07,2.19659219e-05,-0.999999749,2.19659219e-05,-3.00585441e-14,2.20014351e-13
37.1535229,2.51937477e-07,2.24775734e-05,-0.999999748,2.24775734e-05,-3.15877486e-14,2.25140016e-13
38.0189396,2.52549936e-07,2.30011427e-05,-0.999999747,2.30011427e-05,-3.31890655e-14,2.30385136e-13
38.9045145,2.53191257e-07,2.35369075e-05,-0.999999747,2.35369075e-05,-3.48657808e-14,2.35752497e-13
39.8107171,2.53862804e-07,2.40851518e-05,-0.999999746,2.40851518e-05,-3.66215277e-14,2.41244951e-13
40.7380278,2.54565999e-07,2.46461663e-05,-0.999999745,2.46461663e-05,-3.84601275e-14,2.46865418e-13
41.6869383,2.55302334e-07,2.52202485e-05,-0.999999745,2.52202485e-05,-4.03851803e-14,2.52616885e-13
42.6579519,2.56073372e-07,2.58077027e-05,-0.999999744,2.58077027e-05,-4.24011467e-14,2.58502409e-13
43.6515832,2.56880747e-07,2.64088404e-05,-0.999999743,2.64088404e-05,-4.45121023e-14,2.64525119e-13
44.6683592,2.57726172e-07,2.70239803e-05,-0.999999742,2.70239803e-05,-4.67224932e-14,2.70688216e-13
45.708819,2.58611441e-07,2.76534486e-05,-0.999999741,2.76534486e-05,-4.90370123e-14,2.7699498e-13
46.7735141,2.5953843e-07,2.82975791e-05,-0.99999974,2.82975791e-05,-5.14606183e-14,2.83448763e-13
47.8630092,2.60509106e-07,2.89567131e-05,-0.999999739,2.89567131e-05,-5.39984714e-14,2.90052998e-13
48.9778819,2.61525529e-07,2.96312003e-05,-0.999999738,2.96312003e-05,-5.66560395e-14,2.96811199e-13
50.1187234,2.62589854e-07,3.03213983e-05,-0.999999737,3.03213983e-05,-5.94387534e-14,3.03727824e-13
51.2861384,2.63704338e-07,3.10276729e-05,-0.999999736,3.10276729e-05,-6.23524944e-14,3.10804849e-13
52.480746,2.64871345e-07,3.17503987e-05,-0.999999735,3.17503987e-05,-6.54037342e-14,3.18046883e-13
53.7031796,2.66093351e-07,3.24899587e-05,-0.999999734,3.24899587e-05,-6.85987423e-14,3.25457782e-13
54.9540874,2.67372947e-07,3.32467453e-05,-0.999999733,3.32467453e-05,-7.19442245e-14,3.33041491e-13
56.2341325,2.68712849e-07,3.40211595e-05,-0.999999731,3.40211595e-05,-7.54475223e-14,3.40802049e-13
57.5439937,2.70115896e-07,3.4813612e-05,-0.99999973,3.4813612e-05,-7.91158749e-14,3.48743591e-13
58.8843655,2.71585067e-07,3.5624523e-05,-0.999999728,3.5624523e-05,-8.29569784e-14,3.56870346e-13
60.2559586,2.73123476e-07,3.64543223e-05,-0.999999727,3.64543223e-05,-8.69792647e-14,3.65186646e-13
61.6595002,2.74734386e-07,3.730345e-05,-0.999999725,3.730345e-05,-9.11910569e-14,3.73696925e-13
63.0957344,2.76421215e-07,3.81723562e-05,-0.999999724,3.81723562e-05,-9.56013186e-14,3.82405718e-13
64.5654229,2.7818754e-07,3.90615016e-05,-0.999999722,3.90615016e-05,-1.0021956e-13,3.9131767e-13
66.0693448,2.80037108e-07,3.99713577e-05,-0.99999972,3.99713577e-05,-1.05055302e-13,4.00437537e-13
67.6082975,2.81973842e-07,4.09024068e-05,-0.999999718,4.09024068e-05,-1.10118988e-13,4.09770183e-13
69.1830971,2.84001849e-07,4.18551426e-05,-0.999999716,4.18551426e-05,-1.15421377e-13,4.19321185e-13
70.7945784,2.8612543e-07,4.28300703e-05,-0.999999714,4.28300703e-05,-1.2097353e-13,4.29094467e-13
72.443596,2.8834909e-07,4.38277066e-05,-0.999999712,4.38277066e-05,-1.26787468e-13,4.39095829e-13
74.1310241,2.90677546e-07,4.48485805e-05,-0.999999709,4.48485805e-05,-1.32875375e-13,4.49330616e-13
75.8577575,2.93115735e-07,4.58932334e-05,-0.999999707,4.58932334e-05,-1.39250207e-13,4.59804297e-13
77.6247117,2.9566883e-07,4.69622189e-05,-0.999999704,4.69622189e-05,-1.45925363e-13,4.70522473e-13
79.4328235,2.98342244e-07,4.8056104e-05,-0.999999702,4.8056104e-05,-1.52915233e-13,4.81490876e-13
81.2830516,3.01141649e-07,4.91754686e-05,-0.999999699,4.91754686e-05,-1.60234552e-13,4.92715376e-13
83.1763771,3.0407298e-07,5.03209061e-05,-0.999999696,5.03209061e-05,-1.67898726e-13,5.04202697e-13
85.1138038,3.07142457e-07,5.14930238e-05,-0.999999693,5.14930238e-05,-1.75924085e-13,5.15957577e-13
87.096359,3.10356589e-07,5.26924431e-05,-0.99999969,5.26924431e-05,-1.84327819e-13,5.27987013e-13
89.1250938,3.13722192e-07,5.39198e-05,-0.999999686,5.39198e-05,-1.93127428e-13,5.40297455e-13
91.2010839,3.17246405e-07,5.51757452e-05,-0.999999683,5.51757452e-05,-2.02341851e-13,5.52895505e-13
93.3254301,3.20936702e-07,5.64609444e-05,-0.999999679,5.64609444e-05,-2.11990437e-13,5.65787925e-13
95.4992586,3.2480091e-07,5.77760792e-05,-0.999999675,5.77760792e-05,-2.22093818e-13,5.78983278e-13
97.7237221,3.28847224e-07,5.91218467e-05,-0.999999671,5.91218467e-05,-2.32673335e-13,5.92485409e-13
100,3.33084226e-07,6.04989605e-05,-0.999999667,6.04989605e-05,-2.4375146e-13,6.0630318e-13
102.329299,3.37520903e-07,6.19081505e-05,-0.999999662,6.19081505e-05,-2.55351583e-13,6.20444025e-13
104.712855,3.42166662e-07,6.3350164e-05,-0.999999658,6.3350164e-05,-2.67498562e-13,6.34915557e-13
107.151931,3.47031357e-07,6.48257653e-05,-0.999999653,6.48257653e-05,-2.8021791e-13,6.49725571e-13
109.64782,3.52125306e-07,6.63357369e-05,-0.999999648,6.63357369e-05,-2.93536695e-13,6.64882051e-13
112.201845,3.5745931e-07,6.78808792e-05,-0.999999643,6.78808792e-05,-3.07483194e-13,6.80393175e-13
114.815362,3.63044683e-07,6.94620113e-05,-0.999999637,6.94620113e-05,-3.22087004e-13,6.96267318e-13
117.489755,3.68893269e-07,7.10799716e-05,-0.999999631,7.10799716e-05,-3.37379001e-13,7.12513059e-13
120.226443,3.75017471e-07,7.27356177e-05,-0.999999625,7.27356177e-05,-3.533917e-13,7.29139185e-13
123.026877,3.81430278e-07,7.44298275e-05,-0.999999619,7.44298275e-05,-3.70159043e-13,7.46154697e-13
125.892541,3.88145288e-07,7.6163499e-05,-0.999999612,7.6163499e-05,-3.87716489e-13,7.63570982e-13
128.824955,3.95176743e-07,7.79375513e-05,-0.999999605,7.79375513e-05,-4.06101556e-13,7.81393208e-13
131.825674,4.02539553e-07,7.97529249e-05,-0.999999597,7.97529249e-05,-4.25352968e-13,7.99633167e-13
134.896288,4.10249331e-07,8.16105822e-05,-0.99999959,8.16105822e-05,-4.45511695e-13,8.18301937e-13
138.038426,4.18322427e-07,8.3511508e-05,-0.999999582,8.3511508e-05,-4.66620477e-13,8.37407385e-13
141.253754,4.26775961e-07,8.54567099e-05,-0.999999573,8.54567099e-05,-4.88724048e-13,8.56962271e-13
144.543977,4.35627859e-07,8.74472192e-05,-0.999999564,8.74472192e-05,-5.11869238e-13,8.76974862e-13
147.910839,4.4489689e-07,8.94840911e-05,-0.999999555,8.94840911e-05,-5.36105311e-13,8.97458553e-13
151.356125,4.54602711e-07,9.15684053e-05,-0.999999545,9.15684053e-05,-5.61483564e-13,9.18422036e-13
154.881662,4.64765902e-07,9.37012666e-05,-0.999999535,9.37012666e-05,-5.88057841e-13,9.39878039e-13
158.489319,4.75408012e-07,9.58838058e-05,-0.999999525,9.58838058e-05,-6.15884492e-13,9.61838337e-13
162.18101,4.86551608e-07,9.81171797e-05,-0.999999513,9.81171797e-05,-6.45022512e-13,9.84317788e-13
165.958691,4.98220318e-07,0.000100402572,-0.999999502,0.000100402572,-6.75533721e-13,1.00732325e-12
169.824365,5.10438882e-07,0.000102741195,-0.99999949,0.000102741195,-7.07482933e-13,1.03087161e-12
173.780083,5.23233209e-07,0.000105134287,-0.999999477,0.000105134287,-7.40937735e-13,1.05497297e-12
177.827941,5.36630424e-07,0.000107583118,-0.999999463,0.000107583118,-7.75969297e-13,1.07964364e-12
181.970086,5.50658934e-07,0.000110088984,-0.999999449,0.000110088984,-8.12651612e-13,1.10489584e-12
186.208714,5.65348479e-07,0.000112653215,-0.999999435,0.000112653215,-8.51062822e-13,1.1307436e-12
190.546072,5.80730204e-07,0.00011527717,-0.999999419,0.00011527717,-8.91284246e-13,1.15719969e-12
194.98446,5.96836719e-07,0.000117962239,-0.999999403,0.000117962239,-9.334011e-13,1.18428044e-12
199.526231,6.1370217e-07,0.000120709845,-0.999999386,0.000120709845,-9.77502909e-13,1.21200443e-12
204.173794,6.31362311e-07,0.000123521445,-0.999999369,0.000123521445,-1.02368291e-12,1.24038218e-12
208.929613,6.4985458e-07,0.000126398529,-0.99999935,0.000126398529,-1.07203945e-12,1.26943133e-12
213.796209,6.69218178e-07,0.000129342622,-0.999999331,0.000129342622,-1.12267473e-12,1.29917009e-12
218.776162,6.89494152e-07,0.000132355284,-0.999999311,0.000132355284,-1.17569644e-12,1.32960977e-12
223.872114,7.10725482e-07,0.000135438112,-0.999999289,0.000135438112,-1.23121678e-12,1.36077314e-12
229.086765,7.32957169e-07,0.000138592739,-0.999999267,0.000138592739,-1.28935369e-12,1.3926761e-12
234.422882,7.56236339e-07,0.000141820837,-0.999999244,0.000141820837,-1.35023029e-12,1.42533683e-12
239.883292,7.80612331e-07,0.000145124118,-0.999999219,0.000145124118,-1.4139759e-12,1.45877405e-12
245.470892,8.06136809e-07,0.000148504331,-0.999999194,0.000148504331,-1.48072555e-12,1.49300696e-12
251.188643,8.32863869e-07,0.000151963268,-0.999999167,0.000151963268,-1.55062078e-12,1.52805746e-12
257.039578,8.60850156e-07,0.000155502761,-0.999999139,0.000155502761,-1.62380996e-12,1.56394156e-12
263.026799,8.90154977e-07,0.000159124686,-0.99999911,0.000159124686,-1.70044825e-12,1.60068673e-12
269.15348,9.20840433e-07,0.000162830963,-0.999999079,0.000162830963,-1.78069835e-12,1.63830315e-12
275.42287,9.5297155e-07,0.000166623555,-0.999999047,0.000166623555,-1.8647301e-12,1.67682423e-12
281.838293,9.8661641e-07,0.000170504471,-0.999999013,0.000170504471,-1.95272194e-12,1.71626809e-12
288.40315,1.0218463e-06,0.000174475768,-0.999998978,0.000174475768,-2.0448605e-12,1.75665558e-12
295.120923,1.05873587e-06,0.00017853955,-0.999998941,0.00017853955,-2.14134106e-12,1.79801558e-12
301.995172,1.09736328e-06,0.000182697969,-0.999998903,0.000182697969,-2.24236837e-12,1.84037035e-12
309.029543,1.13781035e-06,0.000186953229,-0.999998862,0.000186953229,-2.3481566e-12,1.88374531e-12
316.227766,1.18016277e-06,0.000191307584,-0.99999882,0.000191307584,-2.45892996e-12,1.9281666e-12
323.593657,1.22451026e-06,0.00019576334,-0.999998775,0.00019576334,-2.57492364e-12,1.97366118e-12
331.131121,1.27094676e-06,0.000200322858,-0.999998729,0.000200322858,-2.69638343e-12,2.02025965e-12
338.844156,1.31957061e-06,0.000204988552,-0.99999868,0.000204988552,-2.82356691e-12,2.06798496e-12
346.73685,1.37048481e-06,0.000209762894,-0.99999863,0.000209762894,-2.95674376e-12,2.11686937e-12
354.813389,1.42379717e-06,0.000214648412,-0.999998576,0.000214648412,-3.09619655e-12,2.16694632e-12
363.078055,1.47962059e-06,0.000219647694,-0.99999852,0.000219647694,-3.24222078e-12,2.21824423e-12
371.535229,1.53807329e-06,0.000224763388,-0.999998462,0.000224763388,-3.39512626e-12,2.27079542e-12
380.189396,1.59927902e-06,0.000229998201,-0.999998401,0.000229998201,-3.55523722e-12,2.32462999e-12
389.045145,1.66336737e-06,0.000235354906,-0.999998337,0.000235354906,-3.7228929e-12,2.37979217e-12
398.107171,1.73047401e-06,0.00024083634,-0.99999827,0.00024083634,-3.89844919e-12,2.43631113e-12
407.380278,1.800741e-06,0.000246445404,-0.999998199,0.000246445404,-4.08227811e-12,2.49421659e-12
416.869383,1.87431707e-06,0.000252185067,-0.999998126,0.000252185067,-4.27476939e-12,2.55356392e-12
426.579519,1.95135794e-06,0.000258058368,-0.999998049,0.000258058368,-4.47633128e-12,2.61437843e-12
436.515832,2.03202665e-06,0.000264068417,-0.999997968,0.000264068417,-4.68739115e-12,2.67670041e-12
446.683592,2.11649391e-06,0.000270218393,-0.999997884,0.000270218393,-4.90839642e-12,2.74058692e-12
457.08819,2.20493843e-06,0.000276511552,-0.999997795,0.000276511552,-5.13981569e-12,2.80605858e-12
467.735141,2.29754734e-06,0.000282951224,-0.999997702,0.000282951224,-5.38213962e-12,2.87317962e-12
478.630092,2.39451654e-06,0.000289540817,-0.999997605,0.000289540817,-5.63588188e-12,2.94198892e-12
489.778819,2.49605114e-06,0.000296283817,-0.999997504,0.000296283817,-5.90158054e-12,3.01253467e-12
501.187234,2.60236589e-06,0.000303183792,-0.999997398,0.000303183792,-6.17979886e-12,3.08486256e-12
512.861384,2.71368562e-06,0.000310244391,-0.999997286,0.000310244391,-6.4711265e-12,3.15903733e-12
524.80746,2.8302457e-06,0.000317469349,-0.99999717,0.000317469349,-6.77618112e-12,3.23509981e-12
537.031796,2.95229258e-06,0.000324862489,-0.999997048,0.000324862489,-7.09560939e-12,3.3131147e-12
549.540874,3.08008425e-06,0.000332427718,-0.99999692,0.000332427718,-7.43008836e-12,3.39314499e-12
562.341325,3.21389084e-06,0.000340169038,-0.999996786,0.000340169038,-7.7803272e-12,3.47523217e-12
575.439937,3.35399511e-06,0.00034809054,-0.999996646,0.00034809054,-8.14706806e-12,3.5594579e-12
588.843655,3.50069314e-06,0.000356196414,-0.999996499,0.000356196414,-8.53108846e-12,3.6458727e-12
602.559586,3.65429486e-06,0.000364490943,-0.999996346,0.000364490943,-8.93320221e-12,3.73454907e-12
616.595002,3.81512477e-06,0.00037297851,-0.999996185,0.00037297851,-9.35426167e-12,3.8255574e-12
630.957344,3.98352256e-06,0.000381663601,-0.999996016,0.000381663601,-9.79515885e-12,3.91899268e-12
645.654229,4.15984388e-06,0.000390550803,-0.99999584,0.000390550803,-1.02568286e-11,4.0148884e-12
660.693448,4.34446103e-06,0.000399644813,-0.999995656,0.000399644813,-1.0740249e-11,4.11336807e-12
676.082975,4.53776378e-06,0.000408950431,-0.999995462,0.000408950431,-1.12464446e-11,4.21447559e-12
691.830971,4.74016017e-06,0.000418472573,-0.99999526,0.000418472573,-1.17764879e-11,4.31832613e-12
707.945784,4.95207737e-06,0.000428216266,-0.999995048,0.000428216266,-1.2331502e-11,4.42499874e-12
724.43596,5.17396254e-06,0.000438186653,-0.999994826,0.000438186653,-1.29126629e-11,4.53459411e-12
741.310241,5.40628382e-06,0.000448388995,-0.999994594,0.000448388995,-1.35212019e-11,4.64721772e-12
758.577575,5.64953128e-06,0.000458828677,-0.99999435,0.000458828677,-1.41584081e-11,4.7629541e-12
776.247117,5.90421794e-06,0.000469511204,-0.999994096,0.000469511204,-1.48256317e-11,4.88191743e-12
794.328235,6.17088084e-06,0.000480442212,-0.999993829,0.000480442212,-1.55242856e-11,5.00423434e-12
812.830516,6.45008219e-06,0.000491627464,-0.99999355,0.000491627464,-1.62558502e-11,5.13001014e-12
831.763771,6.74241051e-06,0.000503072856,-0.999993258,0.000503072856,-1.70218748e-11,5.25936878e-12
851.138038,7.04848187e-06,0.00051478442,-0.999992952,0.00051478442,-1.78239818e-11,5.39244022e-12
870.96359,7.36894118e-06,0.000526768327,-0.999992631,0.000526768327,-1.86638697e-11,5.52938322e-12
891.250938,7.70446355e-06,0.000539030889,-0.999992296,0.000539030889,-1.95433174e-11,5.67031172e-12
912.010839,8.05575565e-06,0.000551578562,-0.999991944,0.000551578562,-2.04641866e-11,5.81540671e-12
933.254301,8.42355725e-06,0.000564417953,-0.999991576,0.000564417953,-2.14284277e-11,5.9647955e-12
954.992586,8.80864272e-06,0.000577555818,-0.999991191,0.000577555818,-2.24380817e-11,6.11865975e-12
977.237221,9.21182263e-06,0.000590999068,-0.999990788,0.000590999068,-2.34952864e-11,6.27717437e-12
1000,9.63394549e-06,0.000604754772,-0.999990366,0.000604754772,-2.46022791e-11,6.44052335e-12
1023.29299,1.00758995e-05,0.000618830162,-0.999989924,0.000618830162,-2.57614033e-11,6.60890036e-12
1047.12855,1.05386143e-05,0.000633232634,-0.999989461,0.000633232634,-2.69751118e-11,6.78251831e-12
1071.51931,1.10230631e-05,0.000647969754,-0.999988977,0.000647969754,-2.82459734e-11,6.96157425e-12
1096.4782,1.15302647e-05,0.000663049259,-0.99998847,0.000663049259,-2.95766768e-11,7.14630341e-12
1122.01845,1.20612852e-05,0.000678479063,-0.999987939,0.000678479063,-3.09700376e-11,7.33695422e-12
1148.15362,1.26172407e-05,0.000694267261,-0.999987383,0.000694267261,-3.24290035e-11,7.53375954e-12
1174.89755,1.31992996e-05,0.000710422132,-0.999986801,0.000710422132,-3.39566601e-11,7.73700478e-12
1202.26443,1.38086846e-05,0.00072695214,-0.999986191,0.00072695214,-3.55562385e-11,7.94697142e-12
1230.26877,1.44466757e-05,0.000743865946,-0.999985553,0.000743865946,-3.72311213e-11,8.16394626e-12
1258.92541,1.51146127e-05,0.000761172403,-0.999984885,0.000761172403,-3.89848502e-11,8.38823199e-12
1288.24955,1.58138977e-05,0.000778880568,-0.999984186,0.000778880568,-4.08211319e-11,8.62020363e-12
1318.25674,1.65459986e-05,0.000796999698,-0.999983454,0.000796999698,-4.27438486e-11,8.86016882e-12
1348.96288,1.73124516e-05,0.000815539264,-0.999982688,0.000815539264,-4.47570633e-11,9.10853262e-12
1380.38426,1.81148646e-05,0.000834508947,-0.999981885,0.000834508947,-4.68650299e-11,9.36567761e-12
1412.53754,1.89549206e-05,0.000853918647,-0.999981045,0.000853918647,-4.90722027e-11,9.63200853e-12
1445.43977,1.98343809e-05,0.000873778487,-0.999980166,0.000873778487,-5.13832434e-11,9.90799099e-12
1479.10839,2.07550892e-05,0.000894098816,-0.999979245,0.000894098816,-5.38030337e-11,1.0194043e-11
1513.56125,2.17189749e-05,0.000914890214,-0.999978281,0.000914890214,-5.63366812e-11,1.04907492e-11
1548.81662,2.27280573e-05,0.000936163499,-0.999977272,0.000936163499,-5.89895364e-11,1.07985595e-11
1584.89319,2.378445e-05,0.000957929729,-0.999976216,0.000957929729,-6.17671977e-11,1.11180713e-11
1621.8101,2.48903648e-05,0.00098020021,-0.99997511,0.00098020021,-6.46755267e-11,1.14498638e-11
1659.58691,2.60481165e-05,0.00100298649,-0.999973952,0.00100298649,-6.77206589e-11,1.17945663e-11
1698.24365,2.72601275e-05,0.0010263004,-0.99997274,0.0010263004,-7.09090162e-11,1.21528902e-11
1737.80083,2.85289329e-05,0.00105015399,-0.999971471,0.00105015399,-7.42473225e-11,1.25255033e-11
1778.27941,2.98571857e-05,0.0010745596,-0.999970143,0.0010745596,-7.77426151e-11,1.29131597e-11
1819.70086,3.1247662e-05,0.00109952986,-0.999968752,0.00109952986,-8.14022594e-11,1.33166917e-11
1862.08714,3.27032668e-05,0.00112507763,-0.999967297,0.00112507763,-8.5233966e-11,1.37369376e-11
1905.46072,3.42270399e-05,0.00115121609,-0.999965773,0.00115121609,-8.92458049e-11,1.41748207e-11
1949.8446,3.58221619e-05,0.0011779587,-0.999964178,0.0011779587,-9.34462231e-11,1.46312902e-11
1995.26231,3.74919609e-05,0.00120531919,-0.999962508,0.00120531919,-9.78440621e-11,1.51073727e-11
2041.73794,3.92399189e-05,0.00123331161,-0.99996076,0.00123331161,-1.02448573e-10,1.56041956e-11
2089.29613,4.10696789e-05,0.0012619503,-0.99995893,0.0012619503,-1.07269443e-10,1.61229061e-11
2137.96209,4.29850525e-05,0.00129124993,-0.999957015,0.00129124993,-1.12316804e-10,1.66647618e-11
2187.76162,4.49900271e-05,0.00132122545,-0.99995501,0.00132122545,-1.17601267e-10,1.72310458e-11
2238.72114,4.70887738e-05,0.00135189214,-0.999952911,0.00135189214,-1.23133931e-10,1.78232199e-11
2290.86765,4.92856561e-05,0.00138326563,-0.999950714,0.00138326563,-1.28926412e-10,1.84427641e-11
2344.22882,5.15852383e-05,0.00141536184,-0.999948415,0.00141536184,-1.34990869e-10,1.90912749e-11
2398.83292,5.39922944e-05,0.00144819705,-0.999946008,0.00144819705,-1.41340023e-10,1.97704533e-11
2454.70892,5.65118177e-05,0.00148178786,-0.999943488,0.00148178786,-1.47987184e-10,2.04821544e-11
2511.88643,5.91490303e-05,0.00151615124,-0.999940851,0.00151615124,-1.54946284e-10,2.12282492e-11
2570.39578,6.19093934e-05,0.00155130449,-0.999938091,0.00155130449,-1.62231896e-10,2.20108847e-11
2630.26799,6.47986182e-05,0.00158726527,-0.999935201,0.00158726527,-1.69859271e-10,2.28321945e-11
2691.5348,6.78226762e-05,0.00162405159,-0.999932177,0.00162405159,-1.77844362e-10,2.36945907e-11
2754.2287,7.09878115e-05,0.00166168186,-0.999929012,0.00166168186,-1.86203865e-10,2.46005293e-11
2818.38293,7.43005523e-05,0.00170017481,-0.999925699,0.00170017481,-1.9495524e-10,2.55527496e-11
2884.0315,7.77677232e-05,0.00173954957,-0.999922232,0.00173954957,-2.04116759e-10,2.65540519e-11
2951.20923,8.13964584e-05,0.00177982565,-0.999918604,0.00177982565,-2.13707532e-10,2.76075233e-11
3019.95172,8.51942153e-05,0.00182102294,-0.999914806,0.00182102294,-2.2374755e-10,2.87164074e-11
3090.29543,8.9168788e-05,0.00186316171,-0.999910831,0.00186316171,-2.34257729e-10,2.98841382e-11
3162.27766,9.3328322e-05,0.00190626263,-0.999906672,0.00190626263,-2.45259936e-10,3.1114461e-11
3235.93657,9.76813294e-05,0.00195034675,-0.999902319,0.00195034675,-2.56777051e-10,3.24112905e-11
3311.31121,0.000102236704,0.00199543551,-0.999897763,0.00199543551,-2.68832997e-10,3.37788609e-11
3388.44156,0.00010700374,0.00204155079,-0.999892996,0.00204155079,-2.8145279e-10,3.52217497e-11
3467.3685,0.000111992143,0.00208871483,-0.999888008,0.00208871483,-2.94662598e-10,3.67446964e-11
3548.13389,0.000117212055,0.00213695029,-0.999882788,0.00213695029,-3.08489779e-10,3.8352819e-11
3630.78055,0.000122674066,0.00218628023,-0.999877326,0.00218628023,-3.22962937e-10,4.00516426e-11
3715.35229,0.000128389238,0.00223672814,-0.999871611,0.00223672814,-3.38111979e-10,4.18470028e-11
3801.89396,0.000134369121,0.00228831788,-0.999865631,0.00228831788,-3.53968173e-10,4.37451288e-11
3890.45145,0.000140625773,0.00234107375,-0.999859374,0.00234107375,-3.70564202e-10,4.57527364e-11
3981.07171,0.000147171782,0.00239502045,-0.999852828,0.00239502045,-3.87934231e-10,4.78769284e-11
4073.80278,0.000154020289,0.00245018308,-0.99984598,0.00245018308,-4.06113967e-10,5.01253562e-11
4168.69383,0.000161185007,0.00250658715,-0.999838815,0.00250658715,-4.25140737e-10,5.25060466e-11
4265.79519,0.000168680246,0.00256425858,-0.99983132,0.00256425858,-4.45053539e-10,5.50277117e-11
4365.15832,0.000176520935,0.00262322368,-0.999823479,0.00262322368,-4.65893127e-10,5.76996159e-11
4466.83592,0.00018472265,0.00268350917,-0.999815277,0.00268350917,-4.87702075e-10,6.05317249e-11
4570.8819,0.000193301634,0.00274514214,-0.999806698,0.00274514214,-5.10524883e-10,6.35344056e-11
4677.35141,0.000202274825,0.0028081501,-0.999797725,0.0028081501,-5.34408011e-10,6.67190781e-11
4786.30092,0.000211659886,0.0028725609,-0.99978834,0.0028725609,-5.59400002e-10,7.00977315e-11
4897.78819,0.000221475228,0.0029384028,-0.999778525,0.0029384028,-5.85551551e-10,7.36832029e-11
5011.87234,0.000231740037,0.00300570441,-0.99976826,0.00300570441,-6.12915598e-10,7.74891923e-11
5128.61384,0.000242474309,0.00307449467,-0.999757526,0.00307449467,-6.41547428e-10,8.15302325e-11
5248.0746,0.000253698874,0.0031448029,-0.999746301,0.0031448029,-6.71504742e-10,8.58220973e-11
5370.31796,0.000265435427,0.00321665872,-0.999734565,0.00321665872,-7.02847792e-10,9.03813478e-11
5495.40874,0.000277706562,0.00329009208,-0.999722293,0.00329009208,-7.3563946e-10,9.52257442e-11
5623.41325,0.0002905358,0.00336513322,-0.999709464,0.00336513322,-7.69945362e-10,1.00374329e-10
5754.39937,0.000303947624,0.00344181268,-0.999696052,0.00344181268,-8.05833979e-10,1.0584727e-10
5888.43655,0.000317967508,0.00352016123,-0.999682032,0.00352016123,-8.43376748e-10,1.11666179e-10
6025.59586,0.000332621956,0.00360020992,-0.999667378,0.00360020992,-8.82648196e-10,1.17854e-10
6165.95002,0.000347938532,0.00368199,-0.999652061,0.00368199,-9.23726023e-10,1.24435514e-10
6309.57344,0.000363945893,0.00376553289,-0.999636054,0.00376553289,-9.66691304e-10,1.31436614e-10
6456.54229,0.000380673829,0.00385087023,-0.999619326,0.00385087023,-1.0116285e-09,1.38885553e-10
6606.93448,0.000398153294,0.00393803375,-0.999601847,0.00393803375,-1.05862575e-09,1.46811672e-10
6760.82975,0.000416416443,0.0040270553,-0.999583584,0.0040270553,-1.10777479e-09,1.55247091e-10
6918.30971,0.000435496668,0.00411796681,-0.999564503,0.00411796681,-1.1591713e-09,1.64225463e-10
7079.45784,0.000455428633,0.00421080025,-0.999544571,0.00421080025,-1.21291494e-09,1.73782817e-10
7244.3596,0.00047624831,0.00430558756,-0.999523752,0.00430558756,-1.26910947e-09,1.83957598e-10
7413.10241,0.000497993017,0.00440236065,-0.999502007,0.00440236065,-1.32786299e-09,1.94790691e-10
7585.77575,0.00052070145,0.00450115134,-0.999479299,0.00450115134,-1.38928802e-09,2.06325569e-10
7762.47117,0.000544413724,0.00460199129,-0.999455586,0.00460199129,-1.45350161e-09,2.18608975e-10
7943.28235,0.000569171401,0.004704912,-0.999430829,0.004704912,-1.52062569e-09,2.31689937e-10
8128.30516,0.000595017531,0.00480994468,-0.999404982,0.00480994468,-1.59078698e-09,2.45621174e-10
8317.63771,0.000621996682,0.00491712027,-0.999378003,0.00491712027,-1.66411734e-09,2.60458503e-10
8511.38038,0.000650154973,0.00502646932,-0.999349845,0.00502646932,-1.74075383e-09,2.76261657e-10
8709.6359,0.00067954011,0.00513802196,-0.99932046,0.00513802196,-1.82083892e-09,2.93093876e-10
8912.50938,0.000710201411,0.0052518078,-0.999289799,0.0052518078,-1.90452066e-09,3.11022477e-10
9120.10839,0.000742189838,0.00536785588,-0.99925781,0.00536785588,-1.99195282e-09,3.30119096e-10
9332.54301,0.000775558026,0.00548619458,-0.999224442,0.00548619458,-2.0832951e-09,3.50459706e-10
9549.92586,0.000810360304,0.00560685153,-0.99918964,0.00560685153,-2.17871322e-09,3.72125503e-10
9772.37221,0.000846652722,0.00572985357,-0.999153347,0.00572985357,-2.27837923e-09,3.95202088e-10
10000,0.00088449307,0.00585522657,-0.999115507,0.00585522657,-2.38247155e-09,4.19780845e-10
10232.9299,0.000923940896,0.00598299542,-0.999076059,0.00598299542,-2.49117516e-09,4.45958703e-10
10471.2855,0.00096505752,0.00611318388,-0.999034942,0.00611318388,-2.60468185e-09,4.73838438e-10
10715.1931,0.00100790605,0.0062458145,-0.998992094,0.0062458145,-2.72319028e-09,5.03529171e-10
10964.782,0.00105255137,0.00638090848,-0.998947449,0.00638090848,-2.84690623e-09,5.35146534e-10
11220.1845,0.00109906017,0.00651848558,-0.99890094,0.00651848558,-2.97604266e-09,5.68813391e-10
11481.5362,0.00114750092,0.00665856398,-0.998852499,0.00665856398,-3.11081997e-09,6.04659574e-10
11748.9755,0.00119794389,0.00680116018,-0.998802056,0.00680116018,-3.25146598e-09,6.42823394e-10
12022.6443,0.00125046109,0.00694628882,-0.998749539,0.00694628882,-3.39821634e-09,6.83450342e-10
12302.6877,0.00130512628,0.0070939626,-0.998694874,0.0070939626,-3.55131434e-09,7.26695322e-10
12589.2541,0.00136201497,0.00724419209,-0.998637985,0.00724419209,-3.7110113e-09,7.72721736e-10
12882.4955,0.00142120431,0.00739698561,-0.998578796,0.00739698561,-3.87756652e-09,8.2170261e-10
13182.5674,0.00148277312,0.00755234907,-0.998517227,0.00755234907,-4.05124745e-09,8.73820866e-10
13489.6288,0.00154680177,0.0077102858,-0.998453198,0.0077102858,-4.23232969e-09,9.29270014e-10
13803.8426,0.00161337217,0.00787079642,-0.998386628,0.00787079642,-4.42109717e-09,9.88254329e-10
14125.3754,0.00168256768,0.00803387862,-0.998317432,0.00803387862,-4.61784214e-09,1.05098957e-09
14454.3977,0.001754473,0.00819952705,-0.998245527,0.00819952705,-4.82286529e-09,1.11770303e-09
14791.0839,0.00182917409,0.00836773312,-0.998170826,0.00836773312,-5.0364756e-09,1.188635e-09
15135.6125,0.00190675805,0.00853848479,-0.998093242,0.00853848479,-5.25899041e-09,1.26403883e-09
15488.1662,0.00198731301,0.00871176644,-0.998012687,0.00871176644,-5.49073552e-09,1.34418105e-09
15848.9319,0.00207092795,0.0088875587,-0.997929072,0.0088875587,-5.73204507e-09,1.42934206e-09
16218.101,0.00215769257,0.00906583819,-0.997842307,0.00906583819,-5.98326125e-09,1.51981777e-09
16595.8691,0.0022476971,0.00924657742,-0.997752303,0.00924657742,-6.24473462e-09,1.61591834e-09
16982.4365,0.0023410321,0.00942974458,-0.997658968,0.00942974458,-6.5168235e-09,1.71797069e-09
17378.0083,0.00243778825,0.00961530337,-0.997562212,0.00961530337,-6.79989426e-09,1.82631719e-09
17782.7941,0.00253805612,0.00980321281,-0.997461944,0.00980321281,-7.0943208e-09,1.94131773e-09
18197.0086,0.0026419259,0.00999342711,-0.997358074,0.00999342711,-7.40048444e-09,2.0633495e-09
18620.8714,0.00274948712,0.0101858955,-0.997250513,0.0101858955,-7.71877386e-09,2.19280717e-09
19054.6072,0.00286082838,0.010380562,-0.997139172,0.010380562,-8.04958441e-09,2.33010457e-09
19498.446,0.00297603696,0.0105773655,-0.997023963,0.0105773655,-8.39331827e-09,2.47567367e-09
19952.6231,0.00309519855,0.0107762393,-0.996904801,0.0107762393,-8.75038356e-09,2.62996689e-09
20417.3794,0.00321839683,0.0109771115,-0.996781603,0.0109771115,-9.12119448e-09,2.79345559e-09
20892.9613,0.0033457131,0.0111799044,-0.996654287,0.0111799044,-9.50617069e-09,2.96663149e-09
21379.6209,0.00347722584,0.0113845347,-0.996522774,0.0113845347,-9.90573683e-09,3.15000684e-09
21877.6162,0.00361301031,0.0115909134,-0.99638699,0.0115909134,-1.03203221e-08,3.34411489e-09
22387.2114,0.00375313806,0.011798946,-0.996246862,0.011798946,-1.07503598e-08,3.54950992e-09
22908.6765,0.00389767645,0.012008532,-0.996102324,0.012008532,-1.11962867e-08,3.76676742e-09
23442.2882,0.0040466882,0.0122195657,-0.995953312,0.0122195657,-1.16585432e-08,3.99648368e-09
23988.3292,0.00420023081,0.0124319356,-0.995799769,0.0124319356,-1.21375715e-08,4.23927712e-09
24547.0892,0.0043583561,0.012645525,-0.995641644,0.012645525,-1.26338168e-08,4.49578635e-09
25118.8643,0.00452110961,0.0128602118,-0.99547889,0.0128602118,-1.3147725e-08,4.76667249e-09
25703.9578,0.00468853012,0.0130758691,-0.99531147,0.0130758691,-1.36797439e-08,5.05261623e-09
26302.6799,0.00486064905,0.0132923652,-0.995139351,0.0132923652,-1.42303216e-08,5.35431946e-09
26915.348,0.00503748995,0.0135095641,-0.99496251,0.0135095641,-1.47999062e-08,5.67250449e-09
27542.287,0.00521906792,0.0137273257,-0.994780932,0.0137273257,-1.53889462e-08,6.00791257e-09
28183.8293,0.00540538911,0.0139455063,-0.994594611,0.0139455063,-1.59978897e-08,6.36130354e-09
28840.315,0.00559645016,0.0141639592,-0.99440355,0.0141639592,-1.66271836e-08,6.73345648e-09
29512.0923,0.00579223777,0.0143825351,-0.994207762,0.0143825351,-1.72772745e-08,7.12516744e-09
30199.5172,0.00599272813,0.0146010827,-0.994007272,0.0146010827,-1.79486082e-08,7.53724807e-09
30902.9543,0.00619788656,0.0148194493,-0.993802113,0.0148194493,-1.86416295e-08,7.97052588e-09
31622.7766,0.00640766707,0.0150374817,-0.993592333,0.0150374817,-1.93567829e-08,8.42584271e-09
32359.3657,0.006622012,0.0152550269,-0.993377988,0.0152550269,-2.00945125e-08,8.90405253e-09
33113.1121,0.0068408517,0.0154719326,-0.993159148,0.0154719326,-2.08552632e-08,9.40602094e-09
33884.4156,0.0070641043,0.0156880485,-0.992935896,0.0156880485,-2.16394805e-08,9.93262386e-09
34673.685,0.00729167553,0.0159032268,-0.992708324,0.0159032268,-2.24476122e-08,1.04847452e-08
35481.3389,0.00752345853,0.0161173236,-0.992476541,0.0161173236,-2.32801089e-08,1.10632757e-08
36307.8055,0.00775933389,0.0163301994,-0.992240666,0.0163301994,-2.41374258e-08,1.16691121e-08
37153.5229,0.0079991696,0.0165417201,-0.99200083,0.0165417201,-2.50200242e-08,1.23031532e-08
38018.9396,0.0082428212,0.0167517585,-0.991757179,0.0167517585,-2.59283732e-08,1.29663003e-08
38904.5145,0.00849013199,0.0169601947,-0.991509868,0.0169601947,-2.68629511e-08,1.36594561e-08
39810.7171,0.00874093325,0.0171669176,-0.991259067,0.0171669176,-2.78242494e-08,1.43835201e-08
40738.0278,0.0089950447,0.0173718255,-0.991004955,0.0173718255,-2.88127742e-08,1.51393885e-08
41686.9383,0.00925227487,0.0175748276,-0.990747725,0.0175748276,-2.98290489e-08,1.59279543e-08
42657.9519,0.00951242174,0.0177758444,-0.990487578,0.0177758444,-3.08736181e-08,1.67501034e-08
43651.5832,0.00977527332,0.017974809,-0.990224727,0.017974809,-3.19470505e-08,1.76067147e-08
44668.3592,0.0100406084,0.018171668,-0.989959392,0.018171668,-3.30499437e-08,1.84986572e-08
45708.819,0.0103081974,0.0183663819,-0.989691803,0.0183663819,-3.41829268e-08,1.94267908e-08
46773.5141,0.0105778031,0.0185589267,-0.989422197,0.0185589267,-3.53466655e-08,2.03919645e-08
47863.0092,0.0108491819,0.0187492936,-0.989150818,0.0187492936,-3.65418669e-08,2.13950152e-08
48977.8819,0.0111220845,0.0189374905,-0.988877915,0.0189374905,-3.77692831e-08,2.24367686e-08
50118.7234,0.0113962573,0.0191235421,-0.988603743,0.0191235421,-3.90297175e-08,2.35180377e-08
51286.1384,0.0116714432,0.0193074903,-0.988328557,0.0193074903,-4.03240301e-08,2.46396222e-08
52480.746,0.011947383,0.0194893948,-0.988052617,0.0194893948,-4.16531418e-08,2.58023107e-08
53703.1796,0.0122238168,0.0196693333,-0.987776183,0.0196693333,-4.30180413e-08,2.70068792e-08
54954.0874,0.0125004845,0.0198474015,-0.987499515,0.0198474015,-4.44197908e-08,2.82540923e-08
56234.1325,0.012777128,0.0200237134,-0.987222872,0.0200237134,-4.58595309e-08,2.95447059e-08
57543.9937,0.0130534915,0.0201984008,-0.986946509,0.0201984008,-4.73384884e-08,3.08794659e-08
58884.3655,0.0133293235,0.0203716137,-0.986670677,0.0203716137,-4.88579819e-08,3.2259111e-08
60255.9586,0.0136043774,0.0205435198,-0.986395623,0.0205435198,-5.04194275e-08,3.36843756e-08
61659.5002,0.013878413,0.020714304,-0.986121587,0.020714304,-5.20243472e-08,3.51559896e-08
63095.7344,0.0141511977,0.0208841681,-0.985848802,0.0208841681,-5.36743732e-08,3.66746834e-08
64565.4229,0.014422507,0.0210533305,-0.985577493,0.0210533305,-5.53712568e-08,3.82411886e-08
66069.3448,0.0146921262,0.0212220249,-0.985307874,0.0212220249,-5.71168734e-08,3.98562424e-08
67608.2975,0.014959851,0.0213905004,-0.985040149,0.0213905004,-5.89132307e-08,4.15205895e-08
69183.0971,0.0152254886,0.0215590203,-0.984774511,0.0215590203,-6.07624751e-08,4.32349863e-08
70794.5784,0.0154888579,0.0217278613,-0.984511142,0.0217278613,-6.26668976e-08,4.50002055e-08
72443.596,0.0157497912,0.0218973128,-0.984250209,0.0218973128,-6.46289428e-08,4.68170383e-08
74131.0241,0.0160081339,0.0220676759,-0.983991866,0.0220676759,-6.66512138e-08,4.86863e-08
75857.7575,0.0162637456,0.0222392623,-0.983736254,0.0222392623,-6.87364822e-08,5.06088317e-08
77624.7117,0.0165165005,0.0224123939,-0.9834835,0.0224123939,-7.08876909e-08,5.258551e-08
79432.8235,0.0167662875,0.022587401,-0.983233713,0.022587401,-7.31079661e-08,5.46172457e-08
81283.0516,0.0170130109,0.0227646222,-0.982986989,0.0227646222,-7.54006207e-08,5.67049932e-08
83176.3771,0.0172565903,0.0229444026,-0.98274341,0.0229444026,-7.77691643e-08,5.88497528e-08
85113.8038,0.0174969609,0.0231270936,-0.982503039,0.0231270936,-8.02173102e-08,6.10525766e-08
87096.359,0.0177340736,0.0233130513,-0.982265926,0.0233130513,-8.27489815e-08,6.33145747e-08
89125.0938,0.0179678949,0.0235026361,-0.982032105,0.0235026361,-8.53683209e-08,6.56369198e-08
91201.0839,0.0181984066,0.0236962114,-0.981801593,0.0236962114,-8.80796976e-08,6.80208528e-08
93325.4301,0.0184256063,0.0238941431,-0.981574394,0.0238941431,-9.0887716e-08,7.04676884e-08
95499.2586,0.0186495067,0.0240967984,-0.981350493,0.0240967984,-9.37972234e-08,7.29788218e-08
97723.7221,0.0188701354,0.0243045453,-0.981129865,0.0243045453,-9.68133186e-08,7.55557347e-08
100000,0.0190875349,0.0245177519,-0.980912465,0.0245177519,-9.99413623e-08,7.81999995e-08
102329.299,0.0193017619,0.0247367853,-0.980698238,0.0247367853,-1.03186984e-07,8.09132892e-08
104712.855,0.0195128874,0.0249620114,-0.980487113,0.0249620114,-1.06556091e-07,8.36973807e-08
107151.931,0.0197209959,0.0251937941,-0.980279004,0.0251937941,-1.10054883e-07,8.65541636e-08
109647.82,0.0199261854,0.0254324947,-0.980073815,0.0254324947,-1.13689856e-07,8.94856457e-08
112201.845,0.0201285666,0.0256784714,-0.979871433,0.0256784714,-1.17467815e-07,9.24939626e-08
114815.362,0.0203282628,0.025932079,-0.979671737,0.025932079,-1.21395884e-07,9.55813828e-08
117489.755,0.0205254093,0.0261936681,-0.979474591,0.0261936681,-1.25481521e-07,9.87503154e-08
120226.443,0.020720153,0.0264635849,-0.979279847,0.0264635849,-1.29732521e-07,1.02003323e-07
123026.877,0.020912652,0.0267421711,-0.979087348,0.0267421711,-1.34157039e-07,1.05343119e-07
125892.541,0.0211030751,0.027029763,-0.978896925,0.027029763,-1.38763589e-07,1.08772591e-07
128824.955,0.0212916014,0.0273266915,-0.978708399,0.0273266915,-1.43561069e-07,1.12294797e-07
131825.674,0.0214784199,0.0276332821,-0.97852158,0.0276332821,-1.48558765e-07,1.15912984e-07
134896.288,0.021663729,0.0279498538,-0.978336271,0.0279498538,-1.53766369e-07,1.19630589e-07
138038.426,0.0218477361,0.0282767199,-0.978152264,0.0282767199,-1.59193989e-07,1.23451259e-07
141253.754,0.0220306573,0.0286141871,-0.977969343,0.0286141871,-1.64852168e-07,1.27378851e-07
144543.977,0.0222127169,0.0289625552,-0.977787283,0.0289625552,-1.70751892e-07,1.31417454e-07
147910.839,0.0223941469,0.0293221174,-0.977605853,0.0293221174,-1.76904611e-07,1.35571388e-07
151356.125,0.0225751866,0.0296931598,-0.977424813,0.0296931598,-1.83322249e-07,1.39845229e-07
154881.662,0.0227560826,0.0300759612,-0.977243917,0.0300759612,-1.90017224e-07,1.44243808e-07
158489.319,0.0229370877,0.0304707931,-0.977062912,0.0304707931,-1.97002457e-07,1.48772234e-07
162181.01,0.023118461,0.0308779191,-0.976881539,0.0308779191,-2.04291397e-07,1.534359e-07
165958.691,0.0233004674,0.0312975953,-0.976699533,0.0312975953,-2.11898029e-07,1.58240502e-07
169824.365,0.0234833768,0.0317300697,-0.976516623,0.0317300697,-2.198369e-07,1.63192045e-07
173780.083,0.0236674641,0.0321755822,-0.976332536,0.0321755822,-2.28123124e-07,1.68296864e-07
177827.941,0.0238530085,0.0326343644,-0.976146992,0.0326343644,-2.3677241e-07,1.73561635e-07
181970.086,0.0240402931,0.0331066396,-0.975959707,0.0331066396,-2.45801078e-07,1.78993386e-07
186208.714,0.0242296042,0.0335926221,-0.975770396,0.0335926221,-2.55226073e-07,1.84599518e-07
190546.072,0.0244212309,0.034092518,-0.975578769,0.034092518,-2.65064987e-07,1.90387814e-07
194984.46,0.0246154647,0.0346065243,-0.975384535,0.0346065243,-2.75336076e-07,1.96366458e-07
199526.231,0.0248125982,0.035134829,-0.975187402,0.035134829,-2.86058283e-07,2.02544045e-07
204173.794,0.0250129255,0.0356776112,-0.974987075,0.0356776112,-2.97251257e-07,2.08929596e-07
208929.613,0.0252167405,0.0362350411,-0.974783259,0.0362350411,-3.08935372e-07,2.15532576e-07
213796.209,0.0254243369,0.0368072798,-0.974575663,0.0368072798,-3.2113175e-07,2.22362905e-07
218776.162,0.0256360072,0.0373944794,-0.974363993,0.0373944794,-3.33862287e-07,2.2943097e-07
223872.114,0.0258520418,0.0379967832,-0.974147958,0.0379967832,-3.47149669e-07,2.36747642e-07
229086.765,0.0260727282,0.0386143259,-0.973927272,0.0386143259,-3.61017406e-07,2.44324287e-07
234422.882,0.0262983507,0.0392472335,-0.973701649,0.0392472335,-3.75489853e-07,2.52172775e-07
239883.292,0.0265291887,0.039895624,-0.973470811,0.039895624,-3.90592235e-07,2.60305499e-07
245470.892,0.0267655165,0.0405596078,-0.973234483,0.0405596078,-4.06350684e-07,2.68735376e-07
251188.643,0.027007602,0.0412392876,-0.972992398,0.0412392876,-4.22792265e-07,2.77475866e-07
257039.578,0.0272557063,0.0419347596,-0.972744294,0.0419347596,-4.39945012e-07,2.86540978e-07
263026.799,0.0275100821,0.0426461139,-0.972489918,0.0426461139,-4.57837961e-07,2.95945279e-07
269153.48,0.0277709736,0.0433734351,-0.972229026,0.0433734351,-4.76501193e-07,3.05703901e-07
275422.87,0.0280386153,0.0441168034,-0.971961385,0.0441168034,-4.95965874e-07,3.15832551e-07
281838.293,0.0283132313,0.0448762953,-0.971686769,0.0448762953,-5.162643e-07,3.26347518e-07
288403.15,0.0285950345,0.0456519851,-0.971404965,0.0456519851,-5.37429944e-07,3.3726568e-07
295120.923,0.0288842261,0.0464439453,-0.971115774,0.0464439453,-5.59497517e-07,3.48604506e-07
301995.172,0.0291809949,0.0472522485,-0.970819005,0.0472522485,-5.82503013e-07,3.60382072e-07
309029.543,0.0294855168,0.0480769688,-0.970514483,0.0480769688,-6.06483783e-07,3.72617058e-07
316227.766,0.0297979545,0.0489181825,-0.970202046,0.0489181825,-6.31478592e-07,3.85328764e-07
323593.657,0.0301184573,0.0497759703,-0.969881543,0.0497759703,-6.57527698e-07,3.9853711e-07
331131.121,0.0304471608,0.0506504187,-0.969552839,0.0506504187,-6.84672926e-07,4.12262651e-07
338844.156,0.0307841871,0.0515416214,-0.969215813,0.0515416214,-7.12957754e-07,4.26526583e-07
346736.85,0.0311296448,0.0524496811,-0.968870355,0.0524496811,-7.424274e-07,4.41350762e-07
354813.389,0.0314836292,0.0533747114,-0.968516371,0.0533747114,-7.7312892e-07,4.56757707e-07
363078.055,0.0318462232,0.0543168381,-0.968153777,0.0543168381,-8.05111307e-07,4.72770632e-07
371535.229,0.0322174975,0.0552762012,-0.967782503,0.0552762012,-8.38425607e-07,4.89413448e-07
380189.396,0.0325975115,0.0562529564,-0.967402489,0.0562529564,-8.73125025e-07,5.06710806e-07
389045.145,0.0329863145,0.0572472768,-0.967013686,0.0572472768,-9.09265058e-07,5.24688106e-07
398107.171,0.0333839464,0.0582593545,-0.966616054,0.0582593545,-9.46903614e-07,5.43371543e-07
407380.278,0.0337904394,0.059289402,-0.966209561,0.059289402,-9.86101158e-07,5.62788138e-07
416869.383,0.034205819,0.0603376536,-0.965794181,0.0603376536,-1.02692085e-06,5.82965775e-07
426579.519,0.034630106,0.0614043668,-0.965369894,0.0614043668,-1.0694287e-06,6.03933259e-07
436515.832,0.0350633177,0.0624898234,-0.964936682,0.0624898234,-1.11369373e-06,6.25720363e-07
446683.592,0.03550547,0.0635943306,-0.96449453,0.0635943306,-1.15978811e-06,6.48357892e-07
457088.19,0.0359565794,0.0647182217,-0.964043421,0.0647182217,-1.20778738e-06,6.71877743e-07
467735.141,0.0364166646,0.0658618572,-0.963583335,0.0658618572,-1.25777058e-06,6.96312996e-07
478630.092,0.0368857488,0.0670256251,-0.963114251,0.0670256251,-1.30982047e-06,7.21697983e-07
489778.819,0.0373638617,0.0682099417,-0.962636138,0.0682099417,-1.36402369e-06,7.48068383e-07
501187.234,0.0378510419,0.0694152512,-0.962148958,0.0694152512,-1.420471e-06,7.75461324e-07
512861.384,0.0383473385,0.0706420266,-0.961652661,0.0706420266,-1.47925743e-06,8.03915493e-07
524807.46,0.0388528139,0.0718907693,-0.961147186,0.0718907693,-1.54048257e-06,8.33471248e-07
537031.796,0.0393675454,0.0731620088,-0.960632455,0.0731620088,-1.6042507e-06,8.64170751e-07
549540.874,0.0398916279,0.0744563024,-0.960108372,0.0744563024,-1.67067108e-06,8.96058108e-07
562341.325,0.0404251752,0.0757742351,-0.959574825,0.0757742351,-1.73985814e-06,9.29179505e-07
575439.937,0.040968323,0.0771164184,-0.959031677,0.0771164184,-1.81193177e-06,9.63583385e-07
588843.655,0.0415212301,0.07848349,-0.95847877,0.07848349,-1.8870175e-06,9.99320602e-07
602559.586,0.0420840809,0.0798761126,-0.957915919,0.0798761126,-1.96524681e-06,1.03644461e-06
616595.002,0.042657087,0.0812949735,-0.957342913,0.0812949735,-2.04675735e-06,1.07501165e-06
630957.344,0.043240489,0.0827407828,-0.956759511,0.0827407828,-2.13169324e-06,1.11508097e-06
645654.229,0.0438345582,0.0842142728,-0.956165442,0.0842142728,-2.22020529e-06,1.15671502e-06
660693.448,0.0444395988,0.0857161968,-0.955560401,0.0857161968,-2.31245135e-06,1.19997973e-06
676082.975,0.0450559486,0.0872473275,-0.954944051,0.0872473275,-2.40859657e-06,1.24494469e-06
691830.971,0.0456839813,0.0888084558,-0.954316019,0.0888084558,-2.50881366e-06,1.29168348e-06
707945.784,0.0463241076,0.0904003897,-0.953675892,0.0904003897,-2.61328325e-06,1.34027389e-06
724435.96,0.0469767768,0.0920239524,-0.953023223,0.0920239524,-2.72219418e-06,1.39079828e-06
741310.241,0.0476424779,0.0936799814,-0.952357522,0.0936799814,-2.83574382e-06,1.44334382e-06
758577.575,0.0483217413,0.0953693265,-0.951678259,0.0953693265,-2.9541384e-06,1.49800288e-06
776247.117,0.0490151397,0.0970928484,-0.95098486,0.0970928484,-3.07759335e-06,1.55487336e-06
794328.235,0.0497232897,0.0988514175,-0.95027671,0.0988514175,-3.20633362e-06,1.61405907e-06
812830.516,0.0504468525,0.100645912,-0.949553148,0.100645912,-3.34059411e-06,1.67567011e-06
831763.771,0.0511865356,0.102477215,-0.948813464,0.102477215,-3.48061993e-06,1.73982331e-06
851138.038,0.0519430939,0.104346218,-0.948056906,0.104346218,-3.62666683e-06,1.80664265e-06
870963.59,0.0527173303,0.10625381,-0.94728267,0.10625381,-3.7790016e-06,1.87625978e-06
891250.938,0.0535100977,0.108200884,-0.946489902,0.108200884,-3.93790237e-06,1.94881446e-06
912010.839,0.0543222993,0.110188334,-0.945677701,0.110188334,-4.10365907e-06,2.02445512e-06
933254.301,0.0551548902,0.112217048,-0.94484511,0.112217048,-4.2765738e-06,2.10333944e-06
954992.586,0.0560088787,0.114287911,-0.943991121,0.114287911,-4.45696126e-06,2.1856349e-06
977237.221,0.0568853267,0.116401801,-0.943114673,0.116401801,-4.64514908e-06,2.27151945e-06
1000000,0.0577853515,0.11855959,-0.942214649,0.11855959,-4.84147831e-06,2.36118213e-06
1023292.99,0.0587101266,0.120762136,-0.941289873,0.120762136,-5.0463038e-06,2.45482384e-06
1047128.55,0.059660883,0.123010285,-0.940339117,0.123010285,-5.25999459e-06,2.55265802e-06
1071519.31,0.0606389098,0.125304868,-0.93936109,0.125304868,-5.48293432e-06,2.65491149e-06
1096478.2,0.061645556,0.1276467,-0.938354444,0.1276467,-5.71552169e-06,2.76182524e-06
1122018.45,0.0626822309,0.130036572,-0.937317769,0.130036572,-5.95817078e-06,2.87365532e-06
1148153.62,0.0637504055,0.132475255,-0.936249595,0.132475255,-6.21131153e-06,2.99067378e-06
1174897.55,0.0648516133,0.134963492,-0.935148387,0.134963492,-6.47539005e-06,3.11316964e-06
1202264.43,0.0659874512,0.137502,-0.934012549,0.137502,-6.75086903e-06,3.24144993e-06
1230268.77,0.0671595808,0.140091461,-0.932840419,0.140091461,-7.03822813e-06,3.37584073e-06
1258925.41,0.0683697287,0.142732523,-0.931630271,0.142732523,-7.33796426e-06,3.51668834e-06
1288249.55,0.0696196873,0.145425796,-0.930380313,0.145425796,-7.65059197e-06,3.6643605e-06
1318256.74,0.070911316,0.148171847,-0.929088684,0.148171847,-7.97664369e-06,3.81924759e-06
1348962.88,0.072246541,0.150971196,-0.927753459,0.150971196,-8.31667005e-06,3.98176399e-06
1380384.26,0.0736273564,0.153824314,-0.926372644,0.153824314,-8.67124012e-06,4.15234944e-06
1412537.54,0.0750558239,0.156731619,-0.924944176,0.156731619,-9.04094156e-06,4.33147047e-06
1445439.77,0.0765340737,0.159693467,-0.923465926,0.159693467,-9.42638088e-06,4.51962192e-06
1479108.39,0.0780643038,0.162710155,-0.921935696,0.162710155,-9.82818348e-06,4.71732856e-06
1513561.25,0.0796487803,0.165781911,-0.92035122,0.165781911,-1.02469937e-05,4.92514662e-06
1548816.62,0.0812898366,0.168908888,-0.918710163,0.168908888,-1.06834751e-05,5.14366561e-06
1584893.19,0.0829898733,0.172091164,-0.917010127,0.172091164,-1.11383098e-05,5.37351001e-06
1621810.1,0.084751357,0.175328735,-0.915248643,0.175328735,-1.16121992e-05,5.61534117e-06
1659586.91,0.0865768192,0.178621505,-0.913423181,0.178621505,-1.2105863e-05,5.86985917e-06
1698243.65,0.088468855,0.181969287,-0.911531145,0.181969287,-1.26200395e-05,6.13780484e-06
1737800.83,0.0904301214,0.185371793,-0.909569879,0.185371793,-1.31554849e-05,6.41996171e-06
1778279.41,0.0924633352,0.188828631,-0.907536665,0.188828631,-1.3712973e-05,6.71715822e-06
1819700.86,0.0945712704,0.192339296,-0.90542873,0.192339296,-1.42932944e-05,7.03026978e-06
1862087.14,0.0967567557,0.195903164,-0.903243244,0.195903164,-1.48972564e-05,7.360221e-06
1905460.72,0.0990226708,0.199519488,-0.900977329,0.199519488,-1.55256813e-05,7.70798796e-06
1949844.6,0.101371943,0.203187391,-0.898628057,0.203187391,-1.61794064e-05,8.07460052e-06
1995262.31,0.103807544,0.206905858,-0.896192456,0.206905858,-1.68592822e-05,8.46114461e-06
2041737.94,0.106332482,0.21067373,-0.893667518,0.21067373,-1.75661717e-05,8.86876463e-06
2089296.13,0.1089498,0.214489698,-0.8910502,0.214489698,-1.83009488e-05,9.29866583e-06
2137962.09,0.111662568,0.218352297,-0.888337432,0.218352297,-1.90644966e-05,9.75211673e-06
2187761.62,0.114473878,0.222259896,-0.885526122,0.222259896,-1.98577061e-05,1.02304515e-05
2238721.14,0.117386836,0.226210697,-0.882613164,0.226210697,-2.06814741e-05,1.07350724e-05
2290867.65,0.120404553,0.230202726,-0.879595447,0.230202726,-2.15367009e-05,1.1267452e-05
2344228.82,0.123530139,0.234233826,-0.876469861,0.234233826,-2.24242886e-05,1.18291357e-05
2398832.92,0.126766693,0.238301652,-0.873233307,0.238301652,-2.33451382e-05,1.24217441e-05
2454708.92,0.130117293,0.242403667,-0.869882707,0.242403667,-2.43001471e-05,1.30469748e-05
2511886.43,0.133584987,0.246537135,-0.866415013,0.246537135,-2.52902061e-05,1.37066049e-05
2570395.78,0.137172778,0.250699119,-0.862827222,0.250699119,-2.63161967e-05,1.44024929e-05
2630267.99,0.140883618,0.254886472,-0.859116382,0.254886472,-2.73789875e-05,1.51365806e-05
2691534.8,0.14472039,0.259095839,-0.85527961,0.259095839,-2.84794308e-05,1.59108948e-05
2754228.7,0.148685896,0.263323653,-0.851314104,0.263323653,-2.96183591e-05,1.67275491e-05
2818382.93,0.152782847,0.267566128,-0.847217153,0.267566128,-3.07965809e-05,1.75887449e-05
2884031.5,0.157013844,0.271819266,-0.842986156,0.271819266,-3.20148771e-05,1.84967728e-05
2951209.23,0.161381363,0.27607885,-0.838618637,0.27607885,-3.32739965e-05,1.94540136e-05
3019951.72,0.165887741,0.28034045,-0.834112259,0.28034045,-3.45746513e-05,2.04629388e-05
3090295.43,0.17053516,0.284599421,-0.82946484,0.284599421,-3.59175131e-05,2.15261111e-05
3162277.66,0.17532563,0.288850906,-0.82467437,0.288850906,-3.73032076e-05,2.26461843e-05
3235936.57,0.18026097,0.293089847,-0.81973903,0.293089847,-3.87323103e-05,2.38259032e-05
3311311.21,0.185342794,0.297310983,-0.814657206,0.297310983,-4.02053417e-05,2.50681029e-05
3388441.56,0.190572492,0.30150886,-0.809427508,0.30150886,-4.17227622e-05,2.63757079e-05
3467368.5,0.195951213,0.305677844,-0.804048787,0.305677844,-4.32849675e-05,2.77517304e-05
3548133.89,0.201479848,0.309812124,-0.798520152,0.309812124,-4.48922834e-05,2.91992689e-05
3630780.55,0.207159013,0.313905731,-0.792840987,0.313905731,-4.65449616e-05,3.0721506e-05
3715352.29,0.212989033,0.317952547,-0.787010967,0.317952547,-4.82431745e-05,3.23217051e-05
3801893.96,0.218969924,0.321946323,-0.781030076,0.321946323,-4.99870111e-05,3.40032083e-05
3890451.45,0.225101383,0.325880695,-0.774898617,0.325880695,-5.17764723e-05,3.57694323e-05
3981071.71,0.23138277,0.329749203,-0.76861723,0.329749203,-5.36114675e-05,3.76238647e-05
4073802.78,0.237813094,0.333545311,-0.762186906,0.333545311,-5.54918101e-05,3.95700595e-05
4168693.83,0.244391005,0.33726243,-0.755608995,0.33726243,-5.74172146e-05,4.16116328e-05
4265795.19,0.251114783,0.34089394,-0.748885217,0.34089394,-5.93872936e-05,4.37522575e-05
4365158.32,0.257982328,0.344433214,-0.742017672,0.344433214,-6.14015549e-05,4.59956577e-05
4466835.92,0.264991153,0.347873647,-0.735008847,0.347873647,-6.34594e-05,4.83456036e-05
4570881.9,0.272138384,0.351208681,-0.727861616,0.351208681,-6.55601221e-05,5.08059051e-05
4677351.41,0.279420754,0.354431832,-0.720579246,0.354431832,-6.77029054e-05,5.33804058e-05
4786300.92,0.286834602,0.357536722,-0.713165398,0.357536722,-6.9886825e-05,5.6072977e-05
4897788.19,0.294375879,0.360517104,-0.705624121,0.360517104,-7.21108468e-05,5.88875109e-05
5011872.34,0.302040153,0.363366896,-0.697959847,0.363366896,-7.43738288e-05,6.18279147e-05
5128613.84,0.309822612,0.366080207,-0.690177388,0.366080207,-7.66745231e-05,6.4898104e-05
5248074.6,0.317718082,0.368651367,-0.682281918,0.368651367,-7.90115776e-05,6.8101997e-05
5370317.96,0.325721033,0.371074958,-0.674278967,0.371074958,-8.13835399e-05,7.14435082e-05
5495408.74,0.333825601,0.373345838,-0.666174399,0.373345838,-8.37888605e-05,7.49265433e-05
5623413.25,0.342025602,0.375459173,-0.657974398,0.375459173,-8.62258977e-05,7.85549933e-05
5754399.37,0.350314556,0.377410457,-0.649685444,0.377410457,-8.86929225e-05,8.23327304e-05
5888436.55,0.358685709,0.37919554,-0.641314291,0.37919554,-9.11881244e-05,8.62636036e-05
6025595.86,0.367132062,0.380810647,-0.632867938,0.380810647,-9.37096177e-05,9.03514351e-05
6165950.02,0.375646394,0.382252399,-0.624353606,0.382252399,-9.62554484e-05,9.46000172e-05
6309573.44,0.3842213,0.383517831,-0.6157787,0.383517831,-9.8823601e-05,9.90131109e-05
6456542.29,0.392849214,0.384604404,-0.607150786,0.384604404,-0.000101412007,0.000103594444
6606934.48,0.401522448,0.385510019,-0.598477552,0.385510019,-0.00010401855,0.00010834771
6760829.75,0.410233226,0.386233025,-0.589766774,0.386233025,-0.000106641079,0.000113276573
6918309.71,0.418973719,0.386772222,-0.581026281,0.386772222,-0.000109277411,0.000118384661
7079457.84,0.427736077,0.387126867,-0.572263923,0.387126867,-0.00011192534,0.000123675577
7244359.6,0.436512472,0.387296671,-0.563487528,0.387296671,-0.00011458265,0.000129152897
7413102.41,0.445295128,0.387281795,-0.554704872,0.387281795,-0.000117247114,0.000134820178
7585775.75,0.454076359,0.387082841,-0.545923641,0.387082841,-0.000119916508,0.000140680959
7762471.17,0.462848602,0.386700842,-0.537151398,0.386700842,-0.000122588616,0.000146738774
7943282.35,0.471604453,0.38613725,-0.528395547,0.38613725,-0.000125261236,0.000152997152
8128305.16,0.480336696,0.385393915,-0.519663304,0.385393915,-0.000127932182,0.00015945963
8317637.71,0.489038332,0.384473066,-0.510961668,0.384473066,-0.000130599295,0.000166129763
8511380.38,0.497702612,0.383377292,-0.502297388,0.383377292,-0.000133260441,0.000173011129
8709635.9,0.506323058,0.382109514,-0.493676942,0.382109514,-0.000135913519,0.000180107343
8912509.38,0.514893487,0.380672957,-0.485106513,0.380672957,-0.000138556458,0.000187422067
9120108.39,0.523408032,0.379071123,-0.476591968,0.379071123,-0.000141187219,0.00019495902
9332543.01,0.531861161,0.377307762,-0.468138839,0.377307762,-0.000143803796,0.000202721994
9549925.86,0.540247688,0.375386837,-0.459752312,0.375386837,-0.000146404212,0.000210714861
9772372.21,0.548562788,0.373312493,-0.451437212,0.373312493,-0.000148986518,0.000218941588
10000000,0.556802002,0.371089023,-0.443197998,0.371089023,-0.000151548787,0.000227406248
10232929.9,0.564961244,0.368720836,-0.435038756,0.368720836,-0.000154089107,0.000236113033
10471285.5,0.573036805,0.36621242,-0.426963195,0.36621242,-0.000156605577,0.000245066264
10715193.1,0.581025347,0.363568314,-0.418974653,0.363568314,-0.000159096295,0.000254270405
10964782,0.588923905,0.360793068,-0.411076095,0.360793068,-0.000161559353,0.000263730072
11220184.5,0.596729872,0.357891216,-0.403270128,0.357891216,-0.000163992819,0.000273450042
11481536.2,0.604440999,0.354867245,-0.395559001,0.354867245,-0.000166394731,0.000283435266
11748975.5,0.612055374,0.351725562,-0.387944626,0.351725562,-0.000168763078,0.000293690874
12022644.3,0.619571412,0.348470468,-0.380428588,0.348470468,-0.000171095792,0.000304222186
12302687.7,0.626987836,0.345106131,-0.373012164,0.345106131,-0.000173390723,0.000315034714
12589254.1,0.634303657,0.341636562,-0.365696343,0.341636562,-0.000175645629,0.000326134172
12882495.5,0.641518153,0.338065589,-0.358481847,0.338065589,-0.000177858155,0.000337526474
13182567.4,0.648630848,0.334396844,-0.351369152,0.334396844,-0.000180025814,0.000349217744
13489628.8,0.655641482,0.330633735,-0.344358518,0.330633735,-0.000182145968,0.000361214307
13803842.6,0.662549991,0.326779439,-0.337450009,0.326779439,-0.000184215808,0.000373522698
14125375.4,0.669356475,0.322836884,-0.330643525,0.322836884,-0.00018623233,0.000386149651
14454397.7,0.676061171,0.318808738,-0.323938829,0.318808738,-0.000188192317,0.000399102098
14791083.9,0.682664426,0.314697402,-0.317335574,0.314697402,-0.000190092314,0.00041238716
15135612.5,0.689166665,0.310505008,-0.310833335,0.310505008,-0.00019192861,0.000426012141
15488166.2,0.695568361,0.306233407,-0.304431639,0.306233407,-0.000193697211,0.000439984514
15848931.9,0.701870009,0.301884179,-0.298129991,0.301884179,-0.000195393821,0.000454311907
16218101,0.70807209,0.297458627,-0.29192791,0.297458627,-0.00019701382,0.00046900209
16595869.1,0.714175045,0.292957789,-0.285824955,0.292957789,-0.000198552244,0.000484062953
16982436.5,0.720179247,0.288382439,-0.279820753,0.288382439,-0.000200003762,0.000499502487
17378008.3,0.726084968,0.283733103,-0.273915032,0.283733103,-0.00020136266,0.000515328759
17782794.1,0.731892356,0.279010068,-0.268107644,0.279010068,-0.00020262282,0.000531549889
18197008.6,0.737601405,0.274213397,-0.262398595,0.274213397,-0.000203777708,0.000548174016
18620871.4,0.743211933,0.269342953,-0.256788067,0.269342953,-0.000204820352,0.000565209273
19054607.2,0.748723553,0.264398409,-0.251276447,0.264398409,-0.000205743338,0.000582663746
19498446,0.754135656,0.259379278,-0.245864344,0.259379278,-0.000206538795,0.000600545445
19952623.1,0.759447387,0.254284937,-0.240552613,0.254284937,-0.000207198388,0.000618862259
20417379.4,0.764657628,0.249114648,-0.235342372,0.249114648,-0.000207713314,0.00063762192
20892961.3,0.769764983,0.243867593,-0.230235017,0.243867593,-0.000208074302,0.000656831955
21379620.9,0.774767759,0.238542902,-0.225232241,0.238542902,-0.000208271616,0.000676499646
21877616.2,0.779663961,0.233139683,-0.220336039,0.233139683,-0.000208295058,0.000696631981
22387211.4,0.784451281,0.227657059,-0.215548719,0.227657059,-0.000208133985,0.000717235606
22908676.5,0.789127091,0.222094199,-0.210872909,0.222094199,-0.000207777321,0.000738316775
23442288.2,0.793688441,0.216450357,-0.206311559,0.216450357,-0.000207213577,0.000759881303
23988329.2,0.798132065,0.210724906,-0.201867935,0.210724906,-0.00020643088,0.000781934515
24547089.2,0.802454375,0.204917379,-0.197545625,0.204917379,-0.000205417003,0.000804481196
25118864.3,0.806651478,0.1990275,-0.193348522,0.1990275,-0.000204159403,0.000827525541
25703957.8,0.810719186,0.193055225,-0.189280814,0.193055225,-0.000202645262,0.000851071111
26302679.9,0.814653024,0.187000781,-0.185346976,0.187000781,-0.000200861538,0.000875120786
26915348,0.81844826,0.180864696,-0.18155174,0.180864696,-0.00019879502,0.000899676719
27542287,0.822099916,0.17464784,-0.177900084,0.17464784,-0.000196432388,0.000924740301
28183829.3,0.825602806,0.168351452,-0.174397194,0.168351452,-0.000193760279,0.000950312125
28840315,0.828951555,0.161977179,-0.171048445,0.161977179,-0.000190765364,0.00097639195
29512092.3,0.832140642,0.155527096,-0.167859358,0.155527096,-0.000187434421,0.00100297868
30199517.2,0.83516443,0.149003741,-0.16483557,0.149003741,-0.00018375442,0.00103007035
30902954.3,0.838017211,0.142410132,-0.161982789,0.142410132,-0.000179712612,0.00105766411
31622776.6,0.840693248,0.13574979,-0.159306752,0.13574979,-0.000175296619,0.0010857562
32359365.7,0.843186819,0.129026751,-0.156813181,0.129026751,-0.00017049453,0.001114342
33113112.1,0.845492267,0.122245582,-0.154507733,0.122245582,-0.000165295,0.00114341598
33884415.6,0.847604052,0.115411385,-0.152395948,0.115411385,-0.000159687347,0.0011729718
34673685,0.849516798,0.108529798,-0.150483202,0.108529798,-0.000153661657,0.00120300227
35481338.9,0.85122535,0.101606995,-0.14877465,0.101606995,-0.000147208879,0.00123349943
36307805.5,0.852724825,0.0946496757,-0.147275175,0.0946496757,-0.000140320929,0.00126445459
37153522.9,0.854010665,0.0876650491,-0.145989335,0.0876650491,-0.000132990782,0.00129585841
38018939.6,0.85507869,0.080660818,-0.14492131,0.080660818,-0.00012521257,0.00132770096
38904514.5,0.855925149,0.0736451519,-0.144074851,0.0736451519,-0.000116981669,0.00135997178
39810717.1,0.856546766,0.0666266565,-0.143453234,0.0666266565,-0.000108294778,0.00139266004
40738027.8,0.856940792,0.0596143384,-0.143059208,0.0596143384,-9.91499973e-05,0.00142575457
41686938.3,0.857105042,0.0526175641,-0.142894958,0.0526175641,-8.95468956e-05,0.00145924404
42657951.9,0.857037939,0.0456460147,-0.142962061,0.0456460147,-7.94865654e-05,0.00149311702
43651583.2,0.856738546,0.0387096355,-0.143261454,0.0387096355,-6.89716706e-05,0.00152736215
44668359.2,0.856206597,0.031818583,-0.143793403,0.031818583,-5.80064816e-05,0.00156196826
45708819,0.855442524,0.0249831671,-0.144557476,0.0249831671,-4.65968986e-05,0.00159692451
46773514.1,0.854447472,0.0182137918,-0.145552528,0.0182137918,-3.4750462e-05,0.00163222053
47863009.2,0.853223317,0.011520893,-0.146776683,0.011520893,-2.24763489e-05,0.00166784657
48977881.9,0.851772666,0.00491487517,-0.148227334,0.00491487517,-9.78535708e-06,0.00170379363
50118723.4,0.850098866,-0.00159395276,-0.149901134,-0.00159395276,3.31012557e-06,0.00174005365
51286138.4,0.848205991,-0.00799544148,-0.151794009,-0.00799544148,1.67961649e-05,0.00177661959
52480746,0.84609883,-0.0142796647,-0.15390117,-0.0142796647,3.0657338e-05,0.00181348561
53703179.6,0.843782873,-0.0204369807,-0.156217127,-0.0204369807,4.48768028e-05,0.00185064718
54954087.4,0.841264281,-0.0264580926,-0.158735719,-0.0264580926,5.94363809e-05,0.00188810124
56234132.5,0.838549857,-0.0323341044,-0.161450143,-0.0323341044,7.43166511e-05,0.00192584628
57543993.7,0.835647007,-0.0380565749,-0.164352993,-0.0380565749,8.94970534e-05,0.00196388247
58884365.5,0.832563703,-0.0436175664,-0.167436297,-0.0436175664,0.000104956003,0.00200221174
60255958.6,0.829308435,-0.0490096897,-0.170691565,-0.0490096897,0.00012067101,0.0020408379
61659500.2,0.82589016,-0.0542261435,-0.17410984,-0.0542261435,0.000136618809,0.00207976668
63095734.4,0.822318248,-0.0592607485,-0.177681752,-0.0592607485,0.000152775493,0.00211900581
64565422.9,0.818602431,-0.0641079762,-0.181397569,-0.0641079762,0.000169116646,0.00215856507
66069344.8,0.814752741,-0.0687629715,-0.185247259,-0.0687629715,0.000185617489,0.00219845629
67608297.5,0.81077945,-0.0732215691,-0.18922055,-0.0732215691,0.00020225301,0.00223869346
69183097.1,0.806693016,-0.0774803046,-0.193306984,-0.0774803046,0.000218998113,0.00227929262
70794578.4,0.802504018,-0.0815364195,-0.197495982,-0.0815364195,0.000235827749,0.00232027195
72443596,0.798223098,-0.0853878597,-0.201776902,-0.0853878597,0.000252717047,0.00236165173
74131024.1,0.793860907,-0.0890332698,-0.206139093,-0.0890332698,0.000269641449,0.00240345428
75857757.5,0.789428045,-0.0924719807,-0.210571955,-0.0924719807,0.000286576825,0.00244570396
77624711.7,0.784935011,-0.0957039936,-0.215064989,-0.0957039936,0.000303499593,0.00248842709
79432823.5,0.780392148,-0.0987299587,-0.219607852,-0.0987299587,0.000320386824,0.00253165193
81283051.6,0.775809602,-0.10155115,-0.224190398,-0.10155115,0.000337216341,0.00257540858
83176377.1,0.771197273,-0.104169436,-0.228802727,-0.104169436,0.000353966809,0.00261972892
85113803.8,0.766564776,-0.106587248,-0.233435224,-0.106587248,0.000370617816,0.00266464656
87096359,0.761921408,-0.108807548,-0.238078592,-0.108807548,0.000387149938,0.00271019669
89125093.8,0.757276111,-0.110833786,-0.242723889,-0.110833786,0.000403544804,0.00275641607
91201083.9,0.75263745,-0.112669867,-0.24736255,-0.112669867,0.000419785144,0.0028033429
93325430.1,0.748013585,-0.114320111,-0.251986415,-0.114320111,0.000435854828,0.00285101673
95499258.6,0.743412253,-0.115789208,-0.256587747,-0.115789208,0.000451738896,0.0028994784
97723722.1,0.738840752,-0.117082183,-0.261159248,-0.117082183,0.000467423579,0.00294876991
100000000,0.734305934,-0.11820435,-0.265694066,-0.11820435,0.00048289631,0.00299893439
