icRef,icPad,passiveRef,passivePad,icNet,passiveNet,association,beforeMm,B2Mm,deltaMm
U2,2,C_TIA_HF0,2,COL_SENSE0,COL_SENSE0,DIRECT_SAME_NET,2.380826967757215,2.380826967757215,0.0
U2,1,C_TIA_HF0,1,TIA_DRV0,TIA_DRV0,DIRECT_SAME_NET,2.3808960670302297,2.3808960670302297,0.0
U2,6,C_TIA_HF1,2,COL_SENSE1,COL_SENSE1,DIRECT_SAME_NET,2.3808960670302297,2.3808960670302297,0.0
U2,7,C_TIA_HF1,1,TIA_DRV1,TIA_DRV1,DIRECT_SAME_NET,2.380826967757215,2.380826967757215,0.0
U2,9,C_TIA_HF2,2,COL_SENSE2,COL_SENSE2,DIRECT_SAME_NET,2.3834350907880832,2.3834350907880832,0.0
U2,8,C_TIA_HF2,1,TIA_DRV2,TIA_DRV2,DIRECT_SAME_NET,2.383366065127218,2.383366065127218,0.0
U2,13,C_TIA_HF3,2,COL_SENSE3,COL_SENSE3,DIRECT_SAME_NET,2.383366065127218,2.383366065127218,0.0
U2,14,C_TIA_HF3,1,TIA_DRV3,TIA_DRV3,DIRECT_SAME_NET,2.383435090788083,2.383435090788083,0.0
U2,4,C_TIA_OP,1,V5,V5,DIRECT_SAME_NET,2.7698825194581795,2.7698825194581795,0.0
U2,2,R_COL_SENSE0,2,COL_SENSE0,COL_SENSE0,DIRECT_SAME_NET,5.516319230247644,5.516319230247644,0.0
U2,6,R_COL_SENSE1,2,COL_SENSE1,COL_SENSE1,DIRECT_SAME_NET,4.571753048886171,4.571753048886171,0.0
U2,9,R_COL_SENSE2,2,COL_SENSE2,COL_SENSE2,DIRECT_SAME_NET,5.196152813803686,5.196152813803686,0.0
U2,13,R_COL_SENSE3,2,COL_SENSE3,COL_SENSE3,DIRECT_SAME_NET,6.044064897633057,6.044064897633057,0.0
U2,1,R_TIA_ISO0,1,TIA_DRV0,TIA_DRV0,DIRECT_SAME_NET,5.467534523018575,5.467534523018575,0.0
U2,7,R_TIA_ISO1,1,TIA_DRV1,TIA_DRV1,DIRECT_SAME_NET,5.186981631777768,5.186981631777768,0.0
U2,8,R_TIA_ISO2,1,TIA_DRV2,TIA_DRV2,DIRECT_SAME_NET,5.186981631777768,5.186981631777768,0.0
U2,14,R_TIA_ISO3,1,TIA_DRV3,TIA_DRV3,DIRECT_SAME_NET,5.467534523018575,5.467534523018575,0.0
U1,2,C_ROW_HF0,2,ROW_FB0,ROW_FB0,DIRECT_SAME_NET,2.383435090788083,2.383435090788083,0.0
U1,1,C_ROW_HF0,1,ROW_DRV0,ROW_DRV0,DIRECT_SAME_NET,2.3834350907880832,2.3834350907880832,0.0
U1,6,C_ROW_HF1,2,ROW_FB1,ROW_FB1,DIRECT_SAME_NET,2.383435090788083,2.383435090788083,0.0
U1,7,C_ROW_HF1,1,ROW_DRV1,ROW_DRV1,DIRECT_SAME_NET,2.383435090788083,2.383435090788083,0.0
U1,9,C_ROW_HF2,2,ROW_FB2,ROW_FB2,DIRECT_SAME_NET,2.380896067030226,2.380896067030226,0.0
U1,8,C_ROW_HF2,1,ROW_DRV2,ROW_DRV2,DIRECT_SAME_NET,2.380896067030226,2.380896067030226,0.0
U1,13,C_ROW_HF3,2,ROW_FB3,ROW_FB3,DIRECT_SAME_NET,2.380896067030226,2.380896067030226,0.0
U1,14,C_ROW_HF3,1,ROW_DRV3,ROW_DRV3,DIRECT_SAME_NET,2.380896067030226,2.380896067030226,0.0
U1,4,C_ROW_OP,1,V5,V5,DIRECT_SAME_NET,2.772339896044493,2.772339896044493,0.0
U1,1,R_ISO0,1,ROW_DRV0,ROW_DRV0,DIRECT_SAME_NET,5.466724404394279,5.466724404394279,0.0
U1,7,R_ISO1,1,ROW_DRV1,ROW_DRV1,DIRECT_SAME_NET,5.18698163177777,5.18698163177777,0.0
U1,8,R_ISO2,1,ROW_DRV2,ROW_DRV2,DIRECT_SAME_NET,5.186981631777772,5.186981631777772,0.0
U1,14,R_ISO3,1,ROW_DRV3,ROW_DRV3,DIRECT_SAME_NET,5.466724404394281,5.466724404394281,0.0
U1,2,R_ROW_FB0,2,ROW_FB0,ROW_FB0,DIRECT_SAME_NET,5.516319230247645,5.516319230247645,0.0
U1,6,R_ROW_FB1,2,ROW_FB1,ROW_FB1,DIRECT_SAME_NET,4.574212792295523,4.574212792295523,0.0
U1,9,R_ROW_FB2,2,ROW_FB2,ROW_FB2,DIRECT_SAME_NET,5.195963464690643,5.195963464690643,0.0
U1,13,R_ROW_FB3,2,ROW_FB3,ROW_FB3,DIRECT_SAME_NET,6.042049258753189,6.042049258753189,0.0
U3,8,C_BUF,1,V5,V5,DIRECT_SAME_NET,1.934648154574883,1.934648154574881,-1.9984014443252818e-15
U3,5,C_DIV,1,DIV_2V25,DIV_2V25,DIRECT_SAME_NET,6.447290560723938,6.447290560723938,0.0
U6,1,C_REF,1,V5,V5,DIRECT_SAME_NET,4.398433007378877,4.398433007378883,6.217248937900877e-15
U3,2,C_VCM_HF,2,VCM_FB,VCM_FB,DIRECT_SAME_NET,2.2945705450040106,2.294570545004014,3.552713678800501e-15
U3,1,C_VCM_HF,1,VCM_DRV,VCM_DRV,DIRECT_SAME_NET,2.294498846022809,2.2944988460228126,3.552713678800501e-15
U3,6,C_VEX_HF,2,VEXC_FB,VEXC_FB,DIRECT_SAME_NET,2.297109493951037,2.2971094939510333,-3.552713678800501e-15
U3,7,C_VEX_HF,1,VEXC_DRV,VEXC_DRV,DIRECT_SAME_NET,2.2970378742197495,2.297037874219746,-3.552713678800501e-15
U3,5,RD_B1,1,DIV_2V25,DIV_2V25,DIRECT_SAME_NET,3.3556005273572223,3.355600527357222,-4.440892098500626e-16
U3,5,RD_TOP,2,DIV_2V25,DIV_2V25,DIRECT_SAME_NET,7.037053382943748,7.037053382943749,8.881784197001252e-16
U3,2,R_VCM_FB,2,VCM_FB,VCM_FB,DIRECT_SAME_NET,6.295112141336324,6.295112141336324,0.0
U3,1,R_VCM_ISO,1,VCM_DRV,VCM_DRV,DIRECT_SAME_NET,5.445682401499372,5.445682401499375,2.6645352591003757e-15
U3,6,R_VEX_FB,2,VEXC_FB,VEXC_FB,DIRECT_SAME_NET,6.295252032984859,6.295252032984859,0.0
U3,7,R_VEX_ISO,1,VEXC_DRV,VEXC_DRV,DIRECT_SAME_NET,6.708132786819301,6.708132786819301,0.0
U5,16,C_ADC0,1,ADC_IN0,ADC_IN0,DIRECT_SAME_NET,5.147928355406664,5.1479283554066635,-8.881784197001252e-16
U5,18,C_ADC1,1,ADC_IN1,ADC_IN1,DIRECT_SAME_NET,6.019931285488228,6.019931285488225,-3.552713678800501e-15
U5,21,C_ADC2,1,ADC_IN2,ADC_IN2,DIRECT_SAME_NET,6.017779449930015,6.017779449930015,0.0
U5,23,C_ADC3,1,ADC_IN3,ADC_IN3,DIRECT_SAME_NET,5.147584328983843,5.147584328983843,0.0
U5,30,C_ADCA1,1,V5,V5,DIRECT_SAME_NET,11.245277947618723,11.245277947618728,5.329070518200751e-15
U5,9,C_ADCA2,1,V5,V5,DIRECT_SAME_NET,15.034640201308443,15.034640201308449,5.329070518200751e-15
U5,34,C_ADCD,1,V3V3,V3V3,DIRECT_SAME_NET,5.812690524602189,5.812690524602188,-8.881784197001252e-16
U5,7,C_ADC_REFCAP,1,ADC_REFCAP,ADC_REFCAP,DIRECT_SAME_NET,3.507740919623339,3.507740919623339,0.0
U5,5,C_ADC_REFIO,1,ADC_REFIO,ADC_REFIO,DIRECT_SAME_NET,3.4355375604990903,3.4355375604990934,3.1086244689504383e-15
U5,30,C_AVDD30A,1,V5,V5,DIRECT_SAME_NET,8.10007951393071,8.10007951393071,0.0
U5,30,C_AVDD30B,1,V5,V5,DIRECT_SAME_NET,11.694636929892267,11.694636929892267,0.0
U5,30,C_AVDD30_HF,1,V5,V5,DIRECT_SAME_NET,3.047638028506669,3.047638028506669,0.0
U5,9,C_AVDD9A,1,V5,V5,DIRECT_SAME_NET,9.096812396988302,9.096812396988303,1.7763568394002505e-15
U5,9,C_AVDD9B,1,V5,V5,DIRECT_SAME_NET,13.553771776299023,13.553771776299024,1.7763568394002505e-15
U5,9,C_AVDD9_HF,1,V5,V5,DIRECT_SAME_NET,2.9549764401768077,2.954976440176804,-3.552713678800501e-15
U5,34,C_DVDD34A,1,V3V3,V3V3,DIRECT_SAME_NET,3.678004197931262,3.678004197931262,0.0
U5,34,C_DVDD34B,1,V3V3,V3V3,DIRECT_SAME_NET,9.234459854479852,9.234459854479855,3.552713678800501e-15
U5,7,C_REFCAP_BULKA,1,ADC_REFCAP,ADC_REFCAP,DIRECT_SAME_NET,8.472415486624808,8.472415486624811,3.552713678800501e-15
U5,7,C_REFCAP_BULKB,1,ADC_REFCAP,ADC_REFCAP,DIRECT_SAME_NET,10.751040210323838,10.75104021032384,1.7763568394002505e-15
U5,5,C_REFIO_B,1,ADC_REFIO,ADC_REFIO,DIRECT_SAME_NET,7.523139553404554,7.523139553404553,-8.881784197001252e-16
U5,16,R_ADC0,2,ADC_IN0,ADC_IN0,DIRECT_SAME_NET,8.552780843164395,8.552780843164392,-3.552713678800501e-15
U5,18,R_ADC1,2,ADC_IN1,ADC_IN1,DIRECT_SAME_NET,7.316032949105681,7.316032949105676,-5.329070518200751e-15
U5,21,R_ADC2,2,ADC_IN2,ADC_IN2,DIRECT_SAME_NET,7.314262432972993,7.314262432972993,0.0
U5,23,R_ADC3,2,ADC_IN3,ADC_IN3,DIRECT_SAME_NET,8.55437157247685,8.55437157247685,0.0
U7,4,C_MCU1,1,V3V3,V3V3,DIRECT_SAME_NET,2.4769206924728118,2.4769206924728118,0.0
U8,1,C_LDO_IN,1,V5,V5,DIRECT_SAME_NET,4.644610690682263,4.644610690682263,0.0
U8,5,C_LDO_OUT,1,V3_LDO,V3_LDO,DIRECT_SAME_NET,4.644610690682269,4.644610690682269,0.0
U9,5,U9_IN_CAP,1,V5_IN,V5_IN,DIRECT_SAME_NET_POWER_INPUT_CAP,6.1395756471599885,6.1395756471599885,0.0
U9,6,U9_OUT_CAP,1,V5,V5,DIRECT_SAME_NET_POWER_OUTPUT_CAP,3.687024139492445,3.687024139492445,0.0
U10,5,U10_IN_CAP,1,V3_LDO,V3_LDO,DIRECT_SAME_NET_POWER_INPUT_CAP,5.289049751855242,5.289049751855242,0.0
U10,6,U10_OUT_CAP,1,V3V3,V3V3,DIRECT_SAME_NET_POWER_OUTPUT_CAP,3.685547877317564,3.685547877317564,0.0
U2,1,RF0,1,TIA_DRV0,TIA0,FUNCTIONAL_OUTPUT_VIA_R_TIA_ISO0,8.072477254523543,8.072477254523543,0.0
U2,2,RF0,2,COL_SENSE0,COL0,FUNCTIONAL_INPUT_VIA_R_COL_SENSE0,8.024729937013456,8.024729937013456,0.0
U2,1,CF0,1,TIA_DRV0,TIA0,FUNCTIONAL_OUTPUT_VIA_R_TIA_ISO0,8.064865191731352,8.064865191731352,0.0
U2,2,CF0,2,COL_SENSE0,COL0,FUNCTIONAL_INPUT_VIA_R_COL_SENSE0,8.093312529860684,8.093312529860684,0.0
U2,7,RF1,1,TIA_DRV1,TIA1,FUNCTIONAL_OUTPUT_VIA_R_TIA_ISO1,7.885159079739607,7.885159079739607,0.0
U2,6,RF1,2,COL_SENSE1,COL1,FUNCTIONAL_INPUT_VIA_R_COL_SENSE1,8.437696876399384,8.437696876399384,0.0
U2,7,CF1,1,TIA_DRV1,TIA1,FUNCTIONAL_OUTPUT_VIA_R_TIA_ISO1,9.39498790108854,9.39498790108854,0.0
U2,6,CF1,2,COL_SENSE1,COL1,FUNCTIONAL_INPUT_VIA_R_COL_SENSE1,7.765165518725277,7.765165518725277,0.0
U2,8,RF2,1,TIA_DRV2,TIA2,FUNCTIONAL_OUTPUT_VIA_R_TIA_ISO2,7.885159079739614,7.885159079739614,0.0
U2,9,RF2,2,COL_SENSE2,COL2,FUNCTIONAL_INPUT_VIA_R_COL_SENSE2,8.437696876399391,8.437696876399391,0.0
U2,8,CF2,1,TIA_DRV2,TIA2,FUNCTIONAL_OUTPUT_VIA_R_TIA_ISO2,8.473568674082962,8.473568674082962,0.0
U2,9,CF2,2,COL_SENSE2,COL2,FUNCTIONAL_INPUT_VIA_R_COL_SENSE2,7.894001676336285,7.894001676336285,0.0
U2,14,RF3,1,TIA_DRV3,TIA3,FUNCTIONAL_OUTPUT_VIA_R_TIA_ISO3,8.07247725452355,8.07247725452355,0.0
U2,13,RF3,2,COL_SENSE3,COL3,FUNCTIONAL_INPUT_VIA_R_COL_SENSE3,8.024729937013463,8.024729937013463,0.0
U2,14,CF3,1,TIA_DRV3,TIA3,FUNCTIONAL_OUTPUT_VIA_R_TIA_ISO3,8.049548139367824,8.049548139367824,0.0
U2,13,CF3,2,COL_SENSE3,COL3,FUNCTIONAL_INPUT_VIA_R_COL_SENSE3,9.151521303936295,9.151521303936295,0.0
