ref,actual_device,Value,footprint
CF0,GRM1885C1H222JA01D,2.2nF C0G,C0603
CF1,GRM1885C1H222JA01D,2.2nF C0G,C0603
CF2,GRM1885C1H222JA01D,2.2nF C0G,C0603
CF3,GRM1885C1H222JA01D,2.2nF C0G,C0603
C_ADC0,GRM188R71C103KA01D,10nF X7R,C0603
C_ADC1,GRM188R71C103KA01D,10nF X7R,C0603
C_ADC2,GRM188R71C103KA01D,10nF X7R,C0603
C_ADC3,GRM188R71C103KA01D,10nF X7R,C0603
C_ADCA1,GRM188R71C104KA01D,100nF,C0603
C_ADCA2,GRM188R71C104KA01D,100nF,C0603
C_ADCD,GRM188R71C104KA01D,100nF,C0603
C_ADC_REFCAP,GRM31CR71H225KA88L,2.2uF 50V X7R,C1206
C_ADC_REFIO,GRM32ER71E226KE15L,22uF 25V X7R,C1210
C_AVDD30A,GRM32ER71E226KE15L,22uF 25V X7R,C1210
C_AVDD30B,GRM32ER71E226KE15L,22uF 25V X7R,C1210
C_AVDD30_HF,GRM31CR71H225KA88L,2.2uF 50V X7R,C1206
C_AVDD9A,GRM32ER71E226KE15L,22uF 25V X7R,C1210
C_AVDD9B,GRM32ER71E226KE15L,22uF 25V X7R,C1210
C_AVDD9_HF,GRM31CR71H225KA88L,2.2uF 50V X7R,C1206
C_BUF,GRM188R71C104KA01D,100nF,C0603
C_DIV,GRM188R71C104KA01D,100nF,C0603
C_DVDD34A,GRM32ER71E226KE15L,22uF 25V X7R,C1210
C_DVDD34B,GRM32ER71E226KE15L,22uF 25V X7R,C1210
C_LDO_IN,GRM31CR71H225KA88L,2.2uF 50V X7R,C1206
C_LDO_OUT,GRM31CR71H225KA88L,2.2uF 50V X7R,C1206
C_MCU1,GRM188R71C104KA01D,100nF,C0603
C_MCU_BULK,GRM188R61C105KA93D,1uF,C0603
C_MUX,GRM188R71C104KA01D,100nF,C0603
C_PWR,GRM31CR71H225KA88L,2.2uF 50V X7R,C1206
C_REF,GRM188R71C104KA01D,100nF,C0603
C_REFCAP_BULKA,GRM32ER71E226KE15L,22uF 25V X7R,C1210
C_REFCAP_BULKB,GRM32ER71E226KE15L,22uF 25V X7R,C1210
C_REFIO_B,GRM32ER71E226KE15L,22uF 25V X7R,C1210
C_ROW_HF0,GRM1885C1H101JA01D,100pF 50V C0G,C0603
C_ROW_HF1,GRM1885C1H101JA01D,100pF 50V C0G,C0603
C_ROW_HF2,GRM1885C1H101JA01D,100pF 50V C0G,C0603
C_ROW_HF3,GRM1885C1H101JA01D,100pF 50V C0G,C0603
C_ROW_OP,GRM188R71C104KA01D,100nF,C0603
C_RST,GRM188R71C104KA01D,100nF,C0603
C_TIA_HF0,GRM1885C1H220JA01D,22pF 50V C0G,C0603
C_TIA_HF1,GRM1885C1H220JA01D,22pF 50V C0G,C0603
C_TIA_HF2,GRM1885C1H220JA01D,22pF 50V C0G,C0603
C_TIA_HF3,GRM1885C1H220JA01D,22pF 50V C0G,C0603
C_TIA_OP,GRM188R71C104KA01D,100nF,C0603
C_U13,GRM188R71C104KA01D,100nF,C0603
C_U14,GRM188R71C104KA01D,100nF,C0603
C_U15,GRM188R71C104KA01D,100nF,C0603
C_VCM_HF,GRM1885C1H101JA01D,100pF 50V C0G,C0603
C_VEX_HF,GRM1885C1H101JA01D,100pF 50V C0G,C0603
D_J3_1,"BAT54S,215","BAT54S,215",SOT-23-3_L3.0-W1.7-P0.95-LS2.9-BR
D_J3_3,"BAT54S,215","BAT54S,215",SOT-23-3_L3.0-W1.7-P0.95-LS2.9-BR
D_J3_4,"BAT54S,215","BAT54S,215",SOT-23-3_L3.0-W1.7-P0.95-LS2.9-BR
D_J3_5,"BAT54S,215","BAT54S,215",SOT-23-3_L3.0-W1.7-P0.95-LS2.9-BR
D_J4_1,"BAT54S,215","BAT54S,215",SOT-23-3_L3.0-W1.7-P0.95-LS2.9-BR
D_J4_3,"BAT54S,215","BAT54S,215",SOT-23-3_L3.0-W1.7-P0.95-LS2.9-BR
D_J4_4,"BAT54S,215","BAT54S,215",SOT-23-3_L3.0-W1.7-P0.95-LS2.9-BR
D_ROW0,"BAT54S,215","BAT54S,215",SOT-23-3_L3.0-W1.7-P0.95-LS2.9-BR
D_ROW1,"BAT54S,215","BAT54S,215",SOT-23-3_L3.0-W1.7-P0.95-LS2.9-BR
D_ROW2,"BAT54S,215","BAT54S,215",SOT-23-3_L3.0-W1.7-P0.95-LS2.9-BR
D_ROW3,"BAT54S,215","BAT54S,215",SOT-23-3_L3.0-W1.7-P0.95-LS2.9-BR
D_TIA0,"BAT54S,215","BAT54S,215",SOT-23-3_L3.0-W1.7-P0.95-LS2.9-BR
D_TIA1,"BAT54S,215","BAT54S,215",SOT-23-3_L3.0-W1.7-P0.95-LS2.9-BR
D_TIA2,"BAT54S,215","BAT54S,215",SOT-23-3_L3.0-W1.7-P0.95-LS2.9-BR
D_TIA3,"BAT54S,215","BAT54S,215",SOT-23-3_L3.0-W1.7-P0.95-LS2.9-BR
D_VCM,"BAT54S,215","BAT54S,215",SOT-23-3_L3.0-W1.7-P0.95-LS2.9-BR
D_VEX,"BAT54S,215","BAT54S,215",SOT-23-3_L3.0-W1.7-P0.95-LS2.9-BR
J1,HDR-M_2.54_1x2P,HDR-M_2.54_1x2P,HDR-TH_2P-P2.54-V-M-1
J2,HDR-M_2.54_1x8P,HDR-M_2.54_1x8P,HDR-TH_8P-P2.54-V-M
J3,HDR-M_2.54_1x6P,HDR-M_2.54_1x6P,HDR-TH_6P-P2.54-V-M-1
J4,HDR-M_2.54_1x4P,HDR-M_2.54_1x4P,HDR-TH_4P-P2.54-V-M
RD_B1,RT0603BRD0710KL,10k 0.1%,R0603
RD_B2,RT0603BRD0710KL,10k 0.1%,R0603
RD_B3,RT0603BRD0710KL,10k 0.1%,R0603
RD_B4,RT0603BRD0710KL,10k 0.1%,R0603
RD_B5,RT0603BRD0710KL,10k 0.1%,R0603
RD_B6,RT0603BRD0710KL,10k 0.1%,R0603
RD_B7,RT0603BRD0710KL,10k 0.1%,R0603
RD_B8,RT0603BRD0710KL,10k 0.1%,R0603
RD_B9,RT0603BRD0710KL,10k 0.1%,R0603
RD_TOP,RT0603BRD0710KL,10k 0.1%,R0603
RF0,RT0603BRD074K99L,4.99k 0.1%,R0603
RF1,RT0603BRD074K99L,4.99k 0.1%,R0603
RF2,RT0603BRD074K99L,4.99k 0.1%,R0603
RF3,RT0603BRD074K99L,4.99k 0.1%,R0603
R_ADC0,0603WAF1000T5E,100R 1%,R0603
R_ADC1,0603WAF1000T5E,100R 1%,R0603
R_ADC2,0603WAF1000T5E,100R 1%,R0603
R_ADC3,0603WAF1000T5E,100R 1%,R0603
R_ADC_RESET_PD,0603WAF1003T5E,100k 1%,R0603
R_COL_SENSE0,RT0603BRD0710KL,10k 0.1%,R0603
R_COL_SENSE1,RT0603BRD0710KL,10k 0.1%,R0603
R_COL_SENSE2,RT0603BRD0710KL,10k 0.1%,R0603
R_COL_SENSE3,RT0603BRD0710KL,10k 0.1%,R0603
R_CS_PU,RT0603BRD0710KL,10k 0.1%,R0603
R_ENABLE_PD,0603WAF1003T5E,100k 1%,R0603
R_HW_PD,0603WAF1003T5E,100k 1%,R0603
R_ISO0,0603WAF1001T5E,1k 1%,R0603
R_ISO1,0603WAF1001T5E,1k 1%,R0603
R_ISO2,0603WAF1001T5E,1k 1%,R0603
R_ISO3,0603WAF1001T5E,1k 1%,R0603
R_J3_1,RT0603BRD074K99L,4.99k 0.1%,R0603
R_J3_3,RT0603BRD074K99L,4.99k 0.1%,R0603
R_J3_4,RT0603BRD074K99L,4.99k 0.1%,R0603
R_J3_5,0603WAF1001T5E,1k 1%,R0603
R_J4_1,RT0603BRD074K99L,4.99k 0.1%,R0603
R_J4_3,RT0603BRD074K99L,4.99k 0.1%,R0603
R_J4_4,RT0603BRD074K99L,4.99k 0.1%,R0603
R_ROW_FB0,RT0603BRD074K99L,4.99k 0.1%,R0603
R_ROW_FB1,RT0603BRD074K99L,4.99k 0.1%,R0603
R_ROW_FB2,RT0603BRD074K99L,4.99k 0.1%,R0603
R_ROW_FB3,RT0603BRD074K99L,4.99k 0.1%,R0603
R_RST,RT0603BRD0710KL,10k 0.1%,R0603
R_SEL_PD0,0603WAF1003T5E,100k 1%,R0603
R_SEL_PD1,0603WAF1003T5E,100k 1%,R0603
R_SEL_PD2,0603WAF1003T5E,100k 1%,R0603
R_SEL_PD3,0603WAF1003T5E,100k 1%,R0603
R_TIA_ISO0,0603WAF1001T5E,1k 1%,R0603
R_TIA_ISO1,0603WAF1001T5E,1k 1%,R0603
R_TIA_ISO2,0603WAF1001T5E,1k 1%,R0603
R_TIA_ISO3,0603WAF1001T5E,1k 1%,R0603
R_VCM_FB,RT0603BRD074K99L,4.99k 0.1%,R0603
R_VCM_ISO,0603WAF1001T5E,1k 1%,R0603
R_VEX_FB,RT0603BRD074K99L,4.99k 0.1%,R0603
R_VEX_ISO,0603WAF1001T5E,1k 1%,R0603
U1,OPA4388IDR,OPA4388IDR,SOIC-14_L8.7-W3.9-P1.27-LS6.0-BL
U10,LM73100RPWR,LM73100RPWR,VQFN-10_L2.0-W2.0-P0.45-TL
U10_BLEED,RC1206FR-07100RL,100R 1%,R1206
U10_EN_G,RT0603BRD0710KL,10k 0.1%,R0603
U10_EN_R,RT0603BRD0710KL,10k 0.1%,R0603
U10_IN_CAP,GRM31CR71H225KA88L,2.2uF 50V X7R,C1206
U10_OUT_CAP,GRM31CR71H225KA88L,2.2uF 50V X7R,C1206
U10_OV_B1,0603WAF1001T5E,1k 1%,R0603
U10_OV_B2,0603WAF1001T5E,1k 1%,R0603
U10_OV_T,RT0603BRD0710KL,10k 0.1%,R0603
U10_PG_B,RT0603BRD0710KL,10k 0.1%,R0603
U10_PG_T,RT0603BRD0710KL,10k 0.1%,R0603
U11,TPS389001DSET,TPS389001DSET,WSON-6_L1.5-W1.5-P0.50-TL
U11_BOT,RT0603BRD0710KL,10k 0.1%,R0603
U11_CT_C,GRM188R71C104KA01D,100nF,C0603
U11_SENSE_C,GRM1885C1H102JA01D,1nF C0G,C0603
U11_TOP0,RT0603BRD0710KL,10k 0.1%,R0603
U11_TOP1,RT0603BRD0710KL,10k 0.1%,R0603
U11_TOP2,RT0603BRD0710KL,10k 0.1%,R0603
U11_TOP3,0603WAF1001T5E,1k 1%,R0603
U11_TOP4,0603WAF1001T5E,1k 1%,R0603
U11_VDD_C,GRM188R71C104KA01D,100nF,C0603
U12,TPS389001DSET,TPS389001DSET,WSON-6_L1.5-W1.5-P0.50-TL
U12_BOT,RT0603BRD0710KL,10k 0.1%,R0603
U12_CT_C,GRM188R71C104KA01D,100nF,C0603
U12_SENSE_C,GRM1885C1H102JA01D,1nF C0G,C0603
U12_TOP0,RT0603BRD0710KL,10k 0.1%,R0603
U12_TOP1,RT0603BRD074K99L,4.99k 0.1%,R0603
U12_TOP2,0603WAF1001T5E,1k 1%,R0603
U12_TOP3,0603WAF1001T5E,1k 1%,R0603
U12_VDD_C,GRM188R71C104KA01D,100nF,C0603
U13,SN74LVC08APWR,SN74LVC08APWR,TSSOP-14_L5.0-W4.4-P0.65-LS6.4-BL
U14,SN74LVC08APWR,SN74LVC08APWR,TSSOP-14_L5.0-W4.4-P0.65-LS6.4-BL
U15,SN74LVC1G17DBVR,SN74LVC1G17DBVR,SOT-23-5_L3.0-W1.7-P0.95-LS2.8-BR
U2,OPA4388IDR,OPA4388IDR,SOIC-14_L8.7-W3.9-P1.27-LS6.0-BL
U3,OPA2388IDR,OPA2388IDR,SOIC-8_L5.0-W4.0-P1.27-LS6.0-BL
U4,TMUX1134PWR,TMUX1134PWR,TSSOP-20_L6.5-W4.4-P0.65-LS6.4-BL
U5,ADS8684IDBTR,ADS8684IDBTR,TSSOP-38_L9.7-W4.4-P0.50-LS6.4-BL
U6,REF3025AIDBZR,REF3025AIDBZR,SOT-23-3_L2.9-W1.6-P1.90-LS2.8-BR
U7,STM32G031K8T6,STM32G031K8T6,LQFP-32_L7.0-W7.0-P0.80-LS9.0-BL
U8,TPS7A2033PDBVR,TPS7A2033PDBVR,SOT-23-5_L2.9-W1.6-P0.95-LS2.8-BR
U9,LM73100RPWR,LM73100RPWR,VQFN-10_L2.0-W2.0-P0.45-TL
U9_BLEED,RC2010FK-07100RL,100R 1%,R2010
U9_EN_G,RT0603BRD0710KL,10k 0.1%,R0603
U9_EN_R,RT0603BRD0710KL,10k 0.1%,R0603
U9_IN_CAP,GRM31CR71H225KA88L,2.2uF 50V X7R,C1206
U9_OUT_CAP,GRM31CR71H225KA88L,2.2uF 50V X7R,C1206
U9_OV_B1,0603WAF1001T5E,1k 1%,R0603
U9_OV_B2,0603WAF1001T5E,1k 1%,R0603
U9_OV_T,RT0603BRD0710KL,10k 0.1%,R0603
U9_PG_B,RT0603BRD0710KL,10k 0.1%,R0603
U9_PG_T,RT0603BRD0710KL,10k 0.1%,R0603
