ref,host,candidateCenters,rotationTrials,score,position,bboxAreaAddedMm2,hostCenterDistanceMm,localGapMm
U9_BLEED,U9,128,512,3.480691324657936,"(13.5, 7.0, 180)",0.0,5.802340066510986,0.5867133600000186
C_PWR,J1,88,352,2.1686368172328376,"(5.5, 3.0, 90)",0.0,3.2625909948996052,0.6369994399999824
U10_BLEED,U10,129,516,2.4062868303457465,"(43.5, 1.0, 0)",0.0,4.83850601515055,1.4864974400000077
D_J3_3,J3,101,404,2.580739235686728,"(66.5, 15.0, 90)",0.0,4.5746012394638385,1.000028400000005
D_J3_1,J3,103,412,2.846044955613316,"(65.5, 22.0, 180)",0.0,6.461191600634057,1.8795587400000215
D_J3_4,J3,109,436,4.373142234621813,"(62.5, 17.0, 180)",0.0,7.77477061398625,0.3011176000000049
D_J4_1,J4,88,352,2.0207069504438424,"(65.5, 50.0, 90)",0.0,4.7506829798129795,2.0000284000000046
D_J4_3,J4,90,360,3.012490604285138,"(66.5, 47.0, 270)",0.0,4.852696526126967,0.4682205200000027
D_J3_5,J3,113,452,4.696707814370411,"(62.5, 21.0, 0)",0.0,8.455001957427575,0.37102088000000316
D_J4_4,J4,93,372,3.031558515542806,"(66.5, 53.0, 270)",0.0,4.752817393366246,0.36973818000001296
R_J3_3,J3,116,464,1.9672728419466412,"(67.5, 19.0, 90)",0.0,3.076841903657721,0.7961968169651361
R_ADC_RESET_PD,U5,135,540,3.1939574743307495,"(44.5, 14.0, 0)",0.0,8.15819566578388,2.8750962000000015
R_J3_4,J3,117,468,3.583447139922814,"(67.5, 11.0, 90)",0.0,7.168469578655132,1.06854036
R_J3_5,J3,117,468,3.8840873769658995,"(67.5, 24.0, 90)",0.0,6.947442414306437,0.5775111000000024
U12_TOP3,U12,88,352,1.41555206756835,"(64.5, 9.0, 0)",0.0,2.147095542756318,0.9179383799999955
U11_TOP4,U11,88,352,1.3864173391290464,"(48.5, 50.0, 180)",0.0,2.462932809335656,1.2186659000000049
U11_TOP3,U11,88,352,1.7747601027560194,"(46.5, 46.0, 180)",0.0,2.1580238236177967,0.41901725999998973
R_SEL_PD0,U4,117,468,2.3008519322666956,"(39.5, 62.0, 270)",0.0,9.406831669641534,4.9640609
R_SEL_PD3,U4,112,448,2.6178711452152843,"(42.5, 61.0, 90)",0.0,6.287509934860614,2.0686597399999935
R_SEL_PD1,U4,115,460,2.7413280471976567,"(48.5, 56.0, 0)",0.0,4.256925724154804,0.518410060000015
R_SEL_PD2,U4,116,464,3.0115857512513964,"(51.5, 56.0, 0)",0.0,5.0661329770319785,0.5250686060630749
R_CS_PU,U7,124,496,3.5492207985178097,"(56.5, 57.0, 0)",0.0,6.862100355088465,1.334950400000004
R_ENABLE_PD,U7,124,496,3.5904941678905056,"(62.5, 50.0, 90)",0.0,6.4167731456944255,0.8986191199999851
R_HW_PD,U13,100,400,2.32318363514708,"(54.5, 36.0, 90)",0.0,3.6172519809312704,0.6688546599999938
U10_OV_B1,U10,134,536,1.8054650892556197,"(52.5, 1.0, 0)",0.0,4.170427476728025,1.7942851599999938
U10_OV_B2,U10,133,532,2.074457289214569,"(48.5, 4.0, 90)",0.0,2.8048968713034794,0.3981610800000013
U9_OV_T,U9,119,476,1.805674820827221,"(17.5, 1.0, 0)",0.0,4.169488218887154,1.7932254400000038
U9_PG_B,U9,124,496,1.8655989250848237,"(9.5, 1.0, 180)",0.0,3.840522215459603,1.473288980000003
U9_PG_T,U9,119,476,2.0453004903149097,"(13.5, 4.0, 90)",0.0,2.80484150130426,0.4428925600000184
U9_OV_B1,U9,120,480,3.368670275112384,"(15.5, 1.0, 270)",11.097263428508086,2.173908169044581,0.4117405400000251
R_J3_1,J3,118,472,4.04493323016231,"(64.5, 13.0, 180)",0.0,7.376111258658191,0.4441595600000028
U10_PG_B,U10,133,532,1.7063224804309076,"(50.5, 1.0, 270)",0.012804143679204572,2.1748445228678013,0.41185992000002614
U10_PG_T,U10,134,536,2.545747738235077,"(47.5, 9.0, 0)",0.0,7.844502032547892,3.411859920000012
U9_EN_G,U9,120,480,3.3540237761099974,"(7.5, 1.0, 270)",0.0,5.838737501158853,0.4105213400000309
U9_EN_R,U9,119,476,3.469955126032539,"(20.5, 1.0, 270)",0.0,7.1674796775044145,1.2443715391276624
U9_OV_B2,U9,121,484,3.769048713762784,"(8.5, 6.0, 180)",0.0,6.813241317276139,0.5053221400000183
R_RST,U7,124,496,3.730751066888634,"(61.5, 55.0, 0)",0.0,7.269137019158817,1.190448251263642
U11_BOT,U11,89,356,1.9260120257503353,"(45.5, 48.0, 90)",0.0,2.481102517692897,0.3430393200000026
U10_EN_G,U10,133,532,2.8875796891455483,"(48.5, 6.0, 0)",0.0,4.802859154571164,0.41098108000001327
U10_EN_R,U10,131,524,3.1715079417941054,"(45.5, 6.0, 0)",0.0,5.574377193790175,0.5051240200000109
U10_OV_T,U10,133,532,3.28624961439749,"(52.5, 7.0, 180)",0.0,7.140902893797677,1.5054237399999975
R_J4_1,J4,98,392,3.0808326118960134,"(68.5, 60.0, 180)",0.0,10.073229054016625,4.408540360000003
R_J4_3,J4,99,396,3.3302427545615396,"(69.5, 57.0, 0)",0.0,6.960576008828915,1.408380340000008
R_J4_4,J4,103,412,3.6201409964340474,"(69.5, 44.0, 0)",0.0,6.126034408545605,0.5692388600000129
U11_TOP1,U11,89,356,2.1760005098836275,"(50.5, 45.0, 270)",0.0,3.642473080655764,0.6701595199999986
U11_TOP2,U11,90,360,2.1910199138709903,"(46.5, 44.0, 0)",0.0,3.8801317739610255,0.8438002400000073
U12_BOT,U12,88,352,1.7329306137504314,"(58.5, 9.0, 90)",0.0,6.781829764136226,3.9266516179990827
U11_TOP0,U11,91,364,2.2502873086902704,"(48.5, 52.0, 0)",0.0,4.434826069115007,1.1366387600000252
U12_TOP0,U12,88,352,1.7514892813440168,"(62.5, 11.0, 270)",0.0,2.45062891310048,0.5809584860611269
U12_TOP1,U12,88,352,2.073665852048933,"(68.5, 5.0, 180)",0.0,7.0582500430151995,3.5616061841483693
U12_TOP2,U12,88,352,2.213893333624428,"(67.5, 9.0, 0)",0.0,3.3043034711908743,0.4099599999999981
C_MCU_BULK,U7,122,488,3.75671378166136,"(61.5, 45.0, 0)",0.0,7.473256760161876,1.291819280000027
C_RST,U7,121,484,3.8131322610774467,"(53.5, 44.0, 180)",0.0,6.671607419753155,0.3855289000000113
