Designator,X_mm,Y_mm,Rotation,Layer,Function,ChangedFromB21
CF0,14.818579880000001,34.09965068,0,1,AFE,True
CF1,17.21857988,34.09965068,0,1,AFE,True
CF2,17.21857988,54.09965068,0,1,AFE,True
CF3,14.818579880000001,54.09965068,0,1,AFE,True
C_ADC0,40.4,14.2,180,1,ADC,True
C_ADC1,42.8,14.2,180,1,ADC,True
C_ADC2,45.2,14.2,180,1,ADC,True
C_ADC3,47.6,14.2,180,1,ADC,True
C_ADCA1,55.349110180000004,31.156799919999997,90,1,ADC,False
C_ADCA2,28.349110839999994,31.156799920000005,180,1,ADC,False
C_ADCD,44.88244814666666,29.65680007333333,90,1,ADC,True
C_ADC_REFCAP,36.34911008,23.656799680000006,180,1,ADC,False
C_ADC_REFIO,38.34911016,27.256802380000003,180,1,ADC,True
C_AVDD30A,55.34911018,24.156801220000006,90,1,ADC,False
C_AVDD30B,58.8491108,25.656800760000003,90,1,ADC,False
C_AVDD30_HF,49.849111019999995,22.656799139999997,270,1,ADC,False
C_AVDD9A,30.84911092,23.15680068000001,180,1,ADC,False
C_AVDD9B,28.349110839999994,27.65679930000001,90,1,ADC,False
C_AVDD9_HF,38.849110159999995,19.65680006000001,270,1,ADC,False
C_BUF,32.119339520000004,50.93105926,90,1,BIAS,False
C_DIV,39.61933976000001,55.431060419999994,0,1,BIAS,False
C_DVDD34A,48.182443146666664,29.65680007333333,90,1,ADC,True
C_DVDD34B,51.48243814666667,29.65680007333333,90,1,ADC,True
C_LDO_IN,29.162541769999994,6.334930559999989,90,1,POWER,True
C_LDO_OUT,31.56253856999999,6.334930559999989,90,1,POWER,True
C_MCU1,56.08499110000001,43.450458839999996,0,1,DIGITAL,False
C_MCU_BULK,61.5,45.0,0,1,DIGITAL,False
C_MUX,25.742619040000008,60.2500062,90,1,BIAS,False
C_PWR,5.5,2.5,90,1,POWER,True
C_REF,42.61933884000001,42.43106102,0,1,BIAS,False
C_REFCAP_BULKA,33.349111,27.65679930000001,90,1,ADC,False
C_REFCAP_BULKB,33.34911100000001,32.15680046000001,180,1,ADC,False
C_REFIO_B,38.34911016,30.556797380000006,180,1,ADC,True
C_ROW_HF0,12.819339339999999,14.457861179999998,0,1,AFE,True
C_ROW_HF1,19.219339339999998,14.457861179999998,0,1,AFE,True
C_ROW_HF2,19.219339339999998,23.45786118,0,1,AFE,True
C_ROW_HF3,12.819339339999999,23.45786118,0,1,AFE,True
C_ROW_OP,16.01933934,13.657859079999998,0,1,AFE,False
C_RST,53.5,44.0,0,1,DIGITAL,True
C_TIA_HF0,12.818579880000001,39.59965068,0,1,AFE,True
C_TIA_HF1,19.21857988,39.59965068,0,1,AFE,True
C_TIA_HF2,19.21857988,48.59965068,0,1,AFE,True
C_TIA_HF3,12.818579880000001,48.59965068,0,1,AFE,True
C_TIA_OP,16.01857988,38.79965112,0,1,AFE,False
C_U13,55.10021116,40.14929028,0,1,DIGITAL,False
C_U14,67.49999462000001,42.14929028,0,1,DIGITAL,False
C_U15,63.85078877999999,32.450085079999994,0,1,DIGITAL,False
C_VCM_HF,34.71934014000001,41.93106064,0,1,BIAS,True
C_VEX_HF,36.519340140000004,50.93106064,0,1,BIAS,True
D_J3_1,64.25,15.0000051,90,1,EXTERNAL,True
D_J3_3,64.25,17.5000017,90,1,EXTERNAL,True
D_J3_4,64.25,19.9999983,90,1,EXTERNAL,True
D_J3_5,64.25,22.4999949,90,1,EXTERNAL,True
D_J4_1,66.16666666666667,45.5000034,90,1,EXTERNAL,True
D_J4_3,66.16666666666667,48.0,90,1,EXTERNAL,True
D_J4_4,66.16666666666667,50.4999966,90,1,EXTERNAL,True
D_ROW0,8.619338899999999,13.95786102,0,1,AFE,False
D_ROW1,23.419339779999994,13.95786102,0,1,AFE,False
D_ROW2,23.419339779999994,23.9578588,0,1,AFE,False
D_ROW3,8.619338899999999,23.9578588,0,1,AFE,False
D_TIA0,8.618579439999998,39.099650520000004,0,1,AFE,False
D_TIA1,23.418580320000004,39.099650520000004,0,1,AFE,False
D_TIA2,23.418580320000004,49.099650839999995,0,1,AFE,False
D_TIA3,8.618579439999998,49.099650839999995,0,1,AFE,False
D_VCM,28.619338900000002,41.93105948,0,1,BIAS,False
D_VEX,29.619339440000005,51.4310608,0,1,BIAS,True
J1,2.2699999999999996,2.5400000000000063,90,1,POWER,False
J2,6.0,30.299529999999997,90,1,AFE,False
J3,70.2500102,17.62,90,1,EXTERNAL,False
J4,70.2500102,50.0799492,90,1,EXTERNAL,False
RD_B1,39.91934404,49.43106022799999,90,1,BIAS,True
RD_B2,41.51934244,49.43106022799999,90,1,BIAS,True
RD_B3,43.11934084,49.43106022799999,90,1,BIAS,True
RD_B4,44.71933924,49.43106022799999,90,1,BIAS,True
RD_B5,46.31933764,49.43106022799999,90,1,BIAS,True
RD_B6,40.119340824000005,41.031062796,0,1,BIAS,True
RD_B7,40.119340824000005,42.631061196000005,0,1,BIAS,True
RD_B8,40.119340824000005,44.231059596,0,1,BIAS,True
RD_B9,40.119340824000005,45.831057996,0,1,BIAS,True
RD_TOP,40.119340824000005,47.431056396,0,1,BIAS,True
RF0,11.318579880000001,33.59965068,0,1,AFE,True
RF1,20.71857988,33.59965068,0,1,AFE,True
RF2,20.71857988,54.59965068,0,1,AFE,True
RF3,11.318579880000001,54.59965068,0,1,AFE,True
R_ADC0,40.4,11.799999999999999,180,1,ADC,True
R_ADC1,42.8,11.799999999999999,180,1,ADC,True
R_ADC2,45.2,11.799999999999999,180,1,ADC,True
R_ADC3,47.6,11.799999999999999,180,1,ADC,True
R_ADC_RESET_PD,44.5,13.0,0,1,ADC,True
R_COL_SENSE0,14.818579880000001,37.09965068,0,1,AFE,True
R_COL_SENSE1,17.21857988,37.09965068,0,1,AFE,True
R_COL_SENSE2,17.21857988,51.09965068,0,1,AFE,True
R_COL_SENSE3,14.818579880000001,51.09965068,0,1,AFE,True
R_CS_PU,62.75,47.1000024,0,1,DIGITAL,True
R_ENABLE_PD,62.75,48.7000008,0,1,DIGITAL,True
R_HW_PD,62.75,50.2999992,0,1,DIGITAL,True
R_ISO0,11.319339339999999,11.457861179999998,0,1,AFE,True
R_ISO1,20.719339339999998,11.457861179999998,0,1,AFE,True
R_ISO2,20.719339339999998,26.45786118,0,1,AFE,True
R_ISO3,11.319339339999999,26.45786118,0,1,AFE,True
R_J3_1,66.75,13.150004800000001,90,1,EXTERNAL,True
R_J3_3,66.75,15.5500016,90,1,EXTERNAL,True
R_J3_4,66.75,17.9499984,90,1,EXTERNAL,True
R_J3_5,66.75,20.3499952,90,1,EXTERNAL,True
R_J4_1,65.06666826666667,53.666666666666664,90,1,EXTERNAL,True
R_J4_3,66.66666666666667,53.666666666666664,90,1,EXTERNAL,True
R_J4_4,68.26666506666668,53.666666666666664,90,1,EXTERNAL,True
R_ROW_FB0,14.819339339999999,11.957861179999998,0,1,AFE,True
R_ROW_FB1,17.219339339999998,11.957861179999998,0,1,AFE,True
R_ROW_FB2,17.219339339999998,25.95786118,0,1,AFE,True
R_ROW_FB3,14.819339339999999,25.95786118,0,1,AFE,True
R_RST,62.75,51.8999976,0,1,DIGITAL,True
R_SEL_PD0,13.900004800000001,56.25,0,1,BIAS,True
R_SEL_PD1,16.3000016,56.25,0,1,BIAS,True
R_SEL_PD2,18.6999984,56.25,0,1,BIAS,True
R_SEL_PD3,21.0999952,56.25,0,1,BIAS,True
R_TIA_ISO0,11.318579880000001,36.59965068,0,1,AFE,True
R_TIA_ISO1,20.71857988,36.59965068,0,1,AFE,True
R_TIA_ISO2,20.71857988,51.59965068,0,1,AFE,True
R_TIA_ISO3,11.318579880000001,51.59965068,0,1,AFE,True
R_VCM_FB,32.619340140000006,42.43106064,90,1,BIAS,True
R_VCM_ISO,32.619340140000006,40.43106064,0,1,BIAS,True
R_VEX_FB,38.619340140000006,50.43106064,90,1,BIAS,True
R_VEX_ISO,38.619340140000006,52.43106064,0,1,BIAS,True
U1,16.01933934,18.95786118,0,1,AFE,False
U10,48.33437084,1.1999976000000032,0,1,POWER,False
U10_BLEED,56.9375112,5.375,90,1,POWER,True
U10_EN_G,54.562508,5.375,90,1,POWER,True
U10_EN_R,52.1875048,5.375,90,1,POWER,True
U10_IN_CAP,44.83436984000001,3.199996679999998,0,1,POWER,True
U10_OUT_CAP,52.83436984000001,3.199996679999998,0,1,POWER,True
U10_OV_B1,42.687492,5.375,90,1,POWER,True
U10_OV_B2,45.0624952,5.375,90,1,POWER,True
U10_OV_T,40.3124888,5.375,90,1,POWER,True
U10_PG_B,49.8125016,5.375,90,1,POWER,True
U10_PG_T,47.4374984,5.375,90,1,POWER,True
U11,47.94857932000001,47.59958893999999,0,1,EXTERNAL,False
U11_BOT,51.66666266666667,45.5,90,1,EXTERNAL,True
U11_CT_C,48.94857986000001,43.59958886,0,1,EXTERNAL,True
U11_SENSE_C,45.44857924,51.099590559999996,0,1,EXTERNAL,True
U11_TOP0,43.66667066666666,45.5,90,1,EXTERNAL,True
U11_TOP1,45.266669066666665,45.5,90,1,EXTERNAL,True
U11_TOP2,46.86666746666666,45.5,90,1,EXTERNAL,True
U11_TOP3,48.466665866666666,45.5,90,1,EXTERNAL,True
U11_TOP4,50.06666426666666,45.5,90,1,EXTERNAL,True
U11_VDD_C,47.94857932000001,54.59959017999998,0,1,EXTERNAL,False
U12,64.94859964,11.09970894,0,1,EXTERNAL,False
U12_BOT,64.3,9.799996799999999,0,1,EXTERNAL,True
U12_CT_C,62.448601100000005,5.099710779999995,90,1,EXTERNAL,True
U12_SENSE_C,62.44859955999999,13.599710560000005,0,1,EXTERNAL,True
U12_TOP0,64.3,3.4000031999999996,0,1,EXTERNAL,True
U12_TOP1,64.3,5.000001599999999,0,1,EXTERNAL,True
U12_TOP2,64.3,6.6,0,1,EXTERNAL,True
U12_TOP3,64.3,8.1999984,0,1,EXTERNAL,True
U12_VDD_C,61.94859964,18.099710179999988,90,1,EXTERNAL,True
U13,58.100210239999996,35.64928912,0,1,DIGITAL,False
U14,63.499995,37.64928912,0,1,DIGITAL,False
U15,63.85078877999999,29.450086,0,1,DIGITAL,False
U2,16.01857988,44.09965068,0,1,AFE,False
U3,35.619340140000006,46.43106064,0,1,BIAS,False
U4,20.742618880000002,60.2500062,90,1,BIAS,False
U5,44.34910932,22.15680014,270,1,ADC,False
U6,42.61933884000001,39.431059399999995,0,1,BIAS,False
U7,56.08499110000001,50.15046068,0,1,DIGITAL,False
U8,30.36253889999999,2.3349305599999894,0,1,POWER,False
U9,13.335311179999998,1.1999976000000032,0,1,POWER,False
U9_BLEED,24.8000714,6.25,90,1,POWER,True
U9_EN_G,21.500051,6.25,90,1,POWER,True
U9_EN_R,18.200030599999998,6.25,90,1,POWER,True
U9_IN_CAP,9.335309909999998,4.199996679999998,0,1,POWER,True
U9_OUT_CAP,17.33530991,4.199996679999998,0,1,POWER,True
U9_OV_B1,4.999948999999999,6.25,90,1,POWER,True
U9_OV_B2,8.2999694,6.25,90,1,POWER,True
U9_OV_T,1.6999285999999998,6.25,90,1,POWER,True
U9_PG_B,14.9000102,6.25,90,1,POWER,True
U9_PG_T,11.5999898,6.25,90,1,POWER,True
