name,kind,refs,axis,pitchMm,pitchXmm,pitchYmm,rotation,reason
TIA_HF,PIN_FACING_MIRROR_2_PLUS_2,"C_TIA_HF0,C_TIA_HF1,C_TIA_HF2,C_TIA_HF3",,,6.4,9,0,
ROW_HF,PIN_FACING_MIRROR_2_PLUS_2,"C_ROW_HF0,C_ROW_HF1,C_ROW_HF2,C_ROW_HF3",,,6.4,9,0,
TIA_ISO,PIN_FACING_MIRROR_2_PLUS_2,"R_TIA_ISO0,R_TIA_ISO1,R_TIA_ISO2,R_TIA_ISO3",,,9.4,15,0,
TIA_SENSE,PIN_FACING_MIRROR_2_PLUS_2,"R_COL_SENSE0,R_COL_SENSE1,R_COL_SENSE2,R_COL_SENSE3",,,2.4,14,0,
ROW_ISO,PIN_FACING_MIRROR_2_PLUS_2,"R_ISO0,R_ISO1,R_ISO2,R_ISO3",,,9.4,15,0,
ROW_FB,PIN_FACING_MIRROR_2_PLUS_2,"R_ROW_FB0,R_ROW_FB1,R_ROW_FB2,R_ROW_FB3",,,2.4,14,0,
TIA_RF,PIN_FACING_MIRROR_2_PLUS_2,"RF0,RF1,RF2,RF3",,,9.4,21,0,
TIA_CF,PIN_FACING_MIRROR_2_PLUS_2,"CF0,CF1,CF2,CF3",,,2.4,20,0,
ADC_INPUT_4X2,FOUR_CHANNEL_TWO_ROW,"C_ADC0,C_ADC1,C_ADC2,C_ADC3,R_ADC0,R_ADC1,R_ADC2,R_ADC3",,,2.4,2.4,180,
BIAS_HF_MIRROR,CENTRAL_POSITIONAL_MIRROR,"C_VCM_HF,C_VEX_HF",,,,,0,
BIAS_FB_MIRROR,CENTRAL_POSITIONAL_MIRROR,"R_VCM_FB,R_VEX_FB",,,,,90,
BIAS_ISO_MIRROR,CENTRAL_POSITIONAL_MIRROR,"R_VCM_ISO,R_VEX_ISO",,,,,0,
ADC_AVDD9,PIN_FORCED_BASELINE,"C_AVDD9_HF,C_AVDD9A,C_AVDD9B,C_ADCA2",,,,,,Exact closest cap pin limits prevent full bank at finite templates
ADC_AVDD30,PIN_FORCED_BASELINE,"C_AVDD30_HF,C_AVDD30A,C_AVDD30B,C_ADCA1",,,,,,Exact closest cap pin limits prevent full bank at finite templates
ADC_REFCAP,PIN_FORCED_BASELINE,"C_ADC_REFCAP,C_REFCAP_BULKA,C_REFCAP_BULKB",,,,,,Exact closest cap pin limits prevent full bank at finite templates
ADC_REFIO,EQUAL_PITCH_ROW,"C_ADC_REFIO,C_REFIO_B",y,3.299995,,,180,
ADC_DVDD,EQUAL_PITCH_ROW,"C_ADCD,C_DVDD34A,C_DVDD34B",x,3.299995,,,90,
LDO_CAPS,EQUAL_PITCH_ROW,"C_LDO_IN,C_LDO_OUT",x,2.3999968,,,90,
U9_CAPS,EQUAL_PITCH_ROW,"U9_IN_CAP,U9_OUT_CAP",x,8,,,0,
U10_CAPS,EQUAL_PITCH_ROW,"U10_IN_CAP,U10_OUT_CAP",x,8,,,0,
DIVIDER_BANK_0,EQUAL_PITCH_ROW,"RD_B1,RD_B2,RD_B3,RD_B4,RD_B5",x,1.5999984,,,90,
DIVIDER_BANK_1,EQUAL_PITCH_ROW,"RD_B6,RD_B7,RD_B8,RD_B9,RD_TOP",y,1.5999984,,,0,
MUX_PULLS,EQUAL_PITCH_ROW,"R_SEL_PD0,R_SEL_PD1,R_SEL_PD2,R_SEL_PD3",x,2.3999968,,,0,
POWER5_CONTROL,EQUAL_PITCH_ROW,"U9_OV_T,U9_OV_B1,U9_OV_B2,U9_PG_T,U9_PG_B,U9_EN_R,U9_EN_G,U9_BLEED",x,3.3000204,,,90,
POWER3_CONTROL,EQUAL_PITCH_ROW,"U10_OV_T,U10_OV_B1,U10_OV_B2,U10_PG_T,U10_PG_B,U10_EN_R,U10_EN_G,U10_BLEED",x,2.3750032,,,90,
SUPERVISOR5_DIVIDER,EQUAL_PITCH_ROW,"U11_TOP0,U11_TOP1,U11_TOP2,U11_TOP3,U11_TOP4,U11_BOT",x,1.5999984,,,90,
SUPERVISOR3_DIVIDER,EQUAL_PITCH_ROW,"U12_TOP0,U12_TOP1,U12_TOP2,U12_TOP3,U12_BOT",y,1.5999984,,,0,
J3_RESISTORS,EQUAL_PITCH_ROW,"R_J3_1,R_J3_3,R_J3_4,R_J3_5",y,2.3999968,,,90,
J3_DIODES,EQUAL_PITCH_ROW,"D_J3_1,D_J3_3,D_J3_4,D_J3_5",y,2.4999966000000002,,,90,
J4_RESISTORS,EQUAL_PITCH_ROW,"R_J4_1,R_J4_3,R_J4_4",x,1.5999984,,,90,
J4_DIODES,EQUAL_PITCH_ROW,"D_J4_1,D_J4_3,D_J4_4",y,2.4999966000000002,,,90,
DIGITAL_PULLS,EQUAL_PITCH_ROW,"R_CS_PU,R_ENABLE_PD,R_HW_PD,R_RST",y,1.5999984,,,0,
LOCAL_C_DIV,EQUAL_PITCH_ROW,C_DIV,x,0,,,0,
LOCAL_C_MCU_BULK,EQUAL_PITCH_ROW,C_MCU_BULK,x,0,,,0,
LOCAL_C_PWR,EQUAL_PITCH_ROW,C_PWR,x,0,,,90,
LOCAL_C_RST,EQUAL_PITCH_ROW,C_RST,x,0,,,0,
LOCAL_C_U13,EQUAL_PITCH_ROW,C_U13,x,0,,,0,
LOCAL_C_U14,EQUAL_PITCH_ROW,C_U14,x,0,,,0,
LOCAL_C_U15,EQUAL_PITCH_ROW,C_U15,x,0,,,0,
LOCAL_D_ROW0,EQUAL_PITCH_ROW,D_ROW0,x,0,,,0,
LOCAL_D_ROW1,EQUAL_PITCH_ROW,D_ROW1,x,0,,,0,
LOCAL_D_ROW2,EQUAL_PITCH_ROW,D_ROW2,x,0,,,0,
LOCAL_D_ROW3,EQUAL_PITCH_ROW,D_ROW3,x,0,,,0,
LOCAL_D_TIA0,EQUAL_PITCH_ROW,D_TIA0,x,0,,,0,
LOCAL_D_TIA1,EQUAL_PITCH_ROW,D_TIA1,x,0,,,0,
LOCAL_D_TIA2,EQUAL_PITCH_ROW,D_TIA2,x,0,,,0,
LOCAL_D_TIA3,EQUAL_PITCH_ROW,D_TIA3,x,0,,,0,
LOCAL_D_VCM,EQUAL_PITCH_ROW,D_VCM,x,0,,,0,
LOCAL_D_VEX,EQUAL_PITCH_ROW,D_VEX,x,0,,,0,
LOCAL_R_ADC_RESET_PD,EQUAL_PITCH_ROW,R_ADC_RESET_PD,x,0,,,0,
LOCAL_U11_CT_C,EQUAL_PITCH_ROW,U11_CT_C,x,0,,,0,
LOCAL_U11_SENSE_C,EQUAL_PITCH_ROW,U11_SENSE_C,x,0,,,0,
LOCAL_U11_VDD_C,EQUAL_PITCH_ROW,U11_VDD_C,x,0,,,0,
LOCAL_U12_CT_C,EQUAL_PITCH_ROW,U12_CT_C,x,0,,,90,
LOCAL_U12_SENSE_C,EQUAL_PITCH_ROW,U12_SENSE_C,x,0,,,0,
LOCAL_U12_VDD_C,EQUAL_PITCH_ROW,U12_VDD_C,x,0,,,90,
