pin,expected,actual,pass_
J1-1,V5,V5,True
J1-2,GND,GND,True
U6-1,V5,V5,True
U6-2,REF_2V5,REF_2V5,True
U6-3,GND,GND,True
U8-1,V5,V5,True
U8-2,GND,GND,True
U8-3,V5,V5,True
U8-5,V3V3,V3V3,True
U3-1,VCM,VCM,True
U3-2,VCM,VCM,True
U3-3,REF_2V5,REF_2V5,True
U3-4,GND,GND,True
U3-5,DIV_2V25,DIV_2V25,True
U3-6,VEXC,VEXC,True
U3-7,VEXC,VEXC,True
U3-8,V5,V5,True
RD_TOP-1,VCM,VCM,True
RD_TOP-2,DIV_2V25,DIV_2V25,True
RD_B1-1,DIV_2V25,DIV_2V25,True
RD_B1-2,DIV_SEG1,DIV_SEG1,True
RD_B2-1,DIV_SEG1,DIV_SEG1,True
RD_B2-2,DIV_SEG2,DIV_SEG2,True
RD_B3-1,DIV_SEG2,DIV_SEG2,True
RD_B3-2,DIV_SEG3,DIV_SEG3,True
RD_B4-1,DIV_SEG3,DIV_SEG3,True
RD_B4-2,DIV_SEG4,DIV_SEG4,True
RD_B5-1,DIV_SEG4,DIV_SEG4,True
RD_B5-2,DIV_SEG5,DIV_SEG5,True
RD_B6-1,DIV_SEG5,DIV_SEG5,True
RD_B6-2,DIV_SEG6,DIV_SEG6,True
RD_B7-1,DIV_SEG6,DIV_SEG6,True
RD_B7-2,DIV_SEG7,DIV_SEG7,True
RD_B8-1,DIV_SEG7,DIV_SEG7,True
RD_B8-2,DIV_SEG8,DIV_SEG8,True
RD_B9-1,DIV_SEG8,DIV_SEG8,True
RD_B9-2,GND,GND,True
C_DIV-1,DIV_2V25,DIV_2V25,True
C_DIV-2,GND,GND,True
C_PWR-1,V5,V5,True
C_PWR-2,GND,GND,True
C_REF-1,V5,V5,True
C_REF-2,GND,GND,True
C_BUF-1,V5,V5,True
C_BUF-2,GND,GND,True
C_LDO_IN-1,V5,V5,True
C_LDO_IN-2,GND,GND,True
C_LDO_OUT-1,V3V3,V3V3,True
C_LDO_OUT-2,GND,GND,True
U4-1,ROW_SEL0,ROW_SEL0,True
U4-2,VEXC,VEXC,True
U4-3,ROW_CMD0,ROW_CMD0,True
U4-4,VCM,VCM,True
U4-5,GND,GND,True
U4-6,GND,GND,True
U4-7,VCM,VCM,True
U4-8,ROW_CMD1,ROW_CMD1,True
U4-9,VEXC,VEXC,True
U4-10,ROW_SEL1,ROW_SEL1,True
U4-11,ROW_SEL2,ROW_SEL2,True
U4-12,VEXC,VEXC,True
U4-13,ROW_CMD2,ROW_CMD2,True
U4-14,VCM,VCM,True
U4-16,V5,V5,True
U4-17,VCM,VCM,True
U4-18,ROW_CMD3,ROW_CMD3,True
U4-19,VEXC,VEXC,True
U4-20,ROW_SEL3,ROW_SEL3,True
U1-4,V5,V5,True
U1-11,GND,GND,True
U1-1,ROW_DRV0,ROW_DRV0,True
U1-2,ROW_FB0,ROW_FB0,True
U1-3,ROW_CMD0,ROW_CMD0,True
U1-7,ROW_DRV1,ROW_DRV1,True
U1-6,ROW_FB1,ROW_FB1,True
U1-5,ROW_CMD1,ROW_CMD1,True
U1-8,ROW_DRV2,ROW_DRV2,True
U1-9,ROW_FB2,ROW_FB2,True
U1-10,ROW_CMD2,ROW_CMD2,True
U1-14,ROW_DRV3,ROW_DRV3,True
U1-13,ROW_FB3,ROW_FB3,True
U1-12,ROW_CMD3,ROW_CMD3,True
R_ISO0-1,ROW_DRV0,ROW_DRV0,True
R_ISO0-2,ROW0,ROW0,True
R_ROW_FB0-1,ROW0,ROW0,True
R_ROW_FB0-2,ROW_FB0,ROW_FB0,True
C_ROW_HF0-1,ROW_DRV0,ROW_DRV0,True
C_ROW_HF0-2,ROW_FB0,ROW_FB0,True
R_SEL_PD0-1,ROW_SEL0,ROW_SEL0,True
R_SEL_PD0-2,GND,GND,True
R_ISO1-1,ROW_DRV1,ROW_DRV1,True
R_ISO1-2,ROW1,ROW1,True
R_ROW_FB1-1,ROW1,ROW1,True
R_ROW_FB1-2,ROW_FB1,ROW_FB1,True
C_ROW_HF1-1,ROW_DRV1,ROW_DRV1,True
C_ROW_HF1-2,ROW_FB1,ROW_FB1,True
R_SEL_PD1-1,ROW_SEL1,ROW_SEL1,True
R_SEL_PD1-2,GND,GND,True
R_ISO2-1,ROW_DRV2,ROW_DRV2,True
R_ISO2-2,ROW2,ROW2,True
R_ROW_FB2-1,ROW2,ROW2,True
R_ROW_FB2-2,ROW_FB2,ROW_FB2,True
C_ROW_HF2-1,ROW_DRV2,ROW_DRV2,True
C_ROW_HF2-2,ROW_FB2,ROW_FB2,True
R_SEL_PD2-1,ROW_SEL2,ROW_SEL2,True
R_SEL_PD2-2,GND,GND,True
R_ISO3-1,ROW_DRV3,ROW_DRV3,True
R_ISO3-2,ROW3,ROW3,True
R_ROW_FB3-1,ROW3,ROW3,True
R_ROW_FB3-2,ROW_FB3,ROW_FB3,True
C_ROW_HF3-1,ROW_DRV3,ROW_DRV3,True
C_ROW_HF3-2,ROW_FB3,ROW_FB3,True
R_SEL_PD3-1,ROW_SEL3,ROW_SEL3,True
R_SEL_PD3-2,GND,GND,True
C_ROW_OP-1,V5,V5,True
C_ROW_OP-2,GND,GND,True
C_MUX-1,V5,V5,True
C_MUX-2,GND,GND,True
J2-1,ROW0,ROW0,True
J2-2,ROW1,ROW1,True
J2-3,ROW2,ROW2,True
J2-4,ROW3,ROW3,True
J2-5,COL0,COL0,True
J2-6,COL1,COL1,True
J2-7,COL2,COL2,True
J2-8,COL3,COL3,True
U2-4,V5,V5,True
U2-11,GND,GND,True
U2-1,TIA0,TIA0,True
U2-2,COL_SENSE0,COL_SENSE0,True
U2-3,VCM,VCM,True
U2-7,TIA1,TIA1,True
U2-6,COL_SENSE1,COL_SENSE1,True
U2-5,VCM,VCM,True
U2-8,TIA2,TIA2,True
U2-9,COL_SENSE2,COL_SENSE2,True
U2-10,VCM,VCM,True
U2-14,TIA3,TIA3,True
U2-13,COL_SENSE3,COL_SENSE3,True
U2-12,VCM,VCM,True
R_COL_SENSE0-1,COL0,COL0,True
R_COL_SENSE0-2,COL_SENSE0,COL_SENSE0,True
RF0-1,TIA0,TIA0,True
RF0-2,COL0,COL0,True
CF0-1,TIA0,TIA0,True
CF0-2,COL0,COL0,True
R_ADC0-1,TIA0,TIA0,True
R_ADC0-2,ADC_IN0,ADC_IN0,True
C_ADC0-1,ADC_IN0,ADC_IN0,True
C_ADC0-2,GND,GND,True
R_COL_SENSE1-1,COL1,COL1,True
R_COL_SENSE1-2,COL_SENSE1,COL_SENSE1,True
RF1-1,TIA1,TIA1,True
RF1-2,COL1,COL1,True
CF1-1,TIA1,TIA1,True
CF1-2,COL1,COL1,True
R_ADC1-1,TIA1,TIA1,True
R_ADC1-2,ADC_IN1,ADC_IN1,True
C_ADC1-1,ADC_IN1,ADC_IN1,True
C_ADC1-2,GND,GND,True
R_COL_SENSE2-1,COL2,COL2,True
R_COL_SENSE2-2,COL_SENSE2,COL_SENSE2,True
RF2-1,TIA2,TIA2,True
RF2-2,COL2,COL2,True
CF2-1,TIA2,TIA2,True
CF2-2,COL2,COL2,True
R_ADC2-1,TIA2,TIA2,True
R_ADC2-2,ADC_IN2,ADC_IN2,True
C_ADC2-1,ADC_IN2,ADC_IN2,True
C_ADC2-2,GND,GND,True
R_COL_SENSE3-1,COL3,COL3,True
R_COL_SENSE3-2,COL_SENSE3,COL_SENSE3,True
RF3-1,TIA3,TIA3,True
RF3-2,COL3,COL3,True
CF3-1,TIA3,TIA3,True
CF3-2,COL3,COL3,True
R_ADC3-1,TIA3,TIA3,True
R_ADC3-2,ADC_IN3,ADC_IN3,True
C_ADC3-1,ADC_IN3,ADC_IN3,True
C_ADC3-2,GND,GND,True
C_TIA_OP-1,V5,V5,True
C_TIA_OP-2,GND,GND,True
U5-1,SPI_MOSI,SPI_MOSI,True
U5-2,ADC_RESET_N,ADC_RESET_N,True
U5-3,GND,GND,True
U5-4,GND,GND,True
U5-5,ADC_REFIO,ADC_REFIO,True
U5-6,GND,GND,True
U5-7,ADC_REFCAP,ADC_REFCAP,True
U5-8,GND,GND,True
U5-9,V5,V5,True
U5-10,GND,GND,True
U5-11,GND,GND,True
U5-16,ADC_IN0,ADC_IN0,True
U5-17,GND,GND,True
U5-18,ADC_IN1,ADC_IN1,True
U5-19,GND,GND,True
U5-20,GND,GND,True
U5-21,ADC_IN2,ADC_IN2,True
U5-22,GND,GND,True
U5-23,ADC_IN3,ADC_IN3,True
U5-28,GND,GND,True
U5-29,GND,GND,True
U5-30,V5,V5,True
U5-31,GND,GND,True
U5-32,GND,GND,True
U5-33,GND,GND,True
U5-34,V3V3,V3V3,True
U5-36,SPI_MISO,SPI_MISO,True
U5-37,SPI_SCLK,SPI_SCLK,True
U5-38,ADC_CS_N,ADC_CS_N,True
U7-4,V3V3,V3V3,True
U7-5,GND,GND,True
U7-6,MCU_NRST,MCU_NRST,True
U7-7,ROW_SEL0,ROW_SEL0,True
U7-8,ROW_SEL1,ROW_SEL1,True
U7-9,ROW_SEL2,ROW_SEL2,True
U7-10,ROW_SEL3,ROW_SEL3,True
U7-11,ADC_CS_N,ADC_CS_N,True
U7-12,SPI_SCLK,SPI_SCLK,True
U7-13,SPI_MISO,SPI_MISO,True
U7-14,SPI_MOSI,SPI_MOSI,True
U7-15,ADC_RESET_N,ADC_RESET_N,True
U7-19,UART_TX,UART_TX,True
U7-21,UART_RX,UART_RX,True
U7-24,SWDIO,SWDIO,True
U7-25,SWCLK,SWCLK,True
J3-1,V3V3,V3V3,True
J3-2,GND,GND,True
J3-3,SWDIO,SWDIO,True
J3-4,SWCLK,SWCLK,True
J3-5,MCU_NRST,MCU_NRST,True
J4-1,V3V3,V3V3,True
J4-2,GND,GND,True
J4-3,UART_TX,UART_TX,True
J4-4,UART_RX,UART_RX,True
R_RST-1,V3V3,V3V3,True
R_RST-2,MCU_NRST,MCU_NRST,True
C_RST-1,MCU_NRST,MCU_NRST,True
C_RST-2,GND,GND,True
R_CS_PU-1,V3V3,V3V3,True
R_CS_PU-2,ADC_CS_N,ADC_CS_N,True
R_ADC_RESET_PD-1,ADC_RESET_N,ADC_RESET_N,True
R_ADC_RESET_PD-2,GND,GND,True
C_ADC_REFIO-1,ADC_REFIO,ADC_REFIO,True
C_ADC_REFIO-2,GND,GND,True
C_ADC_REFCAP-1,ADC_REFCAP,ADC_REFCAP,True
C_ADC_REFCAP-2,GND,GND,True
C_ADCA1-1,V5,V5,True
C_ADCA1-2,GND,GND,True
C_ADCA2-1,V5,V5,True
C_ADCA2-2,GND,GND,True
C_ADCD-1,V3V3,V3V3,True
C_ADCD-2,GND,GND,True
C_MCU1-1,V3V3,V3V3,True
C_MCU1-2,GND,GND,True
C_MCU_BULK-1,V3V3,V3V3,True
C_MCU_BULK-2,GND,GND,True
